[
{
    "model": "auth.user",
    "pk": 1,
    "fields": {
        "password": "pbkdf2_sha256$216000$pRneCAm3jo5x$pI3qcpNTVAlpzOhYqodcqekMbpHf0wiy7Yer+gjcMyU=",
        "last_login": "2021-01-19T00:00:00Z",
        "is_superuser": true,
        "username": "admin",
        "first_name": "",
        "last_name": "",
        "email": "",
        "is_staff": true,
        "is_active": true,
        "date_joined": "2021-01-19T00:00:00Z",
        "groups": [],
        "user_permissions": []
    }
},
{
    "model": "spec.datatype",
    "pk": 1,
    "fields": {
        "name": "Time signature",
        "slug": "time-signature",
        "description": "",
        "is_featured": false
    }
},
{
    "model": "spec.datatype",
    "pk": 2,
    "fields": {
        "name": "Clef sign",
        "slug": "clef-sign",
        "description": "",
        "is_featured": true
    }
},
{
    "model": "spec.datatype",
    "pk": 3,
    "fields": {
        "name": "Staff line",
        "slug": "staff-line",
        "description": "",
        "is_featured": false
    }
},
{
    "model": "spec.datatype",
    "pk": 4,
    "fields": {
        "name": "Rhythmic duration",
        "slug": "rhythmic-duration",
        "description": "",
        "is_featured": false
    }
},
{
    "model": "spec.datatype",
    "pk": 5,
    "fields": {
        "name": "Chromatic pitch",
        "slug": "chromatic-pitch",
        "description": "",
        "is_featured": true
    }
},
{
    "model": "spec.datatype",
    "pk": 6,
    "fields": {
        "name": "Accidental",
        "slug": "accidental",
        "description": "",
        "is_featured": false
    }
},
{
    "model": "spec.datatype",
    "pk": 7,
    "fields": {
        "name": "Note ID",
        "slug": "note-id",
        "description": "",
        "is_featured": false
    }
},
{
    "model": "spec.datatype",
    "pk": 8,
    "fields": {
        "name": "Event ID",
        "slug": "event-id",
        "description": "",
        "is_featured": false
    }
},
{
    "model": "spec.datatype",
    "pk": 9,
    "fields": {
        "name": "Event ID list",
        "slug": "event-id-list",
        "description": "",
        "is_featured": false
    }
},
{
    "model": "spec.datatype",
    "pk": 10,
    "fields": {
        "name": "Beam hook direction",
        "slug": "beam-hook-direction",
        "description": "",
        "is_featured": false
    }
},
{
    "model": "spec.datatype",
    "pk": 11,
    "fields": {
        "name": "Note value quantity",
        "slug": "note-value-quantity",
        "description": "",
        "is_featured": true
    }
},
{
    "model": "spec.datatype",
    "pk": 12,
    "fields": {
        "name": "Octave shift type",
        "slug": "octave-shift-type",
        "description": "",
        "is_featured": false
    }
},
{
    "model": "spec.datatype",
    "pk": 13,
    "fields": {
        "name": "Measure location",
        "slug": "measure-location",
        "description": "",
        "is_featured": false
    }
},
{
    "model": "spec.datatype",
    "pk": 14,
    "fields": {
        "name": "Slur side",
        "slug": "slur-side",
        "description": "",
        "is_featured": false
    }
},
{
    "model": "spec.datatype",
    "pk": 15,
    "fields": {
        "name": "Slur end location",
        "slug": "slur-end-location",
        "description": "",
        "is_featured": false
    }
},
{
    "model": "spec.datatype",
    "pk": 16,
    "fields": {
        "name": "Line type",
        "slug": "line-type",
        "description": "",
        "is_featured": false
    }
},
{
    "model": "spec.datatype",
    "pk": 17,
    "fields": {
        "name": "Repeat type",
        "slug": "repeat-type",
        "description": "",
        "is_featured": false
    }
},
{
    "model": "spec.datatype",
    "pk": 18,
    "fields": {
        "name": "Repeat times",
        "slug": "repeat-times",
        "description": "",
        "is_featured": false
    }
},
{
    "model": "spec.datatype",
    "pk": 19,
    "fields": {
        "name": "Ending type",
        "slug": "ending-type",
        "description": "",
        "is_featured": false
    }
},
{
    "model": "spec.datatype",
    "pk": 20,
    "fields": {
        "name": "Ending number",
        "slug": "ending-number",
        "description": "",
        "is_featured": false
    }
},
{
    "model": "spec.datatype",
    "pk": 21,
    "fields": {
        "name": "Jump type",
        "slug": "jump-type",
        "description": "",
        "is_featured": false
    }
},
{
    "model": "spec.concept",
    "pk": 1,
    "fields": {
        "name": "Beams",
        "slug": "beams",
        "description": "",
        "is_featured": true
    }
},
{
    "model": "spec.concept",
    "pk": 2,
    "fields": {
        "name": "Repeats",
        "slug": "repeats",
        "description": "",
        "is_featured": true
    }
},
{
    "model": "spec.concept",
    "pk": 3,
    "fields": {
        "name": "Slurs",
        "slug": "slurs",
        "description": "",
        "is_featured": true
    }
},
{
    "model": "spec.concept",
    "pk": 4,
    "fields": {
        "name": "Jumps",
        "slug": "jumps",
        "description": "",
        "is_featured": false
    }
},
{
    "model": "spec.xmlelement",
    "pk": 1,
    "fields": {
        "name": "mnx",
        "slug": "mnx",
        "description": "",
        "is_featured": false
    }
},
{
    "model": "spec.xmlelement",
    "pk": 2,
    "fields": {
        "name": "global",
        "slug": "global",
        "description": "",
        "is_featured": false
    }
},
{
    "model": "spec.xmlelement",
    "pk": 3,
    "fields": {
        "name": "measure",
        "slug": "measure-global",
        "description": "",
        "is_featured": false
    }
},
{
    "model": "spec.xmlelement",
    "pk": 4,
    "fields": {
        "name": "directions",
        "slug": "directions-part",
        "description": "",
        "is_featured": false
    }
},
{
    "model": "spec.xmlelement",
    "pk": 5,
    "fields": {
        "name": "time",
        "slug": "time",
        "description": "",
        "is_featured": false
    }
},
{
    "model": "spec.xmlelement",
    "pk": 6,
    "fields": {
        "name": "part",
        "slug": "part",
        "description": "",
        "is_featured": false
    }
},
{
    "model": "spec.xmlelement",
    "pk": 7,
    "fields": {
        "name": "part-name",
        "slug": "part-name",
        "description": "",
        "is_featured": false
    }
},
{
    "model": "spec.xmlelement",
    "pk": 8,
    "fields": {
        "name": "measure",
        "slug": "measure-part",
        "description": "",
        "is_featured": false
    }
},
{
    "model": "spec.xmlelement",
    "pk": 9,
    "fields": {
        "name": "clef",
        "slug": "clef",
        "description": "",
        "is_featured": false
    }
},
{
    "model": "spec.xmlelement",
    "pk": 10,
    "fields": {
        "name": "sequence",
        "slug": "sequence",
        "description": "",
        "is_featured": true
    }
},
{
    "model": "spec.xmlelement",
    "pk": 11,
    "fields": {
        "name": "event",
        "slug": "event",
        "description": "",
        "is_featured": true
    }
},
{
    "model": "spec.xmlelement",
    "pk": 12,
    "fields": {
        "name": "note",
        "slug": "note",
        "description": "",
        "is_featured": true
    }
},
{
    "model": "spec.xmlelement",
    "pk": 13,
    "fields": {
        "name": "rest",
        "slug": "rest",
        "description": "",
        "is_featured": false
    }
},
{
    "model": "spec.xmlelement",
    "pk": 14,
    "fields": {
        "name": "tied",
        "slug": "tied",
        "description": "",
        "is_featured": false
    }
},
{
    "model": "spec.xmlelement",
    "pk": 15,
    "fields": {
        "name": "beams",
        "slug": "beams",
        "description": "",
        "is_featured": false
    }
},
{
    "model": "spec.xmlelement",
    "pk": 16,
    "fields": {
        "name": "beam",
        "slug": "beam",
        "description": "",
        "is_featured": false
    }
},
{
    "model": "spec.xmlelement",
    "pk": 17,
    "fields": {
        "name": "beam-hook",
        "slug": "beam-hook",
        "description": "",
        "is_featured": false
    }
},
{
    "model": "spec.xmlelement",
    "pk": 18,
    "fields": {
        "name": "tuplet",
        "slug": "tuplet",
        "description": "",
        "is_featured": false
    }
},
{
    "model": "spec.xmlelement",
    "pk": 19,
    "fields": {
        "name": "octave-shift",
        "slug": "octave-shift",
        "description": "",
        "is_featured": false
    }
},
{
    "model": "spec.xmlelement",
    "pk": 20,
    "fields": {
        "name": "directions",
        "slug": "directions-global",
        "description": "",
        "is_featured": false
    }
},
{
    "model": "spec.xmlelement",
    "pk": 21,
    "fields": {
        "name": "slur",
        "slug": "slur",
        "description": "",
        "is_featured": false
    }
},
{
    "model": "spec.xmlelement",
    "pk": 22,
    "fields": {
        "name": "repeat",
        "slug": "repeat",
        "description": "",
        "is_featured": false
    }
},
{
    "model": "spec.xmlelement",
    "pk": 23,
    "fields": {
        "name": "ending",
        "slug": "ending",
        "description": "",
        "is_featured": false
    }
},
{
    "model": "spec.xmlelement",
    "pk": 24,
    "fields": {
        "name": "segno",
        "slug": "segno",
        "description": "",
        "is_featured": false
    }
},
{
    "model": "spec.xmlelement",
    "pk": 25,
    "fields": {
        "name": "jump",
        "slug": "jump",
        "description": "",
        "is_featured": false
    }
},
{
    "model": "spec.xmlelement",
    "pk": 26,
    "fields": {
        "name": "fine",
        "slug": "fine",
        "description": "",
        "is_featured": false
    }
},
{
    "model": "spec.xmlattribute",
    "pk": 1,
    "fields": {
        "element": 5,
        "name": "signature",
        "is_required": true,
        "description": "",
        "data_type": 1
    }
},
{
    "model": "spec.xmlattribute",
    "pk": 2,
    "fields": {
        "element": 9,
        "name": "sign",
        "is_required": true,
        "description": "",
        "data_type": 2
    }
},
{
    "model": "spec.xmlattribute",
    "pk": 3,
    "fields": {
        "element": 9,
        "name": "line",
        "is_required": true,
        "description": "",
        "data_type": 3
    }
},
{
    "model": "spec.xmlattribute",
    "pk": 4,
    "fields": {
        "element": 11,
        "name": "value",
        "is_required": false,
        "description": "",
        "data_type": 4
    }
},
{
    "model": "spec.xmlattribute",
    "pk": 5,
    "fields": {
        "element": 12,
        "name": "pitch",
        "is_required": false,
        "description": "",
        "data_type": 5
    }
},
{
    "model": "spec.xmlattribute",
    "pk": 6,
    "fields": {
        "element": 12,
        "name": "accidental",
        "is_required": false,
        "description": "",
        "data_type": 6
    }
},
{
    "model": "spec.xmlattribute",
    "pk": 7,
    "fields": {
        "element": 14,
        "name": "target",
        "is_required": true,
        "description": "",
        "data_type": 7
    }
},
{
    "model": "spec.xmlattribute",
    "pk": 8,
    "fields": {
        "element": 12,
        "name": "id",
        "is_required": false,
        "description": "",
        "data_type": 7
    }
},
{
    "model": "spec.xmlattribute",
    "pk": 9,
    "fields": {
        "element": 11,
        "name": "id",
        "is_required": false,
        "description": "",
        "data_type": 8
    }
},
{
    "model": "spec.xmlattribute",
    "pk": 10,
    "fields": {
        "element": 16,
        "name": "events",
        "is_required": false,
        "description": "",
        "data_type": 9
    }
},
{
    "model": "spec.xmlattribute",
    "pk": 11,
    "fields": {
        "element": 17,
        "name": "event",
        "is_required": true,
        "description": "",
        "data_type": 8
    }
},
{
    "model": "spec.xmlattribute",
    "pk": 12,
    "fields": {
        "element": 17,
        "name": "direction",
        "is_required": false,
        "description": "",
        "data_type": 10
    }
},
{
    "model": "spec.xmlattribute",
    "pk": 13,
    "fields": {
        "element": 18,
        "name": "inner",
        "is_required": true,
        "description": "",
        "data_type": 11
    }
},
{
    "model": "spec.xmlattribute",
    "pk": 14,
    "fields": {
        "element": 18,
        "name": "outer",
        "is_required": true,
        "description": "",
        "data_type": 11
    }
},
{
    "model": "spec.xmlattribute",
    "pk": 15,
    "fields": {
        "element": 19,
        "name": "type",
        "is_required": true,
        "description": "",
        "data_type": 12
    }
},
{
    "model": "spec.xmlattribute",
    "pk": 16,
    "fields": {
        "element": 19,
        "name": "end",
        "is_required": true,
        "description": "",
        "data_type": 13
    }
},
{
    "model": "spec.xmlattribute",
    "pk": 17,
    "fields": {
        "element": 21,
        "name": "side",
        "is_required": false,
        "description": "",
        "data_type": 14
    }
},
{
    "model": "spec.xmlattribute",
    "pk": 18,
    "fields": {
        "element": 21,
        "name": "target",
        "is_required": false,
        "description": "",
        "data_type": 8
    }
},
{
    "model": "spec.xmlattribute",
    "pk": 19,
    "fields": {
        "element": 21,
        "name": "location",
        "is_required": false,
        "description": "",
        "data_type": 15
    }
},
{
    "model": "spec.xmlattribute",
    "pk": 20,
    "fields": {
        "element": 21,
        "name": "start-note",
        "is_required": false,
        "description": "",
        "data_type": 7
    }
},
{
    "model": "spec.xmlattribute",
    "pk": 21,
    "fields": {
        "element": 21,
        "name": "end-note",
        "is_required": false,
        "description": "",
        "data_type": 7
    }
},
{
    "model": "spec.xmlattribute",
    "pk": 22,
    "fields": {
        "element": 21,
        "name": "line-type",
        "is_required": false,
        "description": "",
        "data_type": 16
    }
},
{
    "model": "spec.xmlattribute",
    "pk": 23,
    "fields": {
        "element": 21,
        "name": "side-end",
        "is_required": false,
        "description": "",
        "data_type": 14
    }
},
{
    "model": "spec.xmlattribute",
    "pk": 24,
    "fields": {
        "element": 22,
        "name": "type",
        "is_required": true,
        "description": "",
        "data_type": 17
    }
},
{
    "model": "spec.xmlattribute",
    "pk": 25,
    "fields": {
        "element": 22,
        "name": "times",
        "is_required": false,
        "description": "",
        "data_type": 18
    }
},
{
    "model": "spec.xmlattribute",
    "pk": 26,
    "fields": {
        "element": 23,
        "name": "type",
        "is_required": true,
        "description": "",
        "data_type": 19
    }
},
{
    "model": "spec.xmlattribute",
    "pk": 27,
    "fields": {
        "element": 23,
        "name": "number",
        "is_required": false,
        "description": "",
        "data_type": 20
    }
},
{
    "model": "spec.xmlattribute",
    "pk": 28,
    "fields": {
        "element": 25,
        "name": "type",
        "is_required": true,
        "description": "",
        "data_type": 21
    }
},
{
    "model": "spec.xmlrelationship",
    "pk": 1,
    "fields": {
        "parent": 1,
        "child": 2,
        "min_amount": 1,
        "max_amount": 1
    }
},
{
    "model": "spec.xmlrelationship",
    "pk": 2,
    "fields": {
        "parent": 2,
        "child": 3,
        "min_amount": 1,
        "max_amount": null
    }
},
{
    "model": "spec.xmlrelationship",
    "pk": 3,
    "fields": {
        "parent": 3,
        "child": 20,
        "min_amount": 0,
        "max_amount": null
    }
},
{
    "model": "spec.xmlrelationship",
    "pk": 4,
    "fields": {
        "parent": 4,
        "child": 5,
        "min_amount": 0,
        "max_amount": 1
    }
},
{
    "model": "spec.xmlrelationship",
    "pk": 5,
    "fields": {
        "parent": 1,
        "child": 6,
        "min_amount": 1,
        "max_amount": null
    }
},
{
    "model": "spec.xmlrelationship",
    "pk": 6,
    "fields": {
        "parent": 6,
        "child": 7,
        "min_amount": 0,
        "max_amount": 1
    }
},
{
    "model": "spec.xmlrelationship",
    "pk": 7,
    "fields": {
        "parent": 8,
        "child": 4,
        "min_amount": 0,
        "max_amount": 1
    }
},
{
    "model": "spec.xmlrelationship",
    "pk": 8,
    "fields": {
        "parent": 8,
        "child": 10,
        "min_amount": 1,
        "max_amount": null
    }
},
{
    "model": "spec.xmlrelationship",
    "pk": 9,
    "fields": {
        "parent": 10,
        "child": 11,
        "min_amount": 1,
        "max_amount": null
    }
},
{
    "model": "spec.xmlrelationship",
    "pk": 10,
    "fields": {
        "parent": 11,
        "child": 12,
        "min_amount": 0,
        "max_amount": null
    }
},
{
    "model": "spec.xmlrelationship",
    "pk": 11,
    "fields": {
        "parent": 6,
        "child": 8,
        "min_amount": 1,
        "max_amount": null
    }
},
{
    "model": "spec.xmlrelationship",
    "pk": 12,
    "fields": {
        "parent": 11,
        "child": 13,
        "min_amount": 0,
        "max_amount": 1
    }
},
{
    "model": "spec.xmlrelationship",
    "pk": 13,
    "fields": {
        "parent": 15,
        "child": 16,
        "min_amount": 1,
        "max_amount": null
    }
},
{
    "model": "spec.xmlrelationship",
    "pk": 14,
    "fields": {
        "parent": 10,
        "child": 15,
        "min_amount": 0,
        "max_amount": 1
    }
},
{
    "model": "spec.xmlrelationship",
    "pk": 15,
    "fields": {
        "parent": 16,
        "child": 16,
        "min_amount": 0,
        "max_amount": null
    }
},
{
    "model": "spec.xmlrelationship",
    "pk": 16,
    "fields": {
        "parent": 16,
        "child": 17,
        "min_amount": 0,
        "max_amount": null
    }
},
{
    "model": "spec.xmlrelationship",
    "pk": 17,
    "fields": {
        "parent": 10,
        "child": 18,
        "min_amount": 0,
        "max_amount": null
    }
},
{
    "model": "spec.xmlrelationship",
    "pk": 18,
    "fields": {
        "parent": 18,
        "child": 11,
        "min_amount": 0,
        "max_amount": null
    }
},
{
    "model": "spec.xmlrelationship",
    "pk": 19,
    "fields": {
        "parent": 18,
        "child": 18,
        "min_amount": 0,
        "max_amount": null
    }
},
{
    "model": "spec.xmlrelationship",
    "pk": 20,
    "fields": {
        "parent": 4,
        "child": 19,
        "min_amount": 0,
        "max_amount": null
    }
},
{
    "model": "spec.xmlrelationship",
    "pk": 21,
    "fields": {
        "parent": 20,
        "child": 5,
        "min_amount": 0,
        "max_amount": 1
    }
},
{
    "model": "spec.xmlrelationship",
    "pk": 22,
    "fields": {
        "parent": 11,
        "child": 21,
        "min_amount": 0,
        "max_amount": null
    }
},
{
    "model": "spec.xmlrelationship",
    "pk": 23,
    "fields": {
        "parent": 20,
        "child": 22,
        "min_amount": 0,
        "max_amount": 2
    }
},
{
    "model": "spec.xmlrelationship",
    "pk": 24,
    "fields": {
        "parent": 4,
        "child": 9,
        "min_amount": 0,
        "max_amount": 1
    }
},
{
    "model": "spec.xmlrelationship",
    "pk": 25,
    "fields": {
        "parent": 20,
        "child": 23,
        "min_amount": 0,
        "max_amount": 2
    }
},
{
    "model": "spec.xmlrelationship",
    "pk": 26,
    "fields": {
        "parent": 20,
        "child": 24,
        "min_amount": 0,
        "max_amount": 1
    }
},
{
    "model": "spec.xmlrelationship",
    "pk": 27,
    "fields": {
        "parent": 20,
        "child": 25,
        "min_amount": 0,
        "max_amount": 1
    }
},
{
    "model": "spec.xmlrelationship",
    "pk": 28,
    "fields": {
        "parent": 20,
        "child": 26,
        "min_amount": 0,
        "max_amount": 1
    }
},
{
    "model": "spec.exampledocument",
    "pk": 1,
    "fields": {
        "name": "“Hello world”",
        "slug": "hello-world",
        "blurb": "This basic MNX document contains a single middle C whole note, on a treble clef stave, in 4/4 time.",
        "document": "<mnx>\r\n    <global>\r\n        <measure>\r\n            <directions>\r\n                <time signature=\"4/4\"/>\r\n            </directions>\r\n        </measure>\r\n    </global>\r\n    <part>\r\n        <part-name>Music</part-name>\r\n        <measure barline=\"regular\">\r\n            <directions>\r\n                <clef sign=\"G\" line=\"2\"/>\r\n            </directions>\r\n            <sequence>\r\n                <event value=\"/1\">\r\n                    <note pitch=\"C4\"/>\r\n                </event>\r\n            </sequence>\r\n        </measure>\r\n    </part>\r\n</mnx>",
        "image_url": "/static/examples/hello-world.png",
        "is_featured": true
    }
},
{
    "model": "spec.exampledocument",
    "pk": 2,
    "fields": {
        "name": "Two-bar C major scale",
        "slug": "two-bar-c-major-scale",
        "blurb": "",
        "document": "<mnx>\r\n    <global>\r\n        <measure>\r\n            <directions>\r\n                <time signature=\"4/4\"/>\r\n            </directions>\r\n        </measure>\r\n        <measure/>\r\n    </global>\r\n    <part>\r\n        <part-name>Music</part-name>\r\n        <measure>\r\n            <directions>\r\n                <clef sign=\"G\" line=\"2\"/>\r\n            </directions>\r\n            <sequence>\r\n                <event value=\"/4\">\r\n                    <note pitch=\"C4\"/>\r\n                </event>\r\n                <event value=\"/4\">\r\n                    <note pitch=\"D4\"/>\r\n                </event>\r\n                <event value=\"/4\">\r\n                    <note pitch=\"E4\"/>\r\n                </event>\r\n                <event value=\"/4\">\r\n                    <note pitch=\"F4\"/>\r\n                </event>\r\n            </sequence>\r\n        </measure>\r\n        <measure barline=\"regular\">\r\n            <sequence>\r\n                <event value=\"/4\">\r\n                    <note pitch=\"G4\"/>\r\n                </event>\r\n                <event value=\"/4\">\r\n                    <note pitch=\"A4\"/>\r\n                </event>\r\n                <event value=\"/4\">\r\n                    <note pitch=\"B4\"/>\r\n                </event>\r\n                <event value=\"/4\">\r\n                    <note pitch=\"C5\"/>\r\n                </event>\r\n            </sequence>\r\n        </measure>\r\n    </part>\r\n</mnx>",
        "image_url": "/static/examples/two-bar-c-major-scale.png",
        "is_featured": false
    }
},
{
    "model": "spec.exampledocument",
    "pk": 3,
    "fields": {
        "name": "Three-note chord and half rest",
        "slug": "three-note-chord-and-half-rest",
        "blurb": "",
        "document": "<mnx>\r\n    <global>\r\n        <measure>\r\n            <directions>\r\n                <time signature=\"4/4\"/>\r\n            </directions>\r\n        </measure>\r\n    </global>\r\n    <part>\r\n        <part-name>Music</part-name>\r\n        <measure barline=\"regular\">\r\n            <directions>\r\n                <clef sign=\"G\" line=\"2\"/>\r\n            </directions>\r\n            <sequence>\r\n                <event value=\"/2\">\r\n                    <note pitch=\"C4\"/>\r\n                    <note pitch=\"E4\"/>\r\n                    <note pitch=\"G4\"/>\r\n                </event>\r\n                <event value=\"/2\">\r\n                    <rest/>\r\n                </event>\r\n            </sequence>\r\n        </measure>\r\n    </part>\r\n</mnx>",
        "image_url": "/static/examples/three-note-chord-and-half-rest.png",
        "is_featured": false
    }
},
{
    "model": "spec.exampledocument",
    "pk": 4,
    "fields": {
        "name": "Time signatures",
        "slug": "time-signatures",
        "blurb": "",
        "document": "<mnx>\r\n    <global>\r\n        <measure>\r\n            <directions>\r\n                <time signature=\"4/4\"/>\r\n            </directions>\r\n        </measure>\r\n        <measure/>\r\n        <measure>\r\n            <directions>\r\n                <time signature=\"2/4\"/>\r\n            </directions>\r\n        </measure>\r\n    </global>\r\n    <part>\r\n        <part-name>Music</part-name>\r\n        <measure>\r\n            <directions>\r\n                <clef sign=\"G\" line=\"2\"/>\r\n            </directions>\r\n            <sequence>\r\n                <event value=\"/4\">\r\n                    <note pitch=\"C5\"/>\r\n                </event>\r\n                <event value=\"/4\">\r\n                    <note pitch=\"D5\"/>\r\n                </event>\r\n                <event value=\"/4\">\r\n                    <note pitch=\"E5\"/>\r\n                </event>\r\n                <event value=\"/4\">\r\n                    <note pitch=\"F5\"/>\r\n                </event>\r\n            </sequence>\r\n        </measure>\r\n        <measure>\r\n            <sequence>\r\n                <event value=\"/4\">\r\n                    <note pitch=\"C5\"/>\r\n                </event>\r\n                <event value=\"/4\">\r\n                    <note pitch=\"D5\"/>\r\n                </event>\r\n                <event value=\"/4\">\r\n                    <note pitch=\"E5\"/>\r\n                </event>\r\n                <event value=\"/4\">\r\n                    <note pitch=\"F5\"/>\r\n                </event>\r\n            </sequence>\r\n        </measure>\r\n        <measure>\r\n            <sequence>\r\n                <event value=\"/4\">\r\n                    <note pitch=\"B4\"/>\r\n                </event>\r\n                <event value=\"/4\">\r\n                    <note pitch=\"D5\"/>\r\n                </event>\r\n            </sequence>\r\n        </measure>\r\n    </part>\r\n</mnx>",
        "image_url": "/static/examples/time-signatures.png",
        "is_featured": false
    }
},
{
    "model": "spec.exampledocument",
    "pk": 5,
    "fields": {
        "name": "Key signatures",
        "slug": "key-signatures",
        "blurb": "",
        "document": "<mnx>\r\n    <global>\r\n        <measure>\r\n            <directions>\r\n                <time signature=\"4/4\"/>\r\n                <key fifths=\"4\"/>\r\n            </directions>\r\n        </measure>\r\n        <measure/>\r\n        <measure>\r\n            <directions>\r\n                <key fifths=\"-4\"/>\r\n            </directions>\r\n        </measure>\r\n        <measure/>\r\n    </global>\r\n    <part>\r\n        <part-name>Music</part-name>\r\n        <measure>\r\n            <directions>\r\n                <clef sign=\"G\" line=\"2\"/>\r\n            </directions>\r\n            <sequence>\r\n                <event value=\"/4\">\r\n                    <note pitch=\"E5\"/>\r\n                </event>\r\n                <event value=\"/4\">\r\n                    <note pitch=\"F#5\"/>\r\n                </event>\r\n                <event value=\"/4\">\r\n                    <note pitch=\"G#5\"/>\r\n                </event>\r\n                <event value=\"/4\">\r\n                    <note pitch=\"E5\"/>\r\n                </event>\r\n            </sequence>\r\n        </measure>\r\n        <measure>\r\n            <sequence>\r\n                <event value=\"/1\">\r\n                    <note pitch=\"G#5\"/>\r\n                </event>\r\n            </sequence>\r\n        </measure>\r\n        <measure>\r\n            <sequence>\r\n                <event value=\"/4\">\r\n                    <note pitch=\"Ab4\"/>\r\n                </event>\r\n                <event value=\"/4\">\r\n                    <note pitch=\"Bb4\"/>\r\n                </event>\r\n                <event value=\"/4\">\r\n                    <note pitch=\"C5\"/>\r\n                </event>\r\n                <event value=\"/4\">\r\n                    <note pitch=\"Ab4\"/>\r\n                </event>\r\n            </sequence>\r\n        </measure>\r\n        <measure>\r\n            <sequence>\r\n                <event value=\"/1\">\r\n                    <note pitch=\"C5\"/>\r\n                </event>\r\n            </sequence>\r\n        </measure>\r\n    </part>\r\n</mnx>",
        "image_url": "/static/examples/key-signatures.png",
        "is_featured": false
    }
},
{
    "model": "spec.exampledocument",
    "pk": 6,
    "fields": {
        "name": "Accidentals",
        "slug": "accidentals",
        "blurb": "",
        "document": "<mnx>\r\n    <global>\r\n        <measure>\r\n            <directions>\r\n                <time signature=\"4/4\"/>\r\n                <key fifths=\"-2\"/>\r\n            </directions>\r\n        </measure>\r\n        <measure/>\r\n        <measure/>\r\n    </global>\r\n    <part>\r\n        <part-name>Music</part-name>\r\n        <measure>\r\n            <directions>\r\n                <clef sign=\"G\" line=\"2\"/>\r\n            </directions>\r\n            <sequence>\r\n                <event value=\"/4\">\r\n                    <note pitch=\"F4\"/>\r\n                </event>\r\n                <event value=\"/4\">\r\n                    <note pitch=\"G4\"/>\r\n                </event>\r\n                <event value=\"/4\">\r\n                    <note pitch=\"G#4\" accidental=\"sharp\"/>\r\n                </event>\r\n                <event value=\"/4\">\r\n                    <note pitch=\"A4\"/>\r\n                </event>\r\n            </sequence>\r\n        </measure>\r\n        <measure>\r\n            <sequence>\r\n                <event value=\"/2\">\r\n                    <note pitch=\"Bb4\"/>\r\n                </event>\r\n                <event value=\"/4\">\r\n                    <note pitch=\"Db5\" accidental=\"flat\"/>\r\n                </event>\r\n                <event value=\"/4\">\r\n                    <note pitch=\"Db5\"/>\r\n                </event>\r\n            </sequence>\r\n        </measure>\r\n        <measure>\r\n            <sequence>\r\n                <event value=\"/1\">\r\n                    <note pitch=\"D5\" accidental=\"natural\"/>\r\n                </event>\r\n            </sequence>\r\n        </measure>\r\n    </part>\r\n</mnx>",
        "image_url": "/static/examples/accidentals.png",
        "is_featured": false
    }
},
{
    "model": "spec.exampledocument",
    "pk": 7,
    "fields": {
        "name": "Dotted notes (augmentation dots)",
        "slug": "dotted-notes",
        "blurb": "",
        "document": "<mnx>\r\n    <global>\r\n        <measure>\r\n            <directions>\r\n                <time signature=\"4/4\"/>\r\n            </directions>\r\n        </measure>\r\n    </global>\r\n    <part>\r\n        <part-name>Music</part-name>\r\n        <measure>\r\n            <directions>\r\n                <clef sign=\"G\" line=\"2\"/>\r\n            </directions>\r\n            <sequence>\r\n                <event value=\"/4d\">\r\n                    <note pitch=\"G4\"/>\r\n                    <note pitch=\"C5\"/>\r\n                </event>\r\n                <event value=\"/8\">\r\n                    <note pitch=\"E5\"/>\r\n                </event>\r\n                <event value=\"/4d\">\r\n                    <note pitch=\"F4\"/>\r\n                    <note pitch=\"D5\"/>\r\n                </event>\r\n                <event value=\"/8\">\r\n                    <note pitch=\"F5\"/>\r\n                </event>\r\n            </sequence>\r\n        </measure>\r\n    </part>\r\n</mnx>",
        "image_url": "/static/examples/dotted-notes.png",
        "is_featured": false
    }
},
{
    "model": "spec.exampledocument",
    "pk": 8,
    "fields": {
        "name": "Ties",
        "slug": "ties",
        "blurb": "",
        "document": "<mnx>\r\n    <global>\r\n        <measure>\r\n            <directions>\r\n                <time signature=\"4/4\"/>\r\n            </directions>\r\n        </measure>\r\n        <measure/>\r\n    </global>\r\n    <part>\r\n        <part-name>Music</part-name>\r\n        <measure>\r\n            <directions>\r\n                <clef sign=\"G\" line=\"2\"/>\r\n            </directions>\r\n            <sequence>\r\n                <event value=\"/4\">\r\n                    <note pitch=\"C5\"/>\r\n                </event>\r\n                <event value=\"/4\">\r\n                    <note pitch=\"E5\">\r\n                        <tied target=\"note3\"/>\r\n                    </note>\r\n                </event>\r\n                <event value=\"/4\">\r\n                    <note pitch=\"E5\" id=\"note3\"/>\r\n                </event>\r\n                <event value=\"/4\">\r\n                    <note pitch=\"C5\">\r\n                        <tied target=\"note5\"/>\r\n                    </note>\r\n                </event>\r\n            </sequence>\r\n        </measure>\r\n        <measure>\r\n            <sequence>\r\n                <event value=\"/2\">\r\n                    <note pitch=\"C5\" id=\"note5\">\r\n                        <tied target=\"note6\"/>\r\n                    </note>\r\n                </event>\r\n                <event value=\"/2\">\r\n                    <note pitch=\"C5\" id=\"note6\"/>\r\n                </event>\r\n            </sequence>\r\n        </measure>\r\n    </part>\r\n</mnx>",
        "image_url": "/static/examples/ties.png",
        "is_featured": false
    }
},
{
    "model": "spec.exampledocument",
    "pk": 9,
    "fields": {
        "name": "Beams",
        "slug": "beams",
        "blurb": "",
        "document": "<mnx>\r\n    <global>\r\n        <measure>\r\n            <directions>\r\n                <time signature=\"4/4\"/>\r\n            </directions>\r\n        </measure>\r\n        <measure/>\r\n    </global>\r\n    <part>\r\n        <part-name>Music</part-name>\r\n        <measure>\r\n            <directions>\r\n                <clef line=\"2\" sign=\"G\"/>\r\n            </directions>\r\n            <sequence>\r\n                <beams>\r\n                    <beam events=\"ev1 ev2 ev3 ev4\"/>\r\n                    <beam events=\"ev5 ev6 ev7 ev8\"/>\r\n                </beams>\r\n                <event id=\"ev1\" value=\"/8\">\r\n                    <note pitch=\"C5\"/>\r\n                </event>\r\n                <event id=\"ev2\" value=\"/8\">\r\n                    <note pitch=\"D5\"/>\r\n                </event>\r\n                <event id=\"ev3\" value=\"/8\">\r\n                    <note pitch=\"E5\"/>\r\n                </event>\r\n                <event id=\"ev4\" value=\"/8\">\r\n                    <note pitch=\"F5\"/>\r\n                </event>\r\n                <event id=\"ev5\" value=\"/8\">\r\n                    <note pitch=\"D4\"/>\r\n                </event>\r\n                <event id=\"ev6\" value=\"/8\">\r\n                    <note pitch=\"E4\"/>\r\n                </event>\r\n                <event id=\"ev7\" value=\"/8\">\r\n                    <note pitch=\"F4\"/>\r\n                </event>\r\n                <event id=\"ev8\" value=\"/8\">\r\n                    <note pitch=\"G4\"/>\r\n                </event>\r\n            </sequence>\r\n        </measure>\r\n        <measure>\r\n            <sequence>\r\n                <beams>\r\n                    <beam events=\"ev9 ev10 ev11 ev12 ev13\">\r\n                        <beam events=\"ev11 ev12\"/>\r\n                    </beam>\r\n                    <beam events=\"ev14 ev15\"/>\r\n                </beams>\r\n                <event id=\"ev9\" value=\"/8\">\r\n                    <note pitch=\"G4\"/>\r\n                </event>\r\n                <event id=\"ev10\" value=\"/8\">\r\n                    <rest/>\r\n                </event>\r\n                <event id=\"ev11\" value=\"/16\">\r\n                    <note pitch=\"D4\"/>\r\n                </event>\r\n                <event id=\"ev12\" value=\"/16\">\r\n                    <note pitch=\"E4\"/>\r\n                </event>\r\n                <event id=\"ev13\" value=\"/8\">\r\n                    <note pitch=\"G4\"/>\r\n                </event>\r\n                <event id=\"ev14\" value=\"/8\">\r\n                    <note pitch=\"E4\"/>\r\n                </event>\r\n                <event id=\"ev15\" value=\"/8\">\r\n                    <note pitch=\"D4\"/>\r\n                </event>\r\n                <event value=\"/4\">\r\n                    <note pitch=\"C4\"/>\r\n                </event>\r\n            </sequence>\r\n        </measure>\r\n    </part>\r\n</mnx>",
        "image_url": "/static/examples/beams.png",
        "is_featured": false
    }
},
{
    "model": "spec.exampledocument",
    "pk": 10,
    "fields": {
        "name": "Beams (secondary beam breaks)",
        "slug": "beams-secondary-beam-breaks",
        "blurb": "",
        "document": "<mnx>\r\n    <global>\r\n        <measure>\r\n            <directions>\r\n                <time signature=\"4/4\"/>\r\n            </directions>\r\n        </measure>\r\n    </global>\r\n    <part>\r\n        <part-name>Music</part-name>\r\n        <measure>\r\n            <directions>\r\n                <clef line=\"2\" sign=\"G\"/>\r\n            </directions>\r\n            <sequence>\r\n                <beams>\r\n                    <beam events=\"ev1 ev2 ev3 ev4 ev5 ev6 ev7 ev8\">\r\n                        <beam events=\"ev1 ev2 ev3 ev4\">\r\n                            <beam events=\"ev1 ev2 ev3 ev4\"/>\r\n                        </beam>\r\n                        <beam events=\"ev5 ev6 ev7 ev8\">\r\n                            <beam events=\"ev5 ev6 ev7 ev8\"/>\r\n                        </beam>\r\n                    </beam>\r\n                    <beam events=\"ev9 ev10 ev11 ev12 ev13 ev14 ev15 ev16\">\r\n                        <beam events=\"ev9 ev10 ev11 ev12\">\r\n                            <beam events=\"ev9 ev10\"/>\r\n                            <beam events=\"ev11 ev12\"/>\r\n                        </beam>\r\n                        <beam events=\"ev13 ev14 ev15 ev16\">\r\n                            <beam events=\"ev13 ev14\"/>\r\n                            <beam events=\"ev15 ev16\"/>\r\n                        </beam>\r\n                    </beam>\r\n                </beams>\r\n                <event id=\"ev1\" value=\"/32\">\r\n                    <note pitch=\"C5\"/>\r\n                </event>\r\n                <event id=\"ev2\" value=\"/32\">\r\n                    <note pitch=\"D5\"/>\r\n                </event>\r\n                <event id=\"ev3\" value=\"/32\">\r\n                    <note pitch=\"E5\"/>\r\n                </event>\r\n                <event id=\"ev4\" value=\"/32\">\r\n                    <note pitch=\"F5\"/>\r\n                </event>\r\n                <event id=\"ev5\" value=\"/32\">\r\n                    <note pitch=\"C5\"/>\r\n                </event>\r\n                <event id=\"ev6\" value=\"/32\">\r\n                    <note pitch=\"D5\"/>\r\n                </event>\r\n                <event id=\"ev7\" value=\"/32\">\r\n                    <note pitch=\"E5\"/>\r\n                </event>\r\n                <event id=\"ev8\" value=\"/32\">\r\n                    <note pitch=\"F5\"/>\r\n                </event>\r\n                <event id=\"ev9\" value=\"/32\">\r\n                    <note pitch=\"C5\"/>\r\n                </event>\r\n                <event id=\"ev10\" value=\"/32\">\r\n                    <note pitch=\"D5\"/>\r\n                </event>\r\n                <event id=\"ev11\" value=\"/32\">\r\n                    <note pitch=\"E5\"/>\r\n                </event>\r\n                <event id=\"ev12\" value=\"/32\">\r\n                    <note pitch=\"F5\"/>\r\n                </event>\r\n                <event id=\"ev13\" value=\"/32\">\r\n                    <note pitch=\"C5\"/>\r\n                </event>\r\n                <event id=\"ev14\" value=\"/32\">\r\n                    <note pitch=\"D5\"/>\r\n                </event>\r\n                <event id=\"ev15\" value=\"/32\">\r\n                    <note pitch=\"E5\"/>\r\n                </event>\r\n                <event id=\"ev16\" value=\"/32\">\r\n                    <note pitch=\"F5\"/>\r\n                </event>\r\n                <event value=\"/2\">\r\n                    <rest/>\r\n                </event>\r\n            </sequence>\r\n        </measure>\r\n    </part>\r\n</mnx>",
        "image_url": "/static/examples/beams-secondary-beam-breaks.png",
        "is_featured": false
    }
},
{
    "model": "spec.exampledocument",
    "pk": 11,
    "fields": {
        "name": "Beams (hooks)",
        "slug": "beam-hooks",
        "blurb": "",
        "document": "<mnx>\r\n    <global>\r\n        <measure>\r\n            <directions>\r\n                <time signature=\"4/4\"/>\r\n            </directions>\r\n        </measure>\r\n    </global>\r\n    <part>\r\n        <part-name>Music</part-name>\r\n        <measure>\r\n            <directions>\r\n                <clef line=\"2\" sign=\"G\"/>\r\n            </directions>\r\n            <sequence>\r\n                <beams>\r\n                    <beam events=\"ev1 ev2 ev3\">\r\n                        <beam-hook direction=\"right\" event=\"ev1\"/>\r\n                        <beam-hook direction=\"left\" event=\"ev3\"/>\r\n                    </beam>\r\n                    <beam events=\"ev4 ev5 ev6\">\r\n                        <beam-hook direction=\"right\" event=\"ev4\"/>\r\n                        <beam-hook direction=\"left\" event=\"ev6\"/>\r\n                    </beam>\r\n                    <beam events=\"ev7 ev8 ev9\">\r\n                        <beam-hook direction=\"right\" event=\"ev7\"/>\r\n                        <beam-hook direction=\"left\" event=\"ev9\"/>\r\n                    </beam>\r\n                </beams>\r\n                <event id=\"ev1\" value=\"/16\">\r\n                    <note pitch=\"C5\"/>\r\n                </event>\r\n                <event id=\"ev2\" value=\"/8\">\r\n                    <note pitch=\"D5\"/>\r\n                </event>\r\n                <event id=\"ev3\" value=\"/16\">\r\n                    <note pitch=\"C5\"/>\r\n                </event>\r\n                <event id=\"ev4\" value=\"/16\">\r\n                    <note pitch=\"E5\"/>\r\n                </event>\r\n                <event id=\"ev5\" value=\"/8\">\r\n                    <note pitch=\"F5\"/>\r\n                </event>\r\n                <event id=\"ev6\" value=\"/16\">\r\n                    <note pitch=\"E5\"/>\r\n                </event>\r\n                <event id=\"ev7\" value=\"/16\">\r\n                    <note pitch=\"G5\"/>\r\n                </event>\r\n                <event id=\"ev8\" value=\"/8\">\r\n                    <note pitch=\"A5\"/>\r\n                </event>\r\n                <event id=\"ev9\" value=\"/16\">\r\n                    <note pitch=\"G5\"/>\r\n                </event>\r\n                <event value=\"/4\">\r\n                    <note pitch=\"C6\"/>\r\n                </event>\r\n            </sequence>\r\n        </measure>\r\n    </part>\r\n</mnx>",
        "image_url": "/static/examples/beam-hooks.png",
        "is_featured": false
    }
},
{
    "model": "spec.exampledocument",
    "pk": 12,
    "fields": {
        "name": "Beams (with inner grace notes)",
        "slug": "beams-inner-grace-notes",
        "blurb": "",
        "document": "<mnx>\r\n    <global>\r\n        <measure>\r\n            <directions>\r\n                <time signature=\"4/4\"/>\r\n            </directions>\r\n        </measure>\r\n    </global>\r\n    <part>\r\n        <part-name>Music</part-name>\r\n        <measure>\r\n            <directions>\r\n                <clef line=\"2\" sign=\"G\"/>\r\n            </directions>\r\n            <sequence>\r\n                <beams>\r\n                    <beam events=\"ev1 ev3 ev4 ev5\"/>\r\n                </beams>\r\n                <event id=\"ev1\" value=\"/8\">\r\n                    <note pitch=\"C5\"/>\r\n                </event>\r\n                <event value=\"/8\">\r\n                    <note pitch=\"B4\"/>\r\n                </event>\r\n                <event id=\"ev3\" value=\"/8\">\r\n                    <note pitch=\"D5\"/>\r\n                </event>\r\n                <event id=\"ev4\" value=\"/8\">\r\n                    <note pitch=\"E5\"/>\r\n                </event>\r\n                <event id=\"ev5\" value=\"/8\">\r\n                    <note pitch=\"F5\"/>\r\n                </event>\r\n                <event value=\"/2\">\r\n                    <rest/>\r\n                </event>\r\n            </sequence>\r\n        </measure>\r\n    </part>\r\n</mnx>",
        "image_url": "/static/examples/beams-inner-grace-notes.png",
        "is_featured": false
    }
},
{
    "model": "spec.exampledocument",
    "pk": 13,
    "fields": {
        "name": "Beams (across barlines)",
        "slug": "beams-across-barlines",
        "blurb": "",
        "document": "<mnx>\r\n    <global>\r\n        <measure>\r\n            <directions>\r\n                <time signature=\"4/4\"/>\r\n            </directions>\r\n        </measure>\r\n        <measure/>\r\n    </global>\r\n    <part>\r\n        <part-name>Music</part-name>\r\n        <measure>\r\n            <directions>\r\n                <clef line=\"2\" sign=\"G\"/>\r\n            </directions>\r\n            <sequence>\r\n                <beams>\r\n                    <beam events=\"ev3 ev4 ev5 ev6\"/>\r\n                </beams>\r\n                <event value=\"/2\">\r\n                    <rest/>\r\n                </event>\r\n                <event value=\"/4\">\r\n                    <rest/>\r\n                </event>\r\n                <event id=\"ev3\" value=\"/8\">\r\n                    <note pitch=\"C5\"/>\r\n                </event>\r\n                <event id=\"ev4\" value=\"/8\">\r\n                    <note pitch=\"D5\"/>\r\n                </event>\r\n            </sequence>\r\n        </measure>\r\n        <measure>\r\n            <sequence>\r\n                <event id=\"ev5\" value=\"/8\">\r\n                    <note pitch=\"E5\"/>\r\n                </event>\r\n                <event id=\"ev6\" value=\"/8\">\r\n                    <note pitch=\"F5\"/>\r\n                </event>\r\n                <event value=\"/4\">\r\n                    <rest/>\r\n                </event>\r\n                <event value=\"/2\">\r\n                    <rest/>\r\n                </event>\r\n            </sequence>\r\n        </measure>\r\n    </part>\r\n</mnx>",
        "image_url": "/static/examples/beams-across-barlines.png",
        "is_featured": false
    }
},
{
    "model": "spec.exampledocument",
    "pk": 14,
    "fields": {
        "name": "Tuplets",
        "slug": "tuplets",
        "blurb": "",
        "document": "<mnx>\r\n    <global>\r\n        <measure>\r\n            <directions>\r\n                <time signature=\"4/4\"/>\r\n            </directions>\r\n        </measure>\r\n        <measure/>\r\n    </global>\r\n    <part>\r\n        <part-name>Music</part-name>\r\n        <measure>\r\n            <directions>\r\n                <clef line=\"2\" sign=\"G\"/>\r\n            </directions>\r\n            <sequence>\r\n                <beams>\r\n                    <beam events=\"event3 event4 event5\"/>\r\n                </beams>\r\n                <tuplet inner=\"3/8\" outer=\"2/8\">\r\n                    <event value=\"/4\">\r\n                        <note pitch=\"C5\"/>\r\n                    </event>\r\n                    <event value=\"/8\">\r\n                        <note pitch=\"G4\"/>\r\n                    </event>\r\n                </tuplet>\r\n                <tuplet inner=\"3/8\" outer=\"2/8\">\r\n                    <event id=\"event3\" value=\"/8\">\r\n                        <note pitch=\"E4\"/>\r\n                    </event>\r\n                    <event id=\"event4\" value=\"/8\">\r\n                        <note pitch=\"F4\"/>\r\n                    </event>\r\n                    <event id=\"event5\" value=\"/8\">\r\n                        <note pitch=\"G4\"/>\r\n                    </event>\r\n                </tuplet>\r\n                <event value=\"/4\">\r\n                    <note pitch=\"E5\"/>\r\n                </event>\r\n                <event value=\"/4\">\r\n                    <note pitch=\"D5\"/>\r\n                </event>\r\n            </sequence>\r\n        </measure>\r\n        <measure>\r\n            <sequence>\r\n                <tuplet inner=\"6/4\" outer=\"4/4\">\r\n                    <event value=\"/4\">\r\n                        <note pitch=\"C5\"/>\r\n                    </event>\r\n                    <event value=\"/4\">\r\n                        <note pitch=\"D5\"/>\r\n                    </event>\r\n                    <event value=\"/4\">\r\n                        <note pitch=\"C5\"/>\r\n                    </event>\r\n                    <event value=\"/4\">\r\n                        <note pitch=\"G4\"/>\r\n                    </event>\r\n                    <event value=\"/4\">\r\n                        <note pitch=\"E5\"/>\r\n                    </event>\r\n                    <event value=\"/4\">\r\n                        <note pitch=\"C5\"/>\r\n                    </event>\r\n                </tuplet>\r\n            </sequence>\r\n        </measure>\r\n    </part>\r\n</mnx>",
        "image_url": "/static/examples/tuplets.png",
        "is_featured": false
    }
},
{
    "model": "spec.exampledocument",
    "pk": 15,
    "fields": {
        "name": "Multiple voices",
        "slug": "multiple-voices",
        "blurb": "",
        "document": "<mnx>\r\n    <global>\r\n        <measure>\r\n            <directions>\r\n                <time signature=\"4/4\"/>\r\n            </directions>\r\n        </measure>\r\n        <measure/>\r\n    </global>\r\n    <part>\r\n        <part-name>Music</part-name>\r\n        <measure>\r\n            <directions>\r\n                <clef sign=\"G\" line=\"2\"/>\r\n            </directions>\r\n            <sequence>\r\n                <event value=\"/2\">\r\n                    <note pitch=\"C4\"/>\r\n                </event>\r\n                <event value=\"/2\">\r\n                    <note pitch=\"G3\"/>\r\n                </event>\r\n            </sequence>\r\n            <sequence>\r\n                <event value=\"/4\">\r\n                    <note pitch=\"E5\"/>\r\n                </event>\r\n                <event value=\"/4\">\r\n                    <note pitch=\"F5\"/>\r\n                </event>\r\n                <event value=\"/4\">\r\n                    <note pitch=\"G5\"/>\r\n                </event>\r\n                <event value=\"/4\">\r\n                    <note pitch=\"B4\"/>\r\n                </event>\r\n            </sequence>\r\n        </measure>\r\n        <measure>\r\n            <sequence>\r\n                <event value=\"/1\">\r\n                    <note pitch=\"C4\"/>\r\n                </event>\r\n            </sequence>\r\n            <sequence>\r\n                <event value=\"/4\">\r\n                    <note pitch=\"D5\"/>\r\n                </event>\r\n                <event value=\"/4\">\r\n                    <note pitch=\"C5\"/>\r\n                </event>\r\n                <event value=\"/2\">\r\n                    <note pitch=\"C6\"/>\r\n                </event>\r\n            </sequence>\r\n        </measure>\r\n    </part>\r\n</mnx>",
        "image_url": "/static/examples/multiple-voices.png",
        "is_featured": true
    }
},
{
    "model": "spec.exampledocument",
    "pk": 16,
    "fields": {
        "name": "Octave shifts (8va)",
        "slug": "octave-shifts-8va",
        "blurb": "",
        "document": "<mnx>\r\n    <global>\r\n        <measure>\r\n            <directions>\r\n                <time signature=\"4/4\"/>\r\n            </directions>\r\n        </measure>\r\n        <measure/>\r\n    </global>\r\n    <part>\r\n        <part-name>Music</part-name>\r\n        <measure>\r\n            <directions>\r\n                <clef sign=\"G\" line=\"2\"/>\r\n            </directions>\r\n            <sequence>\r\n                <event value=\"/4\">\r\n                    <note pitch=\"C5\"/>\r\n                </event>\r\n                <event value=\"/4\">\r\n                    <note pitch=\"E5\"/>\r\n                </event>\r\n                <directions>\r\n                    <octave-shift type=\"-8\" end=\"2:1/2\" />\r\n                </directions>\r\n                <event value=\"/2\">\r\n                    <note pitch=\"C7\"/>\r\n                </event>\r\n            </sequence>\r\n        </measure>\r\n        <measure>\r\n            <sequence>\r\n                <event value=\"/2\">\r\n                    <note pitch=\"E7\"/>\r\n                </event>\r\n                <event value=\"/4\">\r\n                    <note pitch=\"C7\"/>\r\n                </event>\r\n                <event value=\"/4\">\r\n                    <note pitch=\"C6\"/>\r\n                </event>\r\n            </sequence>\r\n        </measure>\r\n    </part>\r\n</mnx>",
        "image_url": "/static/examples/octave-shifts-8va.png",
        "is_featured": false
    }
},
{
    "model": "spec.exampledocument",
    "pk": 17,
    "fields": {
        "name": "Slurs",
        "slug": "slurs",
        "blurb": "",
        "document": "<mnx>\r\n    <global>\r\n        <measure>\r\n            <directions>\r\n                <time signature=\"4/4\"/>\r\n            </directions>\r\n        </measure>\r\n        <measure/>\r\n    </global>\r\n    <part>\r\n        <part-name>Music</part-name>\r\n        <measure>\r\n            <directions>\r\n                <clef sign=\"G\" line=\"2\"/>\r\n            </directions>\r\n            <sequence>\r\n                <event value=\"/4\" id=\"event1\">\r\n                    <note pitch=\"C5\"/>\r\n                    <slur side=\"up\" target=\"event4\" />\r\n                </event>\r\n                <event value=\"/4\" id=\"event2\">\r\n                    <note pitch=\"D5\"/>\r\n                </event>\r\n                <event value=\"/4\" id=\"event3\">\r\n                    <note pitch=\"E5\"/>\r\n                </event>\r\n                <event value=\"/4\" id=\"event4\">\r\n                    <note pitch=\"C5\"/>\r\n                </event>\r\n            </sequence>\r\n        </measure>\r\n        <measure>\r\n            <sequence>\r\n                <event value=\"/4\" id=\"event5\">\r\n                    <note pitch=\"G4\"/>\r\n                    <slur side=\"down\" target=\"event8\" />\r\n                </event>\r\n                <event value=\"/4\" id=\"event6\">\r\n                    <note pitch=\"A4\"/>\r\n                </event>\r\n                <event value=\"/4\" id=\"event7\">\r\n                    <note pitch=\"G4\"/>\r\n                </event>\r\n                <event value=\"/4\" id=\"event8\">\r\n                    <note pitch=\"E4\"/>\r\n                </event>\r\n            </sequence>\r\n        </measure>\r\n    </part>\r\n</mnx>",
        "image_url": "/static/examples/slurs.png",
        "is_featured": false
    }
},
{
    "model": "spec.exampledocument",
    "pk": 18,
    "fields": {
        "name": "Slurs (for chords)",
        "slug": "slurs-chords",
        "blurb": "",
        "document": "<mnx>\r\n    <global>\r\n        <measure>\r\n            <directions>\r\n                <time signature=\"4/4\"/>\r\n            </directions>\r\n        </measure>\r\n    </global>\r\n    <part>\r\n        <part-name>Music</part-name>\r\n        <measure>\r\n            <directions>\r\n                <clef sign=\"G\" line=\"2\"/>\r\n            </directions>\r\n            <sequence>\r\n                <event value=\"/4\" id=\"event1\">\r\n                    <slur side=\"up\" target=\"event4\" />\r\n                    <note pitch=\"C5\"/>\r\n                    <note pitch=\"E5\"/>\r\n                </event>\r\n                <event value=\"/4\" id=\"event2\">\r\n                    <note pitch=\"D5\"/>\r\n                    <note pitch=\"F5\"/>\r\n                </event>\r\n                <event value=\"/4\" id=\"event3\">\r\n                    <note pitch=\"E5\"/>\r\n                    <note pitch=\"G5\"/>\r\n                </event>\r\n                <event value=\"/4\" id=\"event4\">\r\n                    <note pitch=\"F5\"/>\r\n                    <note pitch=\"A5\"/>\r\n                </event>\r\n            </sequence>\r\n        </measure>\r\n    </part>\r\n</mnx>",
        "image_url": "/static/examples/slurs-chords.png",
        "is_featured": false
    }
},
{
    "model": "spec.exampledocument",
    "pk": 19,
    "fields": {
        "name": "Slurs (targeting specific notes)",
        "slug": "slurs-targeting-specific-notes",
        "blurb": "",
        "document": "<mnx>\r\n    <global>\r\n        <measure>\r\n            <directions>\r\n                <time signature=\"4/4\"/>\r\n            </directions>\r\n        </measure>\r\n    </global>\r\n    <part>\r\n        <part-name>Music</part-name>\r\n        <measure>\r\n            <directions>\r\n                <clef sign=\"G\" line=\"2\"/>\r\n            </directions>\r\n            <sequence>\r\n                <event value=\"/2\" id=\"event1\">\r\n                    <note pitch=\"C5\" id=\"note1\"/>\r\n                    <note pitch=\"E5\" id=\"note2\"/>\r\n                    <note pitch=\"G5\" id=\"note3\"/>\r\n                    <slur side=\"down\" target=\"event2\"\r\n                        start-note=\"note1\" end-note=\"note4\"/>\r\n                    <slur side=\"up\" target=\"event2\"\r\n                        start-note=\"note2\" end-note=\"note5\"/>\r\n                    <slur side=\"up\" target=\"event2\"\r\n                        start-note=\"note3\" end-note=\"note6\"/>\r\n                </event>\r\n                <event value=\"/2\" id=\"event2\">\r\n                    <note pitch=\"B4\" id=\"note4\"/>\r\n                    <note pitch=\"D5\" id=\"note5\"/>\r\n                    <note pitch=\"F5\" id=\"note6\"/>\r\n                </event>\r\n            </sequence>\r\n        </measure>\r\n    </part>\r\n</mnx>",
        "image_url": "/static/examples/slurs-targeting-specific-notes.png",
        "is_featured": false
    }
},
{
    "model": "spec.exampledocument",
    "pk": 20,
    "fields": {
        "name": "Slurs (incomplete slurs)",
        "slug": "slurs-incomplete-slurs",
        "blurb": "",
        "document": "<mnx>\r\n    <global>\r\n        <measure>\r\n            <directions>\r\n                <time signature=\"4/4\"/>\r\n            </directions>\r\n        </measure>\r\n    </global>\r\n    <part>\r\n        <part-name>Music</part-name>\r\n        <measure>\r\n            <directions>\r\n                <clef sign=\"G\" line=\"2\"/>\r\n            </directions>\r\n            <sequence>\r\n                <event value=\"/2\">\r\n                    <note pitch=\"C5\"/>\r\n                </event>\r\n                <event value=\"/2\">\r\n                    <note pitch=\"D5\"/>\r\n                    <slur side=\"up\" location=\"outgoing\"/>\r\n                </event>\r\n            </sequence>\r\n        </measure>\r\n    </part>\r\n</mnx>",
        "image_url": "/static/examples/slurs-incomplete-slurs.png",
        "is_featured": false
    }
},
{
    "model": "spec.exampledocument",
    "pk": 21,
    "fields": {
        "name": "Parts",
        "slug": "parts",
        "blurb": "",
        "document": "<mnx>\r\n    <global>\r\n        <measure>\r\n            <directions>\r\n                <time signature=\"4/4\"/>\r\n            </directions>\r\n        </measure>\r\n        <measure/>\r\n    </global>\r\n    <part>\r\n        <part-name>Melody</part-name>\r\n        <measure>\r\n            <directions>\r\n                <clef line=\"2\" sign=\"G\"/>\r\n            </directions>\r\n            <sequence>\r\n                <event value=\"/4\">\r\n                    <note pitch=\"C5\"/>\r\n                </event>\r\n                <event value=\"/4\">\r\n                    <note pitch=\"D5\"/>\r\n                </event>\r\n                <event value=\"/4\">\r\n                    <note pitch=\"E5\"/>\r\n                </event>\r\n                <event value=\"/4\">\r\n                    <note pitch=\"G5\"/>\r\n                </event>\r\n            </sequence>\r\n        </measure>\r\n        <measure>\r\n            <sequence>\r\n                <event value=\"/4\">\r\n                    <note pitch=\"C5\"/>\r\n                </event>\r\n                <event value=\"/4\">\r\n                    <note pitch=\"D5\"/>\r\n                </event>\r\n                <event value=\"/4\">\r\n                    <note pitch=\"E5\"/>\r\n                </event>\r\n                <event value=\"/4\">\r\n                    <note pitch=\"C5\"/>\r\n                </event>\r\n            </sequence>\r\n        </measure>\r\n    </part>\r\n    <part>\r\n        <part-name>Harmony</part-name>\r\n        <measure>\r\n            <directions>\r\n                <clef line=\"2\" sign=\"G\"/>\r\n            </directions>\r\n            <sequence>\r\n                <beams>\r\n                    <beam events=\"event6 event7 event8 event9\"/>\r\n                </beams>\r\n                <event value=\"/2\">\r\n                    <rest/>\r\n                </event>\r\n                <event id=\"event6\" value=\"/8\">\r\n                    <note pitch=\"C5\"/>\r\n                </event>\r\n                <event id=\"event7\" value=\"/8\">\r\n                    <note pitch=\"D5\"/>\r\n                </event>\r\n                <event id=\"event8\" value=\"/8\">\r\n                    <note pitch=\"E5\"/>\r\n                </event>\r\n                <event id=\"event9\" value=\"/8\">\r\n                    <note pitch=\"D5\"/>\r\n                </event>\r\n            </sequence>\r\n        </measure>\r\n        <measure>\r\n            <sequence>\r\n                <event value=\"/2\">\r\n                    <rest/>\r\n                </event>\r\n                <event value=\"/4\">\r\n                    <note pitch=\"G5\"/>\r\n                </event>\r\n                <event value=\"/4\">\r\n                    <note pitch=\"E5\"/>\r\n                </event>\r\n            </sequence>\r\n        </measure>\r\n    </part>\r\n</mnx>",
        "image_url": "/static/examples/parts.png",
        "is_featured": true
    }
},
{
    "model": "spec.exampledocument",
    "pk": 22,
    "fields": {
        "name": "Repeats",
        "slug": "repeats",
        "blurb": "",
        "document": "<mnx>\r\n    <global>\r\n        <measure>\r\n            <directions>\r\n                <time signature=\"4/4\"/>\r\n                <repeat type=\"start\"/>\r\n                <repeat type=\"end\"/>\r\n            </directions>\r\n        </measure>\r\n    </global>\r\n    <part>\r\n        <part-name>Music</part-name>\r\n        <measure>\r\n            <directions>\r\n                <clef sign=\"G\" line=\"2\"/>\r\n            </directions>\r\n            <sequence>\r\n                <event value=\"/1\">\r\n                    <note pitch=\"C5\"/>\r\n                </event>\r\n            </sequence>\r\n        </measure>\r\n    </part>\r\n</mnx>",
        "image_url": "/static/examples/repeats.png",
        "is_featured": false
    }
},
{
    "model": "spec.exampledocument",
    "pk": 23,
    "fields": {
        "name": "Repeats (with implied start repeat)",
        "slug": "repeats-implied-start-repeat",
        "blurb": "",
        "document": "<mnx>\r\n    <global>\r\n        <measure>\r\n            <directions>\r\n                <time signature=\"4/4\"/>\r\n                <repeat type=\"end\"/>\r\n            </directions>\r\n        </measure>\r\n    </global>\r\n    <part>\r\n        <part-name>Music</part-name>\r\n        <measure>\r\n            <directions>\r\n                <clef sign=\"G\" line=\"2\"/>\r\n            </directions>\r\n            <sequence>\r\n                <event value=\"/1\">\r\n                    <note pitch=\"C5\"/>\r\n                </event>\r\n            </sequence>\r\n        </measure>\r\n    </part>\r\n</mnx>",
        "image_url": "/static/examples/repeats-implied-start-repeat.png",
        "is_featured": false
    }
},
{
    "model": "spec.exampledocument",
    "pk": 24,
    "fields": {
        "name": "Repeats (more than once repeated)",
        "slug": "repeats-more-once-repeated",
        "blurb": "",
        "document": "<mnx>\r\n    <global>\r\n        <measure>\r\n            <directions>\r\n                <time signature=\"4/4\"/>\r\n                <repeat type=\"end\" times=\"4\"/>\r\n            </directions>\r\n        </measure>\r\n    </global>\r\n    <part>\r\n        <part-name>Music</part-name>\r\n        <measure>\r\n            <directions>\r\n                <clef sign=\"G\" line=\"2\"/>\r\n            </directions>\r\n            <sequence>\r\n                <event value=\"/1\">\r\n                    <note pitch=\"C5\"/>\r\n                </event>\r\n            </sequence>\r\n        </measure>\r\n    </part>\r\n</mnx>",
        "image_url": "/static/examples/repeats-more-once-repeated.png",
        "is_featured": false
    }
},
{
    "model": "spec.exampledocument",
    "pk": 25,
    "fields": {
        "name": "Repeats (with alternate endings, simple)",
        "slug": "repeats-alternate-endings-simple",
        "blurb": "",
        "document": "<mnx>\r\n    <global>\r\n        <measure>\r\n            <directions>\r\n                <time signature=\"4/4\"/>\r\n                <repeat type=\"start\"/>\r\n            </directions>\r\n        </measure>\r\n        <measure>\r\n            <directions>\r\n                <repeat type=\"end\"/>\r\n                <ending type=\"start\" number=\"1\"/>\r\n                <ending type=\"stop\"/>\r\n            </directions>\r\n        </measure>\r\n        <measure>\r\n            <directions>\r\n                <repeat type=\"end\"/>\r\n                <ending type=\"start\" number=\"2\"/>\r\n                <ending type=\"stop\"/>\r\n            </directions>\r\n        </measure>\r\n        <measure>\r\n            <directions>\r\n                <ending type=\"start\" number=\"3\"/>\r\n                <ending type=\"discontinue\"/>\r\n            </directions>\r\n        </measure>\r\n    </global>\r\n    <part>\r\n        <part-name>Music</part-name>\r\n        <measure>\r\n            <directions>\r\n                <clef sign=\"G\" line=\"2\"/>\r\n            </directions>\r\n            <sequence>\r\n                <event value=\"/1\">\r\n                    <note pitch=\"C5\"/>\r\n                </event>\r\n            </sequence>\r\n        </measure>\r\n        <measure>\r\n            <sequence>\r\n                <event value=\"/1\">\r\n                    <note pitch=\"E5\"/>\r\n                </event>\r\n            </sequence>\r\n        </measure>\r\n        <measure>\r\n            <sequence>\r\n                <event value=\"/1\">\r\n                    <note pitch=\"G4\"/>\r\n                </event>\r\n            </sequence>\r\n        </measure>\r\n        <measure>\r\n            <sequence>\r\n                <event value=\"/1\">\r\n                    <note pitch=\"C5\"/>\r\n                </event>\r\n            </sequence>\r\n        </measure>\r\n    </part>\r\n</mnx>",
        "image_url": "/static/examples/repeats-alternate-endings-simple.png",
        "is_featured": false
    }
},
{
    "model": "spec.exampledocument",
    "pk": 26,
    "fields": {
        "name": "Repeats (with alternate endings, advanced)",
        "slug": "repeats-alternate-endings-advanced",
        "blurb": "",
        "document": "<mnx>\r\n    <global>\r\n        <measure>\r\n            <directions>\r\n                <time signature=\"3/4\"/>\r\n                <repeat type=\"start\"/>\r\n            </directions>\r\n        </measure>\r\n        <measure>\r\n            <directions>\r\n                <ending type=\"start\" number=\"1,2\"/>\r\n            </directions>\r\n        </measure>\r\n        <measure>\r\n            <directions>\r\n                <repeat type=\"end\"/>\r\n                <ending type=\"stop\"/>\r\n            </directions>\r\n        </measure>\r\n        <measure>\r\n            <directions>\r\n                <ending type=\"start\" number=\"3\"/>\r\n            </directions>\r\n        </measure>\r\n        <measure>\r\n            <directions>\r\n                <ending type=\"discontinue\"/>\r\n            </directions>\r\n        </measure>\r\n        <measure/>\r\n    </global>\r\n    <part>\r\n        <part-name>Music</part-name>\r\n        <measure>\r\n            <directions>\r\n                <clef sign=\"G\" line=\"2\"/>\r\n            </directions>\r\n            <sequence>\r\n                <event value=\"/2d\">\r\n                    <note pitch=\"C5\"/>\r\n                </event>\r\n            </sequence>\r\n        </measure>\r\n        <measure>\r\n            <sequence>\r\n                <event value=\"/2d\">\r\n                    <note pitch=\"E5\"/>\r\n                </event>\r\n            </sequence>\r\n        </measure>\r\n        <measure>\r\n            <sequence>\r\n                <event value=\"/2\">\r\n                    <note pitch=\"E5\"/>\r\n                </event>\r\n                <event value=\"/4\">\r\n                    <note pitch=\"D5\"/>\r\n                </event>\r\n            </sequence>\r\n        </measure>\r\n        <measure>\r\n            <sequence>\r\n                <event value=\"/2d\">\r\n                    <note pitch=\"G5\"/>\r\n                </event>\r\n            </sequence>\r\n        </measure>\r\n        <measure>\r\n            <sequence>\r\n                <event value=\"/2\">\r\n                    <note pitch=\"G5\"/>\r\n                </event>\r\n                <event value=\"/4\">\r\n                    <note pitch=\"F5\"/>\r\n                </event>\r\n            </sequence>\r\n        </measure>\r\n        <measure>\r\n            <sequence>\r\n                <event value=\"/2d\">\r\n                    <note pitch=\"E5\"/>\r\n                </event>\r\n            </sequence>\r\n        </measure>\r\n    </part>\r\n</mnx>",
        "image_url": "/static/examples/repeats-alternate-endings-advanced.png",
        "is_featured": false
    }
},
{
    "model": "spec.exampledocument",
    "pk": 27,
    "fields": {
        "name": "Jumps (Dal Segno)",
        "slug": "jumps-dal-segno",
        "blurb": "",
        "document": "<mnx>\r\n    <global>\r\n        <measure>\r\n            <directions>\r\n                <time signature=\"4/4\"/>\r\n            </directions>\r\n        </measure>\r\n        <measure>\r\n            <directions>\r\n                <segno/>\r\n            </directions>\r\n        </measure>\r\n        <measure/>\r\n        <measure/>\r\n        <measure>\r\n            <directions>\r\n                <jump type=\"segno\"/>\r\n            </directions>\r\n        </measure>\r\n    </global>\r\n    <part>\r\n        <part-name>Music</part-name>\r\n        <measure>\r\n            <directions>\r\n                <clef sign=\"G\" line=\"2\"/>\r\n            </directions>\r\n            <sequence>\r\n                <event value=\"/1\">\r\n                    <note pitch=\"C5\"/>\r\n                </event>\r\n            </sequence>\r\n        </measure>\r\n        <measure>\r\n            <sequence>\r\n                <event value=\"/1\">\r\n                    <note pitch=\"E5\"/>\r\n                </event>\r\n            </sequence>\r\n        </measure>\r\n        <measure>\r\n            <sequence>\r\n                <event value=\"/1\">\r\n                    <note pitch=\"C5\"/>\r\n                </event>\r\n            </sequence>\r\n        </measure>\r\n        <measure>\r\n            <sequence>\r\n                <event value=\"/1\">\r\n                    <note pitch=\"F5\"/>\r\n                </event>\r\n            </sequence>\r\n        </measure>\r\n        <measure>\r\n            <sequence>\r\n                <event value=\"/1\">\r\n                    <note pitch=\"C5\"/>\r\n                </event>\r\n            </sequence>\r\n        </measure>\r\n    </part>\r\n</mnx>",
        "image_url": "/static/examples/jumps-dal-segno.png",
        "is_featured": false
    }
},
{
    "model": "spec.exampledocument",
    "pk": 28,
    "fields": {
        "name": "Jumps (D.S. al Fine)",
        "slug": "jumps-ds-al-fine",
        "blurb": "",
        "document": "<mnx>\r\n    <global>\r\n        <measure>\r\n            <directions>\r\n                <time signature=\"4/4\"/>\r\n            </directions>\r\n        </measure>\r\n        <measure>\r\n            <directions>\r\n                <segno/>\r\n            </directions>\r\n        </measure>\r\n        <measure>\r\n            <directions>\r\n                <fine/>\r\n            </directions>\r\n        </measure>\r\n        <measure/>\r\n        <measure>\r\n            <directions>\r\n                <jump type=\"dsalfine\"/>\r\n            </directions>\r\n        </measure>\r\n    </global>\r\n    <part>\r\n        <part-name>Music</part-name>\r\n        <measure>\r\n            <directions>\r\n                <clef sign=\"G\" line=\"2\"/>\r\n            </directions>\r\n            <sequence>\r\n                <event value=\"/1\">\r\n                    <note pitch=\"C5\"/>\r\n                </event>\r\n            </sequence>\r\n        </measure>\r\n        <measure>\r\n            <sequence>\r\n                <event value=\"/1\">\r\n                    <note pitch=\"E5\"/>\r\n                </event>\r\n            </sequence>\r\n        </measure>\r\n        <measure>\r\n            <sequence>\r\n                <event value=\"/1\">\r\n                    <note pitch=\"C5\"/>\r\n                </event>\r\n            </sequence>\r\n        </measure>\r\n        <measure>\r\n            <sequence>\r\n                <event value=\"/1\">\r\n                    <note pitch=\"F5\"/>\r\n                </event>\r\n            </sequence>\r\n        </measure>\r\n        <measure>\r\n            <sequence>\r\n                <event value=\"/1\">\r\n                    <note pitch=\"C5\"/>\r\n                </event>\r\n            </sequence>\r\n        </measure>\r\n    </part>\r\n</mnx>",
        "image_url": "/static/examples/jumps-ds-al-fine.png",
        "is_featured": false
    }
},
{
    "model": "spec.exampledocumentconcept",
    "pk": 1,
    "fields": {
        "example": 28,
        "concept": 4
    }
},
{
    "model": "spec.exampledocumentconcept",
    "pk": 2,
    "fields": {
        "example": 27,
        "concept": 4
    }
},
{
    "model": "spec.exampledocumentconcept",
    "pk": 3,
    "fields": {
        "example": 9,
        "concept": 1
    }
},
{
    "model": "spec.exampledocumentconcept",
    "pk": 4,
    "fields": {
        "example": 10,
        "concept": 1
    }
},
{
    "model": "spec.exampledocumentconcept",
    "pk": 5,
    "fields": {
        "example": 11,
        "concept": 1
    }
},
{
    "model": "spec.exampledocumentconcept",
    "pk": 6,
    "fields": {
        "example": 12,
        "concept": 1
    }
},
{
    "model": "spec.exampledocumentconcept",
    "pk": 7,
    "fields": {
        "example": 13,
        "concept": 1
    }
},
{
    "model": "spec.exampledocumentconcept",
    "pk": 8,
    "fields": {
        "example": 26,
        "concept": 2
    }
},
{
    "model": "spec.exampledocumentconcept",
    "pk": 9,
    "fields": {
        "example": 25,
        "concept": 2
    }
},
{
    "model": "spec.exampledocumentconcept",
    "pk": 10,
    "fields": {
        "example": 24,
        "concept": 2
    }
},
{
    "model": "spec.exampledocumentconcept",
    "pk": 11,
    "fields": {
        "example": 23,
        "concept": 2
    }
},
{
    "model": "spec.exampledocumentconcept",
    "pk": 12,
    "fields": {
        "example": 22,
        "concept": 2
    }
},
{
    "model": "spec.exampledocumentconcept",
    "pk": 13,
    "fields": {
        "example": 17,
        "concept": 3
    }
},
{
    "model": "spec.exampledocumentconcept",
    "pk": 14,
    "fields": {
        "example": 18,
        "concept": 3
    }
},
{
    "model": "spec.exampledocumentconcept",
    "pk": 15,
    "fields": {
        "example": 19,
        "concept": 3
    }
},
{
    "model": "spec.exampledocumentconcept",
    "pk": 16,
    "fields": {
        "example": 20,
        "concept": 3
    }
},
{
    "model": "spec.elementconcept",
    "pk": 1,
    "fields": {
        "element": 16,
        "concept": 1
    }
},
{
    "model": "spec.elementconcept",
    "pk": 2,
    "fields": {
        "element": 17,
        "concept": 1
    }
},
{
    "model": "spec.elementconcept",
    "pk": 3,
    "fields": {
        "element": 15,
        "concept": 1
    }
},
{
    "model": "spec.elementconcept",
    "pk": 4,
    "fields": {
        "element": 25,
        "concept": 4
    }
},
{
    "model": "spec.elementconcept",
    "pk": 5,
    "fields": {
        "element": 24,
        "concept": 4
    }
},
{
    "model": "spec.elementconcept",
    "pk": 6,
    "fields": {
        "element": 26,
        "concept": 4
    }
},
{
    "model": "spec.elementconcept",
    "pk": 7,
    "fields": {
        "element": 22,
        "concept": 2
    }
},
{
    "model": "spec.elementconcept",
    "pk": 8,
    "fields": {
        "element": 23,
        "concept": 2
    }
},
{
    "model": "spec.elementconcept",
    "pk": 9,
    "fields": {
        "element": 21,
        "concept": 3
    }
}
]
