[
{
    "model": "auth.user",
    "pk": 1,
    "fields": {
        "password": "pbkdf2_sha256$216000$pRneCAm3jo5x$pI3qcpNTVAlpzOhYqodcqekMbpHf0wiy7Yer+gjcMyU=",
        "last_login": "2021-01-19T00:00:00Z",
        "is_superuser": true,
        "username": "admin",
        "first_name": "",
        "last_name": "",
        "email": "",
        "is_staff": true,
        "is_active": true,
        "date_joined": "2021-01-19T00:00:00Z",
        "groups": [],
        "user_permissions": []
    }
},
{
    "model": "spec.datatype",
    "pk": 1,
    "fields": {
        "name": "Time signature",
        "slug": "time-signature",
        "description": "",
        "is_featured": false
    }
},
{
    "model": "spec.datatype",
    "pk": 2,
    "fields": {
        "name": "Clef sign",
        "slug": "clef-sign",
        "description": "",
        "is_featured": true
    }
},
{
    "model": "spec.datatype",
    "pk": 3,
    "fields": {
        "name": "Staff line",
        "slug": "staff-line",
        "description": "",
        "is_featured": false
    }
},
{
    "model": "spec.datatype",
    "pk": 4,
    "fields": {
        "name": "Rhythmic duration",
        "slug": "rhythmic-duration",
        "description": "",
        "is_featured": false
    }
},
{
    "model": "spec.datatype",
    "pk": 5,
    "fields": {
        "name": "Chromatic pitch",
        "slug": "chromatic-pitch",
        "description": "",
        "is_featured": true
    }
},
{
    "model": "spec.datatype",
    "pk": 6,
    "fields": {
        "name": "Accidental",
        "slug": "accidental",
        "description": "",
        "is_featured": false
    }
},
{
    "model": "spec.datatype",
    "pk": 7,
    "fields": {
        "name": "Note ID",
        "slug": "note-id",
        "description": "",
        "is_featured": false
    }
},
{
    "model": "spec.datatype",
    "pk": 8,
    "fields": {
        "name": "Event ID",
        "slug": "event-id",
        "description": "",
        "is_featured": false
    }
},
{
    "model": "spec.datatype",
    "pk": 9,
    "fields": {
        "name": "Event ID list",
        "slug": "event-id-list",
        "description": "",
        "is_featured": false
    }
},
{
    "model": "spec.datatype",
    "pk": 10,
    "fields": {
        "name": "Beam hook direction",
        "slug": "beam-hook-direction",
        "description": "",
        "is_featured": false
    }
},
{
    "model": "spec.datatype",
    "pk": 11,
    "fields": {
        "name": "Note value quantity",
        "slug": "note-value-quantity",
        "description": "",
        "is_featured": true
    }
},
{
    "model": "spec.datatype",
    "pk": 12,
    "fields": {
        "name": "Octave shift type",
        "slug": "octave-shift-type",
        "description": "",
        "is_featured": false
    }
},
{
    "model": "spec.datatype",
    "pk": 13,
    "fields": {
        "name": "Measure location",
        "slug": "measure-location",
        "description": "",
        "is_featured": false
    }
},
{
    "model": "spec.datatype",
    "pk": 14,
    "fields": {
        "name": "Slur side",
        "slug": "slur-side",
        "description": "",
        "is_featured": false
    }
},
{
    "model": "spec.datatype",
    "pk": 15,
    "fields": {
        "name": "Slur end location",
        "slug": "slur-end-location",
        "description": "",
        "is_featured": false
    }
},
{
    "model": "spec.datatype",
    "pk": 16,
    "fields": {
        "name": "Line type",
        "slug": "line-type",
        "description": "",
        "is_featured": false
    }
},
{
    "model": "spec.datatype",
    "pk": 17,
    "fields": {
        "name": "Repeat type",
        "slug": "repeat-type",
        "description": "",
        "is_featured": false
    }
},
{
    "model": "spec.datatype",
    "pk": 18,
    "fields": {
        "name": "Repeat times",
        "slug": "repeat-times",
        "description": "",
        "is_featured": false
    }
},
{
    "model": "spec.datatype",
    "pk": 19,
    "fields": {
        "name": "Ending type",
        "slug": "ending-type",
        "description": "",
        "is_featured": false
    }
},
{
    "model": "spec.datatype",
    "pk": 20,
    "fields": {
        "name": "Ending number",
        "slug": "ending-number",
        "description": "",
        "is_featured": false
    }
},
{
    "model": "spec.datatype",
    "pk": 21,
    "fields": {
        "name": "Jump type",
        "slug": "jump-type",
        "description": "",
        "is_featured": false
    }
},
{
    "model": "spec.datatype",
    "pk": 26,
    "fields": {
        "name": "Grace note type",
        "slug": "grace-note-type",
        "description": "",
        "is_featured": false
    }
},
{
    "model": "spec.datatype",
    "pk": 27,
    "fields": {
        "name": "Yes or no",
        "slug": "yes-or-no",
        "description": "",
        "is_featured": false
    }
},
{
    "model": "spec.datatype",
    "pk": 28,
    "fields": {
        "name": "Yes, no or auto",
        "slug": "yes-no-or-auto",
        "description": "",
        "is_featured": false
    }
},
{
    "model": "spec.datatype",
    "pk": 29,
    "fields": {
        "name": "Orientation",
        "slug": "orientation",
        "description": "This specifies the placement and rendering of content.",
        "is_featured": false
    }
},
{
    "model": "spec.datatype",
    "pk": 30,
    "fields": {
        "name": "Staff index",
        "slug": "staff-index",
        "description": "The one-based numeric index of a staff within a part. In a single-staff part, this will be \"1\". In a grand staff part (which has two staves), the top staff has staff index \"1\" and the bottom staff has staff index \"2\".\r\n\r\nWithin a part, staff indexes should always increment by 1. For example, it's an error for a two-staff part to use staff indexes \"1\" and \"3\".",
        "is_featured": false
    }
},
{
    "model": "spec.datatype",
    "pk": 31,
    "fields": {
        "name": "Dynamic type",
        "slug": "dynamic-type",
        "description": "",
        "is_featured": false
    }
},
{
    "model": "spec.datatype",
    "pk": 32,
    "fields": {
        "name": "Wedge type",
        "slug": "wedge-type",
        "description": "",
        "is_featured": false
    }
},
{
    "model": "spec.datatype",
    "pk": 33,
    "fields": {
        "name": "String",
        "slug": "string",
        "description": "Text.",
        "is_featured": false
    }
},
{
    "model": "spec.datatype",
    "pk": 34,
    "fields": {
        "name": "Integer (signed)",
        "slug": "integer-signed",
        "description": "As defined at https://html.spec.whatwg.org/multipage/common-microsyntaxes.html#signed-integers",
        "is_featured": false
    }
},
{
    "model": "spec.datatypeoption",
    "pk": 1,
    "fields": {
        "data_type": 27,
        "value": "yes",
        "description": ""
    }
},
{
    "model": "spec.datatypeoption",
    "pk": 2,
    "fields": {
        "data_type": 27,
        "value": "no",
        "description": ""
    }
},
{
    "model": "spec.datatypeoption",
    "pk": 3,
    "fields": {
        "data_type": 26,
        "value": "steal-previous",
        "description": "The run of grace notes occupies a time interval that ends before the expected onset of the next non-grace event, shortening the duration of the preceding non-grace event."
    }
},
{
    "model": "spec.datatypeoption",
    "pk": 4,
    "fields": {
        "data_type": 26,
        "value": "steal-following",
        "description": "The run of grace notes occupies a time interval starting at the expected onset of the next non-grace event, both delaying its onset and shortening its duration."
    }
},
{
    "model": "spec.datatypeoption",
    "pk": 5,
    "fields": {
        "data_type": 26,
        "value": "make-time",
        "description": "The run of grace notes delays the onset of the next non-grace event."
    }
},
{
    "model": "spec.datatypeoption",
    "pk": 6,
    "fields": {
        "data_type": 28,
        "value": "yes",
        "description": "Yes."
    }
},
{
    "model": "spec.datatypeoption",
    "pk": 7,
    "fields": {
        "data_type": 28,
        "value": "no",
        "description": "No."
    }
},
{
    "model": "spec.datatypeoption",
    "pk": 8,
    "fields": {
        "data_type": 28,
        "value": "auto",
        "description": "Consuming software should decide on its own."
    }
},
{
    "model": "spec.datatypeoption",
    "pk": 9,
    "fields": {
        "data_type": 29,
        "value": "up",
        "description": "Upward."
    }
},
{
    "model": "spec.datatypeoption",
    "pk": 10,
    "fields": {
        "data_type": 29,
        "value": "down",
        "description": "Downward."
    }
},
{
    "model": "spec.datatypeoption",
    "pk": 11,
    "fields": {
        "data_type": 31,
        "value": "p",
        "description": ""
    }
},
{
    "model": "spec.datatypeoption",
    "pk": 12,
    "fields": {
        "data_type": 31,
        "value": "pp",
        "description": ""
    }
},
{
    "model": "spec.datatypeoption",
    "pk": 13,
    "fields": {
        "data_type": 31,
        "value": "ppp",
        "description": ""
    }
},
{
    "model": "spec.datatypeoption",
    "pk": 14,
    "fields": {
        "data_type": 31,
        "value": "pppp",
        "description": ""
    }
},
{
    "model": "spec.datatypeoption",
    "pk": 15,
    "fields": {
        "data_type": 31,
        "value": "ppppp",
        "description": ""
    }
},
{
    "model": "spec.datatypeoption",
    "pk": 16,
    "fields": {
        "data_type": 31,
        "value": "pppppp",
        "description": ""
    }
},
{
    "model": "spec.datatypeoption",
    "pk": 17,
    "fields": {
        "data_type": 31,
        "value": "f",
        "description": ""
    }
},
{
    "model": "spec.datatypeoption",
    "pk": 18,
    "fields": {
        "data_type": 31,
        "value": "ff",
        "description": ""
    }
},
{
    "model": "spec.datatypeoption",
    "pk": 19,
    "fields": {
        "data_type": 31,
        "value": "fff",
        "description": ""
    }
},
{
    "model": "spec.datatypeoption",
    "pk": 20,
    "fields": {
        "data_type": 31,
        "value": "ffff",
        "description": ""
    }
},
{
    "model": "spec.datatypeoption",
    "pk": 21,
    "fields": {
        "data_type": 31,
        "value": "fffff",
        "description": ""
    }
},
{
    "model": "spec.datatypeoption",
    "pk": 22,
    "fields": {
        "data_type": 31,
        "value": "ffffff",
        "description": ""
    }
},
{
    "model": "spec.datatypeoption",
    "pk": 23,
    "fields": {
        "data_type": 31,
        "value": "mp",
        "description": ""
    }
},
{
    "model": "spec.datatypeoption",
    "pk": 24,
    "fields": {
        "data_type": 31,
        "value": "mf",
        "description": ""
    }
},
{
    "model": "spec.datatypeoption",
    "pk": 25,
    "fields": {
        "data_type": 31,
        "value": "sf",
        "description": ""
    }
},
{
    "model": "spec.datatypeoption",
    "pk": 26,
    "fields": {
        "data_type": 31,
        "value": "sfp",
        "description": ""
    }
},
{
    "model": "spec.datatypeoption",
    "pk": 27,
    "fields": {
        "data_type": 31,
        "value": "sfpp",
        "description": ""
    }
},
{
    "model": "spec.datatypeoption",
    "pk": 28,
    "fields": {
        "data_type": 31,
        "value": "fp",
        "description": ""
    }
},
{
    "model": "spec.datatypeoption",
    "pk": 29,
    "fields": {
        "data_type": 31,
        "value": "rf",
        "description": ""
    }
},
{
    "model": "spec.datatypeoption",
    "pk": 30,
    "fields": {
        "data_type": 31,
        "value": "rfz",
        "description": ""
    }
},
{
    "model": "spec.datatypeoption",
    "pk": 31,
    "fields": {
        "data_type": 31,
        "value": "sfz",
        "description": ""
    }
},
{
    "model": "spec.datatypeoption",
    "pk": 32,
    "fields": {
        "data_type": 31,
        "value": "sffz",
        "description": ""
    }
},
{
    "model": "spec.datatypeoption",
    "pk": 33,
    "fields": {
        "data_type": 31,
        "value": "fz",
        "description": ""
    }
},
{
    "model": "spec.datatypeoption",
    "pk": 34,
    "fields": {
        "data_type": 31,
        "value": "n",
        "description": ""
    }
},
{
    "model": "spec.datatypeoption",
    "pk": 35,
    "fields": {
        "data_type": 31,
        "value": "pf",
        "description": ""
    }
},
{
    "model": "spec.datatypeoption",
    "pk": 36,
    "fields": {
        "data_type": 31,
        "value": "sfzp",
        "description": ""
    }
},
{
    "model": "spec.datatypeoption",
    "pk": 37,
    "fields": {
        "data_type": 32,
        "value": "diminuendo",
        "description": "A decrease in dynamic level."
    }
},
{
    "model": "spec.datatypeoption",
    "pk": 38,
    "fields": {
        "data_type": 32,
        "value": "crescendo",
        "description": "An increase in dynamic level."
    }
},
{
    "model": "spec.datatypeoption",
    "pk": 39,
    "fields": {
        "data_type": 2,
        "value": "G",
        "description": "G (treble) clef"
    }
},
{
    "model": "spec.datatypeoption",
    "pk": 40,
    "fields": {
        "data_type": 2,
        "value": "F",
        "description": "F (bass) clef"
    }
},
{
    "model": "spec.datatypeoption",
    "pk": 41,
    "fields": {
        "data_type": 2,
        "value": "C",
        "description": "C clef"
    }
},
{
    "model": "spec.datatypeoption",
    "pk": 42,
    "fields": {
        "data_type": 2,
        "value": "percussion",
        "description": "Percussion clef"
    }
},
{
    "model": "spec.datatypeoption",
    "pk": 43,
    "fields": {
        "data_type": 2,
        "value": "jianpu",
        "description": "Jianpu clef"
    }
},
{
    "model": "spec.concept",
    "pk": 1,
    "fields": {
        "name": "Beams",
        "slug": "beams",
        "description": "",
        "is_featured": true
    }
},
{
    "model": "spec.concept",
    "pk": 2,
    "fields": {
        "name": "Repeats",
        "slug": "repeats",
        "description": "",
        "is_featured": true
    }
},
{
    "model": "spec.concept",
    "pk": 3,
    "fields": {
        "name": "Slurs",
        "slug": "slurs",
        "description": "",
        "is_featured": true
    }
},
{
    "model": "spec.concept",
    "pk": 4,
    "fields": {
        "name": "Jumps",
        "slug": "jumps",
        "description": "",
        "is_featured": false
    }
},
{
    "model": "spec.documentformat",
    "pk": 1,
    "fields": {
        "name": "MusicXML",
        "slug": "musicxml"
    }
},
{
    "model": "spec.xmlelement",
    "pk": 1,
    "fields": {
        "name": "mnx",
        "slug": "mnx",
        "description": "This is the top-level element.",
        "is_featured": false,
        "attribute_groups": []
    }
},
{
    "model": "spec.xmlelement",
    "pk": 2,
    "fields": {
        "name": "global",
        "slug": "global",
        "description": "",
        "is_featured": false,
        "attribute_groups": []
    }
},
{
    "model": "spec.xmlelement",
    "pk": 3,
    "fields": {
        "name": "measure",
        "slug": "measure-global",
        "description": "",
        "is_featured": false,
        "attribute_groups": []
    }
},
{
    "model": "spec.xmlelement",
    "pk": 4,
    "fields": {
        "name": "directions",
        "slug": "directions-part",
        "description": "",
        "is_featured": false,
        "attribute_groups": []
    }
},
{
    "model": "spec.xmlelement",
    "pk": 5,
    "fields": {
        "name": "time",
        "slug": "time",
        "description": "",
        "is_featured": false,
        "attribute_groups": []
    }
},
{
    "model": "spec.xmlelement",
    "pk": 6,
    "fields": {
        "name": "part",
        "slug": "part",
        "description": "",
        "is_featured": false,
        "attribute_groups": []
    }
},
{
    "model": "spec.xmlelement",
    "pk": 7,
    "fields": {
        "name": "part-name",
        "slug": "part-name",
        "description": "",
        "is_featured": false,
        "attribute_groups": []
    }
},
{
    "model": "spec.xmlelement",
    "pk": 8,
    "fields": {
        "name": "measure",
        "slug": "measure-part",
        "description": "",
        "is_featured": false,
        "attribute_groups": []
    }
},
{
    "model": "spec.xmlelement",
    "pk": 9,
    "fields": {
        "name": "clef",
        "slug": "clef",
        "description": "",
        "is_featured": false,
        "attribute_groups": []
    }
},
{
    "model": "spec.xmlelement",
    "pk": 10,
    "fields": {
        "name": "sequence",
        "slug": "sequence",
        "description": "",
        "is_featured": true,
        "attribute_groups": []
    }
},
{
    "model": "spec.xmlelement",
    "pk": 11,
    "fields": {
        "name": "event",
        "slug": "event",
        "description": "",
        "is_featured": true,
        "attribute_groups": []
    }
},
{
    "model": "spec.xmlelement",
    "pk": 12,
    "fields": {
        "name": "note",
        "slug": "note",
        "description": "",
        "is_featured": true,
        "attribute_groups": []
    }
},
{
    "model": "spec.xmlelement",
    "pk": 13,
    "fields": {
        "name": "rest",
        "slug": "rest",
        "description": "",
        "is_featured": false,
        "attribute_groups": []
    }
},
{
    "model": "spec.xmlelement",
    "pk": 14,
    "fields": {
        "name": "tied",
        "slug": "tied",
        "description": "",
        "is_featured": false,
        "attribute_groups": []
    }
},
{
    "model": "spec.xmlelement",
    "pk": 15,
    "fields": {
        "name": "beams",
        "slug": "beams",
        "description": "",
        "is_featured": false,
        "attribute_groups": []
    }
},
{
    "model": "spec.xmlelement",
    "pk": 16,
    "fields": {
        "name": "beam",
        "slug": "beam",
        "description": "",
        "is_featured": false,
        "attribute_groups": []
    }
},
{
    "model": "spec.xmlelement",
    "pk": 17,
    "fields": {
        "name": "beam-hook",
        "slug": "beam-hook",
        "description": "",
        "is_featured": false,
        "attribute_groups": []
    }
},
{
    "model": "spec.xmlelement",
    "pk": 18,
    "fields": {
        "name": "tuplet",
        "slug": "tuplet",
        "description": "",
        "is_featured": false,
        "attribute_groups": []
    }
},
{
    "model": "spec.xmlelement",
    "pk": 19,
    "fields": {
        "name": "octave-shift",
        "slug": "octave-shift",
        "description": "",
        "is_featured": false,
        "attribute_groups": [
            1,
            2
        ]
    }
},
{
    "model": "spec.xmlelement",
    "pk": 20,
    "fields": {
        "name": "directions",
        "slug": "directions-global",
        "description": "",
        "is_featured": false,
        "attribute_groups": []
    }
},
{
    "model": "spec.xmlelement",
    "pk": 21,
    "fields": {
        "name": "slur",
        "slug": "slur",
        "description": "",
        "is_featured": false,
        "attribute_groups": []
    }
},
{
    "model": "spec.xmlelement",
    "pk": 22,
    "fields": {
        "name": "repeat",
        "slug": "repeat",
        "description": "",
        "is_featured": false,
        "attribute_groups": []
    }
},
{
    "model": "spec.xmlelement",
    "pk": 23,
    "fields": {
        "name": "ending",
        "slug": "ending",
        "description": "",
        "is_featured": false,
        "attribute_groups": []
    }
},
{
    "model": "spec.xmlelement",
    "pk": 24,
    "fields": {
        "name": "segno",
        "slug": "segno",
        "description": "",
        "is_featured": false,
        "attribute_groups": []
    }
},
{
    "model": "spec.xmlelement",
    "pk": 25,
    "fields": {
        "name": "jump",
        "slug": "jump",
        "description": "",
        "is_featured": false,
        "attribute_groups": []
    }
},
{
    "model": "spec.xmlelement",
    "pk": 26,
    "fields": {
        "name": "fine",
        "slug": "fine",
        "description": "",
        "is_featured": false,
        "attribute_groups": []
    }
},
{
    "model": "spec.xmlelement",
    "pk": 29,
    "fields": {
        "name": "grace",
        "slug": "grace",
        "description": "",
        "is_featured": false,
        "attribute_groups": []
    }
},
{
    "model": "spec.xmlelement",
    "pk": 30,
    "fields": {
        "name": "directions",
        "slug": "directions-sequence",
        "description": "",
        "is_featured": false,
        "attribute_groups": []
    }
},
{
    "model": "spec.xmlelement",
    "pk": 31,
    "fields": {
        "name": "dynamics",
        "slug": "dynamics",
        "description": "Describes a textual dynamic direction to the performer.",
        "is_featured": false,
        "attribute_groups": [
            1
        ]
    }
},
{
    "model": "spec.xmlelement",
    "pk": 32,
    "fields": {
        "name": "instruction",
        "slug": "instruction",
        "description": "A run of text that is presented in a visual style consistent with general instructions to the performer.\r\n\r\nThe content of this element is the text.",
        "is_featured": false,
        "attribute_groups": [
            1
        ]
    }
},
{
    "model": "spec.xmlelement",
    "pk": 33,
    "fields": {
        "name": "expression",
        "slug": "expression",
        "description": "A run of text that is presented in a visual style consistent with describing musical expression.\r\n\r\nThe content of this element is the text.",
        "is_featured": false,
        "attribute_groups": [
            1
        ]
    }
},
{
    "model": "spec.xmlelement",
    "pk": 34,
    "fields": {
        "name": "wedge",
        "slug": "wedge",
        "description": "",
        "is_featured": false,
        "attribute_groups": [
            1,
            2
        ]
    }
},
{
    "model": "spec.xmlelement",
    "pk": 35,
    "fields": {
        "name": "cresc",
        "slug": "cresc",
        "description": "A crescendo or increasing dynamic level over the course of a span, notated as text followed by a dashed line.",
        "is_featured": false,
        "attribute_groups": [
            1,
            2
        ]
    }
},
{
    "model": "spec.xmlelement",
    "pk": 36,
    "fields": {
        "name": "dim",
        "slug": "dim",
        "description": "A diminuendo or decreasing dynamic level over the course of a span, notated as text followed by a dashed line.",
        "is_featured": false,
        "attribute_groups": [
            1,
            2
        ]
    }
},
{
    "model": "spec.xmlelement",
    "pk": 37,
    "fields": {
        "name": "key",
        "slug": "key",
        "description": "A key signature applicable to this and all following measures, until changed.\r\n\r\n<key> elements in <global> are required for every key change. <key> elements below <part> are optional; if present, their \"fifths\" value must either be identical to the corresponding value in the global key or different by a multiple of 12.",
        "is_featured": false,
        "attribute_groups": []
    }
},
{
    "model": "spec.xmlattribute",
    "pk": 1,
    "fields": {
        "element": 5,
        "attribute_group": null,
        "name": "signature",
        "is_required": true,
        "description": "",
        "data_type": 1
    }
},
{
    "model": "spec.xmlattribute",
    "pk": 2,
    "fields": {
        "element": 9,
        "attribute_group": null,
        "name": "sign",
        "is_required": true,
        "description": "",
        "data_type": 2
    }
},
{
    "model": "spec.xmlattribute",
    "pk": 3,
    "fields": {
        "element": 9,
        "attribute_group": null,
        "name": "line",
        "is_required": true,
        "description": "",
        "data_type": 3
    }
},
{
    "model": "spec.xmlattribute",
    "pk": 4,
    "fields": {
        "element": 11,
        "attribute_group": null,
        "name": "value",
        "is_required": false,
        "description": "",
        "data_type": 4
    }
},
{
    "model": "spec.xmlattribute",
    "pk": 5,
    "fields": {
        "element": 12,
        "attribute_group": null,
        "name": "pitch",
        "is_required": false,
        "description": "",
        "data_type": 5
    }
},
{
    "model": "spec.xmlattribute",
    "pk": 6,
    "fields": {
        "element": 12,
        "attribute_group": null,
        "name": "accidental",
        "is_required": false,
        "description": "",
        "data_type": 6
    }
},
{
    "model": "spec.xmlattribute",
    "pk": 7,
    "fields": {
        "element": 14,
        "attribute_group": null,
        "name": "target",
        "is_required": true,
        "description": "",
        "data_type": 7
    }
},
{
    "model": "spec.xmlattribute",
    "pk": 8,
    "fields": {
        "element": 12,
        "attribute_group": null,
        "name": "id",
        "is_required": false,
        "description": "",
        "data_type": 7
    }
},
{
    "model": "spec.xmlattribute",
    "pk": 9,
    "fields": {
        "element": 11,
        "attribute_group": null,
        "name": "id",
        "is_required": false,
        "description": "",
        "data_type": 8
    }
},
{
    "model": "spec.xmlattribute",
    "pk": 10,
    "fields": {
        "element": 16,
        "attribute_group": null,
        "name": "events",
        "is_required": false,
        "description": "",
        "data_type": 9
    }
},
{
    "model": "spec.xmlattribute",
    "pk": 11,
    "fields": {
        "element": 17,
        "attribute_group": null,
        "name": "event",
        "is_required": true,
        "description": "",
        "data_type": 8
    }
},
{
    "model": "spec.xmlattribute",
    "pk": 12,
    "fields": {
        "element": 17,
        "attribute_group": null,
        "name": "direction",
        "is_required": false,
        "description": "",
        "data_type": 10
    }
},
{
    "model": "spec.xmlattribute",
    "pk": 13,
    "fields": {
        "element": 18,
        "attribute_group": null,
        "name": "inner",
        "is_required": true,
        "description": "",
        "data_type": 11
    }
},
{
    "model": "spec.xmlattribute",
    "pk": 14,
    "fields": {
        "element": 18,
        "attribute_group": null,
        "name": "outer",
        "is_required": true,
        "description": "",
        "data_type": 11
    }
},
{
    "model": "spec.xmlattribute",
    "pk": 15,
    "fields": {
        "element": 19,
        "attribute_group": null,
        "name": "type",
        "is_required": true,
        "description": "",
        "data_type": 12
    }
},
{
    "model": "spec.xmlattribute",
    "pk": 17,
    "fields": {
        "element": 21,
        "attribute_group": null,
        "name": "side",
        "is_required": false,
        "description": "",
        "data_type": 14
    }
},
{
    "model": "spec.xmlattribute",
    "pk": 18,
    "fields": {
        "element": 21,
        "attribute_group": null,
        "name": "target",
        "is_required": false,
        "description": "",
        "data_type": 8
    }
},
{
    "model": "spec.xmlattribute",
    "pk": 19,
    "fields": {
        "element": 21,
        "attribute_group": null,
        "name": "location",
        "is_required": false,
        "description": "",
        "data_type": 15
    }
},
{
    "model": "spec.xmlattribute",
    "pk": 20,
    "fields": {
        "element": 21,
        "attribute_group": null,
        "name": "start-note",
        "is_required": false,
        "description": "",
        "data_type": 7
    }
},
{
    "model": "spec.xmlattribute",
    "pk": 21,
    "fields": {
        "element": 21,
        "attribute_group": null,
        "name": "end-note",
        "is_required": false,
        "description": "",
        "data_type": 7
    }
},
{
    "model": "spec.xmlattribute",
    "pk": 22,
    "fields": {
        "element": 21,
        "attribute_group": null,
        "name": "line-type",
        "is_required": false,
        "description": "",
        "data_type": 16
    }
},
{
    "model": "spec.xmlattribute",
    "pk": 23,
    "fields": {
        "element": 21,
        "attribute_group": null,
        "name": "side-end",
        "is_required": false,
        "description": "",
        "data_type": 14
    }
},
{
    "model": "spec.xmlattribute",
    "pk": 24,
    "fields": {
        "element": 22,
        "attribute_group": null,
        "name": "type",
        "is_required": true,
        "description": "",
        "data_type": 17
    }
},
{
    "model": "spec.xmlattribute",
    "pk": 25,
    "fields": {
        "element": 22,
        "attribute_group": null,
        "name": "times",
        "is_required": false,
        "description": "",
        "data_type": 18
    }
},
{
    "model": "spec.xmlattribute",
    "pk": 26,
    "fields": {
        "element": 23,
        "attribute_group": null,
        "name": "type",
        "is_required": true,
        "description": "",
        "data_type": 19
    }
},
{
    "model": "spec.xmlattribute",
    "pk": 27,
    "fields": {
        "element": 23,
        "attribute_group": null,
        "name": "number",
        "is_required": false,
        "description": "",
        "data_type": 20
    }
},
{
    "model": "spec.xmlattribute",
    "pk": 28,
    "fields": {
        "element": 25,
        "attribute_group": null,
        "name": "type",
        "is_required": true,
        "description": "",
        "data_type": 21
    }
},
{
    "model": "spec.xmlattribute",
    "pk": 33,
    "fields": {
        "element": 29,
        "attribute_group": null,
        "name": "type",
        "is_required": false,
        "description": "",
        "data_type": 26
    }
},
{
    "model": "spec.xmlattribute",
    "pk": 34,
    "fields": {
        "element": 29,
        "attribute_group": null,
        "name": "slash",
        "is_required": false,
        "description": "",
        "data_type": 27
    }
},
{
    "model": "spec.xmlattribute",
    "pk": 35,
    "fields": {
        "element": 18,
        "attribute_group": null,
        "name": "bracket",
        "is_required": false,
        "description": "",
        "data_type": 28
    }
},
{
    "model": "spec.xmlattribute",
    "pk": 36,
    "fields": {
        "element": 18,
        "attribute_group": null,
        "name": "orient",
        "is_required": false,
        "description": "",
        "data_type": 29
    }
},
{
    "model": "spec.xmlattribute",
    "pk": 38,
    "fields": {
        "element": 10,
        "attribute_group": null,
        "name": "orient",
        "is_required": false,
        "description": "Default orientation of the content in this sequence. If not provided, the orientation is determined automatically according to the implementation’s rendering rules and may be overridden by descendant elements.",
        "data_type": 29
    }
},
{
    "model": "spec.xmlattribute",
    "pk": 39,
    "fields": {
        "element": null,
        "attribute_group": 1,
        "name": "staff",
        "is_required": false,
        "description": "The staff index to which this direction applies, if such a designation makes sense. If not provided, the value is inherited from any sequence ancestor that specified it. If no ancestor did so, the consuming software should determine the value automatically according to its own logic.",
        "data_type": 30
    }
},
{
    "model": "spec.xmlattribute",
    "pk": 40,
    "fields": {
        "element": null,
        "attribute_group": 1,
        "name": "orient",
        "is_required": false,
        "description": "A specific orientation for this direction. If not provided, the value is inherited from any sequence ancestor that specified it. If no ancestor did so, the consuming software should determine the value automatically according to its own logic.",
        "data_type": 29
    }
},
{
    "model": "spec.xmlattribute",
    "pk": 41,
    "fields": {
        "element": null,
        "attribute_group": 2,
        "name": "end",
        "is_required": true,
        "description": "",
        "data_type": 13
    }
},
{
    "model": "spec.xmlattribute",
    "pk": 42,
    "fields": {
        "element": 31,
        "attribute_group": null,
        "name": "type",
        "is_required": true,
        "description": "",
        "data_type": 31
    }
},
{
    "model": "spec.xmlattribute",
    "pk": 43,
    "fields": {
        "element": 34,
        "attribute_group": null,
        "name": "type",
        "is_required": true,
        "description": "",
        "data_type": 32
    }
},
{
    "model": "spec.xmlattribute",
    "pk": 44,
    "fields": {
        "element": 35,
        "attribute_group": null,
        "name": "text",
        "is_required": false,
        "description": "Overrides the text to be displayed in the score for this element.",
        "data_type": 33
    }
},
{
    "model": "spec.xmlattribute",
    "pk": 45,
    "fields": {
        "element": 36,
        "attribute_group": null,
        "name": "text",
        "is_required": false,
        "description": "Overrides the text to be displayed in the score for this element.",
        "data_type": 33
    }
},
{
    "model": "spec.xmlattribute",
    "pk": 46,
    "fields": {
        "element": 37,
        "attribute_group": null,
        "name": "fifths",
        "is_required": true,
        "description": "The number of fifths distance from a signature with no accidentals.",
        "data_type": 34
    }
},
{
    "model": "spec.xmlattribute",
    "pk": 47,
    "fields": {
        "element": 5,
        "attribute_group": null,
        "name": "measure",
        "is_required": false,
        "description": "This overrides the notated time signature for the current measure only, where this value differs from \"signature\". This is of particular use for anacruses and for shortened measures prior to a repeat or jump back to an anacrusis.\r\n\r\nThe \"measure\" attribute must be provided in all cases where the actual content of a measure is of a different length from that indicated by \"signature\". MNX does not require consumer implementations to examine the contents of measures to determine their intended length.",
        "data_type": 1
    }
},
{
    "model": "spec.xmlattribute",
    "pk": 48,
    "fields": {
        "element": 9,
        "attribute_group": null,
        "name": "octave",
        "is_required": false,
        "description": "The number of octaves by which the pitches normally indicated by the given clef sign should be transposed. Default is zero.",
        "data_type": 34
    }
},
{
    "model": "spec.xmlattributegroup",
    "pk": 1,
    "fields": {
        "name": "Direction"
    }
},
{
    "model": "spec.xmlattributegroup",
    "pk": 2,
    "fields": {
        "name": "Span"
    }
},
{
    "model": "spec.xmlrelationship",
    "pk": 1,
    "fields": {
        "parent": 1,
        "child": 2,
        "min_amount": 1,
        "max_amount": 1
    }
},
{
    "model": "spec.xmlrelationship",
    "pk": 2,
    "fields": {
        "parent": 2,
        "child": 3,
        "min_amount": 1,
        "max_amount": null
    }
},
{
    "model": "spec.xmlrelationship",
    "pk": 3,
    "fields": {
        "parent": 3,
        "child": 20,
        "min_amount": 0,
        "max_amount": null
    }
},
{
    "model": "spec.xmlrelationship",
    "pk": 5,
    "fields": {
        "parent": 1,
        "child": 6,
        "min_amount": 1,
        "max_amount": null
    }
},
{
    "model": "spec.xmlrelationship",
    "pk": 6,
    "fields": {
        "parent": 6,
        "child": 7,
        "min_amount": 0,
        "max_amount": 1
    }
},
{
    "model": "spec.xmlrelationship",
    "pk": 7,
    "fields": {
        "parent": 8,
        "child": 4,
        "min_amount": 0,
        "max_amount": 1
    }
},
{
    "model": "spec.xmlrelationship",
    "pk": 8,
    "fields": {
        "parent": 8,
        "child": 10,
        "min_amount": 1,
        "max_amount": null
    }
},
{
    "model": "spec.xmlrelationship",
    "pk": 9,
    "fields": {
        "parent": 10,
        "child": 11,
        "min_amount": 1,
        "max_amount": null
    }
},
{
    "model": "spec.xmlrelationship",
    "pk": 10,
    "fields": {
        "parent": 11,
        "child": 12,
        "min_amount": 0,
        "max_amount": null
    }
},
{
    "model": "spec.xmlrelationship",
    "pk": 11,
    "fields": {
        "parent": 6,
        "child": 8,
        "min_amount": 1,
        "max_amount": null
    }
},
{
    "model": "spec.xmlrelationship",
    "pk": 12,
    "fields": {
        "parent": 11,
        "child": 13,
        "min_amount": 0,
        "max_amount": 1
    }
},
{
    "model": "spec.xmlrelationship",
    "pk": 13,
    "fields": {
        "parent": 15,
        "child": 16,
        "min_amount": 1,
        "max_amount": null
    }
},
{
    "model": "spec.xmlrelationship",
    "pk": 14,
    "fields": {
        "parent": 10,
        "child": 15,
        "min_amount": 0,
        "max_amount": 1
    }
},
{
    "model": "spec.xmlrelationship",
    "pk": 15,
    "fields": {
        "parent": 16,
        "child": 16,
        "min_amount": 0,
        "max_amount": null
    }
},
{
    "model": "spec.xmlrelationship",
    "pk": 16,
    "fields": {
        "parent": 16,
        "child": 17,
        "min_amount": 0,
        "max_amount": null
    }
},
{
    "model": "spec.xmlrelationship",
    "pk": 17,
    "fields": {
        "parent": 10,
        "child": 18,
        "min_amount": 0,
        "max_amount": null
    }
},
{
    "model": "spec.xmlrelationship",
    "pk": 18,
    "fields": {
        "parent": 18,
        "child": 11,
        "min_amount": 0,
        "max_amount": null
    }
},
{
    "model": "spec.xmlrelationship",
    "pk": 19,
    "fields": {
        "parent": 18,
        "child": 18,
        "min_amount": 0,
        "max_amount": null
    }
},
{
    "model": "spec.xmlrelationship",
    "pk": 21,
    "fields": {
        "parent": 20,
        "child": 5,
        "min_amount": 0,
        "max_amount": 1
    }
},
{
    "model": "spec.xmlrelationship",
    "pk": 22,
    "fields": {
        "parent": 11,
        "child": 21,
        "min_amount": 0,
        "max_amount": null
    }
},
{
    "model": "spec.xmlrelationship",
    "pk": 23,
    "fields": {
        "parent": 20,
        "child": 22,
        "min_amount": 0,
        "max_amount": 2
    }
},
{
    "model": "spec.xmlrelationship",
    "pk": 24,
    "fields": {
        "parent": 4,
        "child": 9,
        "min_amount": 0,
        "max_amount": 1
    }
},
{
    "model": "spec.xmlrelationship",
    "pk": 25,
    "fields": {
        "parent": 20,
        "child": 23,
        "min_amount": 0,
        "max_amount": 2
    }
},
{
    "model": "spec.xmlrelationship",
    "pk": 26,
    "fields": {
        "parent": 20,
        "child": 24,
        "min_amount": 0,
        "max_amount": 1
    }
},
{
    "model": "spec.xmlrelationship",
    "pk": 27,
    "fields": {
        "parent": 20,
        "child": 25,
        "min_amount": 0,
        "max_amount": 1
    }
},
{
    "model": "spec.xmlrelationship",
    "pk": 28,
    "fields": {
        "parent": 20,
        "child": 26,
        "min_amount": 0,
        "max_amount": 1
    }
},
{
    "model": "spec.xmlrelationship",
    "pk": 32,
    "fields": {
        "parent": 29,
        "child": 11,
        "min_amount": 1,
        "max_amount": null
    }
},
{
    "model": "spec.xmlrelationship",
    "pk": 34,
    "fields": {
        "parent": 18,
        "child": 29,
        "min_amount": 0,
        "max_amount": null
    }
},
{
    "model": "spec.xmlrelationship",
    "pk": 35,
    "fields": {
        "parent": 10,
        "child": 29,
        "min_amount": 0,
        "max_amount": null
    }
},
{
    "model": "spec.xmlrelationship",
    "pk": 36,
    "fields": {
        "parent": 30,
        "child": 19,
        "min_amount": 0,
        "max_amount": null
    }
},
{
    "model": "spec.xmlrelationship",
    "pk": 37,
    "fields": {
        "parent": 10,
        "child": 30,
        "min_amount": 0,
        "max_amount": null
    }
},
{
    "model": "spec.xmlrelationship",
    "pk": 39,
    "fields": {
        "parent": 30,
        "child": 31,
        "min_amount": 0,
        "max_amount": null
    }
},
{
    "model": "spec.xmlrelationship",
    "pk": 40,
    "fields": {
        "parent": 30,
        "child": 32,
        "min_amount": 0,
        "max_amount": null
    }
},
{
    "model": "spec.xmlrelationship",
    "pk": 41,
    "fields": {
        "parent": 30,
        "child": 33,
        "min_amount": 0,
        "max_amount": null
    }
},
{
    "model": "spec.xmlrelationship",
    "pk": 42,
    "fields": {
        "parent": 30,
        "child": 34,
        "min_amount": 0,
        "max_amount": null
    }
},
{
    "model": "spec.xmlrelationship",
    "pk": 43,
    "fields": {
        "parent": 30,
        "child": 35,
        "min_amount": 0,
        "max_amount": null
    }
},
{
    "model": "spec.xmlrelationship",
    "pk": 44,
    "fields": {
        "parent": 30,
        "child": 36,
        "min_amount": 0,
        "max_amount": null
    }
},
{
    "model": "spec.xmlrelationship",
    "pk": 45,
    "fields": {
        "parent": 20,
        "child": 37,
        "min_amount": 0,
        "max_amount": 1
    }
},
{
    "model": "spec.xmlrelationship",
    "pk": 46,
    "fields": {
        "parent": 4,
        "child": 37,
        "min_amount": 0,
        "max_amount": 1
    }
},
{
    "model": "spec.exampledocument",
    "pk": 1,
    "fields": {
        "name": "“Hello world”",
        "slug": "hello-world",
        "blurb": "This basic MNX document contains a single middle C whole note, on a treble clef stave, in 4/4 time.",
        "document": "<mnx>\r\n    <global>\r\n        <measure>\r\n            <directions>\r\n                <time signature=\"4/4\"/>\r\n            </directions>\r\n        </measure>\r\n    </global>\r\n    <part>\r\n        <part-name>Music</part-name>\r\n        <measure barline=\"regular\">\r\n            <directions>\r\n                <clef sign=\"G\" line=\"2\"/>\r\n            </directions>\r\n            <sequence>\r\n                <event value=\"/1\">\r\n                    <note pitch=\"C4\"/>\r\n                </event>\r\n            </sequence>\r\n        </measure>\r\n    </part>\r\n</mnx>",
        "image_url": "/static/examples/hello-world.png",
        "is_featured": true
    }
},
{
    "model": "spec.exampledocument",
    "pk": 2,
    "fields": {
        "name": "Two-bar C major scale",
        "slug": "two-bar-c-major-scale",
        "blurb": "",
        "document": "<mnx>\r\n    <global>\r\n        <measure>\r\n            <directions>\r\n                <time signature=\"4/4\"/>\r\n            </directions>\r\n        </measure>\r\n        <measure/>\r\n    </global>\r\n    <part>\r\n        <part-name>Music</part-name>\r\n        <measure>\r\n            <directions>\r\n                <clef sign=\"G\" line=\"2\"/>\r\n            </directions>\r\n            <sequence>\r\n                <event value=\"/4\">\r\n                    <note pitch=\"C4\"/>\r\n                </event>\r\n                <event value=\"/4\">\r\n                    <note pitch=\"D4\"/>\r\n                </event>\r\n                <event value=\"/4\">\r\n                    <note pitch=\"E4\"/>\r\n                </event>\r\n                <event value=\"/4\">\r\n                    <note pitch=\"F4\"/>\r\n                </event>\r\n            </sequence>\r\n        </measure>\r\n        <measure barline=\"regular\">\r\n            <sequence>\r\n                <event value=\"/4\">\r\n                    <note pitch=\"G4\"/>\r\n                </event>\r\n                <event value=\"/4\">\r\n                    <note pitch=\"A4\"/>\r\n                </event>\r\n                <event value=\"/4\">\r\n                    <note pitch=\"B4\"/>\r\n                </event>\r\n                <event value=\"/4\">\r\n                    <note pitch=\"C5\"/>\r\n                </event>\r\n            </sequence>\r\n        </measure>\r\n    </part>\r\n</mnx>",
        "image_url": "/static/examples/two-bar-c-major-scale.png",
        "is_featured": false
    }
},
{
    "model": "spec.exampledocument",
    "pk": 3,
    "fields": {
        "name": "Three-note chord and half rest",
        "slug": "three-note-chord-and-half-rest",
        "blurb": "",
        "document": "<mnx>\r\n    <global>\r\n        <measure>\r\n            <directions>\r\n                <time signature=\"4/4\"/>\r\n            </directions>\r\n        </measure>\r\n    </global>\r\n    <part>\r\n        <part-name>Music</part-name>\r\n        <measure barline=\"regular\">\r\n            <directions>\r\n                <clef sign=\"G\" line=\"2\"/>\r\n            </directions>\r\n            <sequence><metadiff>\r\n                <event value=\"/2\">\r\n                    <note pitch=\"C4\"/>\r\n                    <note pitch=\"E4\"/>\r\n                    <note pitch=\"G4\"/>\r\n                </event>\r\n                <event value=\"/2\">\r\n                    <rest/>\r\n                </event>\r\n            </metadiff></sequence>\r\n        </measure>\r\n    </part>\r\n</mnx>",
        "image_url": "/static/examples/three-note-chord-and-half-rest.png",
        "is_featured": false
    }
},
{
    "model": "spec.exampledocument",
    "pk": 4,
    "fields": {
        "name": "Time signatures",
        "slug": "time-signatures",
        "blurb": "",
        "document": "<mnx>\r\n    <metadiff><global>\r\n        <measure>\r\n            <directions>\r\n                <time signature=\"4/4\"/>\r\n            </directions>\r\n        </measure>\r\n        <measure/>\r\n        <measure>\r\n            <directions>\r\n                <time signature=\"2/4\"/>\r\n            </directions>\r\n        </measure>\r\n    </global></metadiff>\r\n    <part>\r\n        <part-name>Music</part-name>\r\n        <measure>\r\n            <directions>\r\n                <clef sign=\"G\" line=\"2\"/>\r\n            </directions>\r\n            <sequence>\r\n                <event value=\"/4\">\r\n                    <note pitch=\"C5\"/>\r\n                </event>\r\n                <event value=\"/4\">\r\n                    <note pitch=\"D5\"/>\r\n                </event>\r\n                <event value=\"/4\">\r\n                    <note pitch=\"E5\"/>\r\n                </event>\r\n                <event value=\"/4\">\r\n                    <note pitch=\"F5\"/>\r\n                </event>\r\n            </sequence>\r\n        </measure>\r\n        <measure>\r\n            <sequence>\r\n                <event value=\"/4\">\r\n                    <note pitch=\"C5\"/>\r\n                </event>\r\n                <event value=\"/4\">\r\n                    <note pitch=\"D5\"/>\r\n                </event>\r\n                <event value=\"/4\">\r\n                    <note pitch=\"E5\"/>\r\n                </event>\r\n                <event value=\"/4\">\r\n                    <note pitch=\"F5\"/>\r\n                </event>\r\n            </sequence>\r\n        </measure>\r\n        <measure>\r\n            <sequence>\r\n                <event value=\"/4\">\r\n                    <note pitch=\"B4\"/>\r\n                </event>\r\n                <event value=\"/4\">\r\n                    <note pitch=\"D5\"/>\r\n                </event>\r\n            </sequence>\r\n        </measure>\r\n    </part>\r\n</mnx>",
        "image_url": "/static/examples/time-signatures.png",
        "is_featured": false
    }
},
{
    "model": "spec.exampledocument",
    "pk": 5,
    "fields": {
        "name": "Key signatures",
        "slug": "key-signatures",
        "blurb": "",
        "document": "<mnx>\r\n    <global>\r\n        <measure>\r\n            <directions>\r\n                <time signature=\"4/4\"/>\r\n                <metadiff><key fifths=\"4\"/></metadiff>\r\n            </directions>\r\n        </measure>\r\n        <measure/>\r\n        <measure>\r\n            <directions>\r\n                <metadiff><key fifths=\"-4\"/></metadiff>\r\n            </directions>\r\n        </measure>\r\n        <measure/>\r\n    </global>\r\n    <part>\r\n        <part-name>Music</part-name>\r\n        <measure>\r\n            <directions>\r\n                <clef sign=\"G\" line=\"2\"/>\r\n            </directions>\r\n            <sequence>\r\n                <event value=\"/4\">\r\n                    <note pitch=\"E5\"/>\r\n                </event>\r\n                <event value=\"/4\">\r\n                    <note pitch=\"F#5\"/>\r\n                </event>\r\n                <event value=\"/4\">\r\n                    <note pitch=\"G#5\"/>\r\n                </event>\r\n                <event value=\"/4\">\r\n                    <note pitch=\"E5\"/>\r\n                </event>\r\n            </sequence>\r\n        </measure>\r\n        <measure>\r\n            <sequence>\r\n                <event value=\"/1\">\r\n                    <note pitch=\"G#5\"/>\r\n                </event>\r\n            </sequence>\r\n        </measure>\r\n        <measure>\r\n            <sequence>\r\n                <event value=\"/4\">\r\n                    <note pitch=\"Ab4\"/>\r\n                </event>\r\n                <event value=\"/4\">\r\n                    <note pitch=\"Bb4\"/>\r\n                </event>\r\n                <event value=\"/4\">\r\n                    <note pitch=\"C5\"/>\r\n                </event>\r\n                <event value=\"/4\">\r\n                    <note pitch=\"Ab4\"/>\r\n                </event>\r\n            </sequence>\r\n        </measure>\r\n        <measure>\r\n            <sequence>\r\n                <event value=\"/1\">\r\n                    <note pitch=\"C5\"/>\r\n                </event>\r\n            </sequence>\r\n        </measure>\r\n    </part>\r\n</mnx>",
        "image_url": "/static/examples/key-signatures.png",
        "is_featured": false
    }
},
{
    "model": "spec.exampledocument",
    "pk": 6,
    "fields": {
        "name": "Accidentals",
        "slug": "accidentals",
        "blurb": "",
        "document": "<mnx>\r\n    <global>\r\n        <measure>\r\n            <directions>\r\n                <time signature=\"4/4\"/>\r\n                <key fifths=\"-2\"/>\r\n            </directions>\r\n        </measure>\r\n        <measure/>\r\n        <measure/>\r\n    </global>\r\n    <part>\r\n        <part-name>Music</part-name>\r\n        <measure>\r\n            <directions>\r\n                <clef sign=\"G\" line=\"2\"/>\r\n            </directions>\r\n            <sequence>\r\n                <event value=\"/4\">\r\n                    <note pitch=\"F4\"/>\r\n                </event>\r\n                <event value=\"/4\">\r\n                    <note pitch=\"G4\"/>\r\n                </event>\r\n                <event value=\"/4\">\r\n                    <metadiff><note pitch=\"G#4\" accidental=\"sharp\"/></metadiff>\r\n                </event>\r\n                <event value=\"/4\">\r\n                    <note pitch=\"A4\"/>\r\n                </event>\r\n            </sequence>\r\n        </measure>\r\n        <measure>\r\n            <sequence>\r\n                <event value=\"/2\">\r\n                    <note pitch=\"Bb4\"/>\r\n                </event>\r\n                <event value=\"/4\">\r\n                    <metadiff><note pitch=\"Db5\" accidental=\"flat\"/></metadiff>\r\n                </event>\r\n                <event value=\"/4\">\r\n                    <note pitch=\"Db5\"/>\r\n                </event>\r\n            </sequence>\r\n        </measure>\r\n        <measure>\r\n            <sequence>\r\n                <event value=\"/1\">\r\n                    <metadiff><note pitch=\"D5\" accidental=\"natural\"/></metadiff>\r\n                </event>\r\n            </sequence>\r\n        </measure>\r\n    </part>\r\n</mnx>",
        "image_url": "/static/examples/accidentals.png",
        "is_featured": false
    }
},
{
    "model": "spec.exampledocument",
    "pk": 7,
    "fields": {
        "name": "Dotted notes (augmentation dots)",
        "slug": "dotted-notes",
        "blurb": "",
        "document": "<mnx>\r\n    <global>\r\n        <measure>\r\n            <directions>\r\n                <time signature=\"4/4\"/>\r\n            </directions>\r\n        </measure>\r\n    </global>\r\n    <part>\r\n        <part-name>Music</part-name>\r\n        <measure>\r\n            <directions>\r\n                <clef sign=\"G\" line=\"2\"/>\r\n            </directions>\r\n            <sequence>\r\n                <metadiff><event value=\"/4d\">\r\n                    <note pitch=\"G4\"/>\r\n                    <note pitch=\"C5\"/>\r\n                </event></metadiff>\r\n                <event value=\"/8\">\r\n                    <note pitch=\"E5\"/>\r\n                </event>\r\n                <metadiff><event value=\"/4d\">\r\n                    <note pitch=\"F4\"/>\r\n                    <note pitch=\"D5\"/>\r\n                </event></metadiff>\r\n                <event value=\"/8\">\r\n                    <note pitch=\"F5\"/>\r\n                </event>\r\n            </sequence>\r\n        </measure>\r\n    </part>\r\n</mnx>",
        "image_url": "/static/examples/dotted-notes.png",
        "is_featured": false
    }
},
{
    "model": "spec.exampledocument",
    "pk": 8,
    "fields": {
        "name": "Ties",
        "slug": "ties",
        "blurb": "",
        "document": "<mnx>\r\n    <global>\r\n        <measure>\r\n            <directions>\r\n                <time signature=\"4/4\"/>\r\n            </directions>\r\n        </measure>\r\n        <measure/>\r\n    </global>\r\n    <part>\r\n        <part-name>Music</part-name>\r\n        <measure>\r\n            <directions>\r\n                <clef sign=\"G\" line=\"2\"/>\r\n            </directions>\r\n            <sequence>\r\n                <event value=\"/4\">\r\n                    <note pitch=\"C5\"/>\r\n                </event>\r\n                <event value=\"/4\">\r\n                    <note pitch=\"E5\">\r\n                        <metadiff><tied target=\"note3\"/></metadiff>\r\n                    </note>\r\n                </event>\r\n                <event value=\"/4\">\r\n                    <note pitch=\"E5\" id=\"note3\"/>\r\n                </event>\r\n                <event value=\"/4\">\r\n                    <note pitch=\"C5\">\r\n                        <metadiff><tied target=\"note5\"/></metadiff>\r\n                    </note>\r\n                </event>\r\n            </sequence>\r\n        </measure>\r\n        <measure>\r\n            <sequence>\r\n                <event value=\"/2\">\r\n                    <note pitch=\"C5\" id=\"note5\">\r\n                        <metadiff><tied target=\"note6\"/></metadiff>\r\n                    </note>\r\n                </event>\r\n                <event value=\"/2\">\r\n                    <note pitch=\"C5\" id=\"note6\"/>\r\n                </event>\r\n            </sequence>\r\n        </measure>\r\n    </part>\r\n</mnx>",
        "image_url": "/static/examples/ties.png",
        "is_featured": false
    }
},
{
    "model": "spec.exampledocument",
    "pk": 9,
    "fields": {
        "name": "Beams",
        "slug": "beams",
        "blurb": "",
        "document": "<mnx>\r\n    <global>\r\n        <measure>\r\n            <directions>\r\n                <time signature=\"4/4\"/>\r\n            </directions>\r\n        </measure>\r\n        <measure/>\r\n    </global>\r\n    <part>\r\n        <part-name>Music</part-name>\r\n        <measure>\r\n            <directions>\r\n                <clef line=\"2\" sign=\"G\"/>\r\n            </directions>\r\n            <sequence>\r\n                <metadiff><beams>\r\n                    <beam events=\"ev1 ev2 ev3 ev4\"/>\r\n                    <beam events=\"ev5 ev6 ev7 ev8\"/>\r\n                </beams></metadiff>\r\n                <event id=\"ev1\" value=\"/8\">\r\n                    <note pitch=\"C5\"/>\r\n                </event>\r\n                <event id=\"ev2\" value=\"/8\">\r\n                    <note pitch=\"D5\"/>\r\n                </event>\r\n                <event id=\"ev3\" value=\"/8\">\r\n                    <note pitch=\"E5\"/>\r\n                </event>\r\n                <event id=\"ev4\" value=\"/8\">\r\n                    <note pitch=\"F5\"/>\r\n                </event>\r\n                <event id=\"ev5\" value=\"/8\">\r\n                    <note pitch=\"D4\"/>\r\n                </event>\r\n                <event id=\"ev6\" value=\"/8\">\r\n                    <note pitch=\"E4\"/>\r\n                </event>\r\n                <event id=\"ev7\" value=\"/8\">\r\n                    <note pitch=\"F4\"/>\r\n                </event>\r\n                <event id=\"ev8\" value=\"/8\">\r\n                    <note pitch=\"G4\"/>\r\n                </event>\r\n            </sequence>\r\n        </measure>\r\n        <measure>\r\n            <sequence>\r\n                <metadiff><beams>\r\n                    <beam events=\"ev9 ev10 ev11 ev12 ev13\">\r\n                        <beam events=\"ev11 ev12\"/>\r\n                    </beam>\r\n                    <beam events=\"ev14 ev15\"/>\r\n                </beams></metadiff>\r\n                <event id=\"ev9\" value=\"/8\">\r\n                    <note pitch=\"G4\"/>\r\n                </event>\r\n                <event id=\"ev10\" value=\"/8\">\r\n                    <rest/>\r\n                </event>\r\n                <event id=\"ev11\" value=\"/16\">\r\n                    <note pitch=\"D4\"/>\r\n                </event>\r\n                <event id=\"ev12\" value=\"/16\">\r\n                    <note pitch=\"E4\"/>\r\n                </event>\r\n                <event id=\"ev13\" value=\"/8\">\r\n                    <note pitch=\"G4\"/>\r\n                </event>\r\n                <event id=\"ev14\" value=\"/8\">\r\n                    <note pitch=\"E4\"/>\r\n                </event>\r\n                <event id=\"ev15\" value=\"/8\">\r\n                    <note pitch=\"D4\"/>\r\n                </event>\r\n                <event value=\"/4\">\r\n                    <note pitch=\"C4\"/>\r\n                </event>\r\n            </sequence>\r\n        </measure>\r\n    </part>\r\n</mnx>",
        "image_url": "/static/examples/beams.png",
        "is_featured": false
    }
},
{
    "model": "spec.exampledocument",
    "pk": 10,
    "fields": {
        "name": "Beams (secondary beam breaks)",
        "slug": "beams-secondary-beam-breaks",
        "blurb": "",
        "document": "<mnx>\r\n    <global>\r\n        <measure>\r\n            <directions>\r\n                <time signature=\"4/4\"/>\r\n            </directions>\r\n        </measure>\r\n    </global>\r\n    <part>\r\n        <part-name>Music</part-name>\r\n        <measure>\r\n            <directions>\r\n                <clef line=\"2\" sign=\"G\"/>\r\n            </directions>\r\n            <sequence>\r\n                <metadiff><beams>\r\n                    <beam events=\"ev1 ev2 ev3 ev4 ev5 ev6 ev7 ev8\">\r\n                        <beam events=\"ev1 ev2 ev3 ev4\">\r\n                            <beam events=\"ev1 ev2 ev3 ev4\"/>\r\n                        </beam>\r\n                        <beam events=\"ev5 ev6 ev7 ev8\">\r\n                            <beam events=\"ev5 ev6 ev7 ev8\"/>\r\n                        </beam>\r\n                    </beam>\r\n                    <beam events=\"ev9 ev10 ev11 ev12 ev13 ev14 ev15 ev16\">\r\n                        <beam events=\"ev9 ev10 ev11 ev12\">\r\n                            <beam events=\"ev9 ev10\"/>\r\n                            <beam events=\"ev11 ev12\"/>\r\n                        </beam>\r\n                        <beam events=\"ev13 ev14 ev15 ev16\">\r\n                            <beam events=\"ev13 ev14\"/>\r\n                            <beam events=\"ev15 ev16\"/>\r\n                        </beam>\r\n                    </beam>\r\n                </beams></metadiff>\r\n                <event id=\"ev1\" value=\"/32\">\r\n                    <note pitch=\"C5\"/>\r\n                </event>\r\n                <event id=\"ev2\" value=\"/32\">\r\n                    <note pitch=\"D5\"/>\r\n                </event>\r\n                <event id=\"ev3\" value=\"/32\">\r\n                    <note pitch=\"E5\"/>\r\n                </event>\r\n                <event id=\"ev4\" value=\"/32\">\r\n                    <note pitch=\"F5\"/>\r\n                </event>\r\n                <event id=\"ev5\" value=\"/32\">\r\n                    <note pitch=\"C5\"/>\r\n                </event>\r\n                <event id=\"ev6\" value=\"/32\">\r\n                    <note pitch=\"D5\"/>\r\n                </event>\r\n                <event id=\"ev7\" value=\"/32\">\r\n                    <note pitch=\"E5\"/>\r\n                </event>\r\n                <event id=\"ev8\" value=\"/32\">\r\n                    <note pitch=\"F5\"/>\r\n                </event>\r\n                <event id=\"ev9\" value=\"/32\">\r\n                    <note pitch=\"C5\"/>\r\n                </event>\r\n                <event id=\"ev10\" value=\"/32\">\r\n                    <note pitch=\"D5\"/>\r\n                </event>\r\n                <event id=\"ev11\" value=\"/32\">\r\n                    <note pitch=\"E5\"/>\r\n                </event>\r\n                <event id=\"ev12\" value=\"/32\">\r\n                    <note pitch=\"F5\"/>\r\n                </event>\r\n                <event id=\"ev13\" value=\"/32\">\r\n                    <note pitch=\"C5\"/>\r\n                </event>\r\n                <event id=\"ev14\" value=\"/32\">\r\n                    <note pitch=\"D5\"/>\r\n                </event>\r\n                <event id=\"ev15\" value=\"/32\">\r\n                    <note pitch=\"E5\"/>\r\n                </event>\r\n                <event id=\"ev16\" value=\"/32\">\r\n                    <note pitch=\"F5\"/>\r\n                </event>\r\n                <event value=\"/2\">\r\n                    <rest/>\r\n                </event>\r\n            </sequence>\r\n        </measure>\r\n    </part>\r\n</mnx>",
        "image_url": "/static/examples/beams-secondary-beam-breaks.png",
        "is_featured": false
    }
},
{
    "model": "spec.exampledocument",
    "pk": 11,
    "fields": {
        "name": "Beams (hooks)",
        "slug": "beam-hooks",
        "blurb": "",
        "document": "<mnx>\r\n    <global>\r\n        <measure>\r\n            <directions>\r\n                <time signature=\"4/4\"/>\r\n            </directions>\r\n        </measure>\r\n    </global>\r\n    <part>\r\n        <part-name>Music</part-name>\r\n        <measure>\r\n            <directions>\r\n                <clef line=\"2\" sign=\"G\"/>\r\n            </directions>\r\n            <sequence>\r\n                <metadiff><beams>\r\n                    <beam events=\"ev1 ev2 ev3\">\r\n                        <beam-hook direction=\"right\" event=\"ev1\"/>\r\n                        <beam-hook direction=\"left\" event=\"ev3\"/>\r\n                    </beam>\r\n                    <beam events=\"ev4 ev5 ev6\">\r\n                        <beam-hook direction=\"right\" event=\"ev4\"/>\r\n                        <beam-hook direction=\"left\" event=\"ev6\"/>\r\n                    </beam>\r\n                    <beam events=\"ev7 ev8 ev9\">\r\n                        <beam-hook direction=\"right\" event=\"ev7\"/>\r\n                        <beam-hook direction=\"left\" event=\"ev9\"/>\r\n                    </beam>\r\n                </beams></metadiff>\r\n                <event id=\"ev1\" value=\"/16\">\r\n                    <note pitch=\"C5\"/>\r\n                </event>\r\n                <event id=\"ev2\" value=\"/8\">\r\n                    <note pitch=\"D5\"/>\r\n                </event>\r\n                <event id=\"ev3\" value=\"/16\">\r\n                    <note pitch=\"C5\"/>\r\n                </event>\r\n                <event id=\"ev4\" value=\"/16\">\r\n                    <note pitch=\"E5\"/>\r\n                </event>\r\n                <event id=\"ev5\" value=\"/8\">\r\n                    <note pitch=\"F5\"/>\r\n                </event>\r\n                <event id=\"ev6\" value=\"/16\">\r\n                    <note pitch=\"E5\"/>\r\n                </event>\r\n                <event id=\"ev7\" value=\"/16\">\r\n                    <note pitch=\"G5\"/>\r\n                </event>\r\n                <event id=\"ev8\" value=\"/8\">\r\n                    <note pitch=\"A5\"/>\r\n                </event>\r\n                <event id=\"ev9\" value=\"/16\">\r\n                    <note pitch=\"G5\"/>\r\n                </event>\r\n                <event value=\"/4\">\r\n                    <note pitch=\"C6\"/>\r\n                </event>\r\n            </sequence>\r\n        </measure>\r\n    </part>\r\n</mnx>",
        "image_url": "/static/examples/beam-hooks.png",
        "is_featured": false
    }
},
{
    "model": "spec.exampledocument",
    "pk": 12,
    "fields": {
        "name": "Beams (with inner grace notes)",
        "slug": "beams-inner-grace-notes",
        "blurb": "",
        "document": "<mnx>\r\n    <global>\r\n        <measure>\r\n            <directions>\r\n                <time signature=\"4/4\"/>\r\n            </directions>\r\n        </measure>\r\n    </global>\r\n    <part>\r\n        <part-name>Music</part-name>\r\n        <measure>\r\n            <directions>\r\n                <clef line=\"2\" sign=\"G\"/>\r\n            </directions>\r\n            <sequence>\r\n                <metadiff><beams>\r\n                    <beam events=\"ev1 ev3 ev4 ev5\"/>\r\n                </beams></metadiff>\r\n                <event id=\"ev1\" value=\"/8\">\r\n                    <note pitch=\"C5\"/>\r\n                </event>\r\n                <grace>\r\n                    <event value=\"/8\">\r\n                        <note pitch=\"B4\"/>\r\n                    </event>\r\n                </grace>\r\n                <event id=\"ev3\" value=\"/8\">\r\n                    <note pitch=\"D5\"/>\r\n                </event>\r\n                <event id=\"ev4\" value=\"/8\">\r\n                    <note pitch=\"E5\"/>\r\n                </event>\r\n                <event id=\"ev5\" value=\"/8\">\r\n                    <note pitch=\"F5\"/>\r\n                </event>\r\n                <event value=\"/2\">\r\n                    <rest/>\r\n                </event>\r\n            </sequence>\r\n        </measure>\r\n    </part>\r\n</mnx>",
        "image_url": "/static/examples/beams-inner-grace-notes.png",
        "is_featured": false
    }
},
{
    "model": "spec.exampledocument",
    "pk": 13,
    "fields": {
        "name": "Beams (across barlines)",
        "slug": "beams-across-barlines",
        "blurb": "",
        "document": "<mnx>\r\n    <global>\r\n        <measure>\r\n            <directions>\r\n                <time signature=\"4/4\"/>\r\n            </directions>\r\n        </measure>\r\n        <measure/>\r\n    </global>\r\n    <part>\r\n        <part-name>Music</part-name>\r\n        <measure>\r\n            <directions>\r\n                <clef line=\"2\" sign=\"G\"/>\r\n            </directions>\r\n            <sequence>\r\n                <metadiff><beams>\r\n                    <beam events=\"ev3 ev4 ev5 ev6\"/>\r\n                </beams></metadiff>\r\n                <event value=\"/2\">\r\n                    <rest/>\r\n                </event>\r\n                <event value=\"/4\">\r\n                    <rest/>\r\n                </event>\r\n                <event id=\"ev3\" value=\"/8\">\r\n                    <note pitch=\"C5\"/>\r\n                </event>\r\n                <event id=\"ev4\" value=\"/8\">\r\n                    <note pitch=\"D5\"/>\r\n                </event>\r\n            </sequence>\r\n        </measure>\r\n        <measure>\r\n            <sequence>\r\n                <event id=\"ev5\" value=\"/8\">\r\n                    <note pitch=\"E5\"/>\r\n                </event>\r\n                <event id=\"ev6\" value=\"/8\">\r\n                    <note pitch=\"F5\"/>\r\n                </event>\r\n                <event value=\"/4\">\r\n                    <rest/>\r\n                </event>\r\n                <event value=\"/2\">\r\n                    <rest/>\r\n                </event>\r\n            </sequence>\r\n        </measure>\r\n    </part>\r\n</mnx>",
        "image_url": "/static/examples/beams-across-barlines.png",
        "is_featured": false
    }
},
{
    "model": "spec.exampledocument",
    "pk": 14,
    "fields": {
        "name": "Tuplets",
        "slug": "tuplets",
        "blurb": "",
        "document": "<mnx>\r\n    <global>\r\n        <measure>\r\n            <directions>\r\n                <time signature=\"4/4\"/>\r\n            </directions>\r\n        </measure>\r\n        <measure/>\r\n    </global>\r\n    <part>\r\n        <part-name>Music</part-name>\r\n        <measure>\r\n            <directions>\r\n                <clef line=\"2\" sign=\"G\"/>\r\n            </directions>\r\n            <sequence>\r\n                <beams>\r\n                    <beam events=\"event3 event4 event5\"/>\r\n                </beams>\r\n                <metadiff><tuplet inner=\"3/8\" outer=\"2/8\">\r\n                    <event value=\"/4\">\r\n                        <note pitch=\"C5\"/>\r\n                    </event>\r\n                    <event value=\"/8\">\r\n                        <note pitch=\"G4\"/>\r\n                    </event>\r\n                </tuplet>\r\n                <tuplet inner=\"3/8\" outer=\"2/8\">\r\n                    <event id=\"event3\" value=\"/8\">\r\n                        <note pitch=\"E4\"/>\r\n                    </event>\r\n                    <event id=\"event4\" value=\"/8\">\r\n                        <note pitch=\"F4\"/>\r\n                    </event>\r\n                    <event id=\"event5\" value=\"/8\">\r\n                        <note pitch=\"G4\"/>\r\n                    </event>\r\n                </tuplet></metadiff>\r\n                <event value=\"/4\">\r\n                    <note pitch=\"E5\"/>\r\n                </event>\r\n                <event value=\"/4\">\r\n                    <note pitch=\"D5\"/>\r\n                </event>\r\n            </sequence>\r\n        </measure>\r\n        <measure>\r\n            <sequence>\r\n                <metadiff><tuplet inner=\"6/4\" outer=\"4/4\">\r\n                    <event value=\"/4\">\r\n                        <note pitch=\"C5\"/>\r\n                    </event>\r\n                    <event value=\"/4\">\r\n                        <note pitch=\"D5\"/>\r\n                    </event>\r\n                    <event value=\"/4\">\r\n                        <note pitch=\"C5\"/>\r\n                    </event>\r\n                    <event value=\"/4\">\r\n                        <note pitch=\"G4\"/>\r\n                    </event>\r\n                    <event value=\"/4\">\r\n                        <note pitch=\"E5\"/>\r\n                    </event>\r\n                    <event value=\"/4\">\r\n                        <note pitch=\"C5\"/>\r\n                    </event>\r\n                </tuplet></metadiff>\r\n            </sequence>\r\n        </measure>\r\n    </part>\r\n</mnx>",
        "image_url": "/static/examples/tuplets.png",
        "is_featured": false
    }
},
{
    "model": "spec.exampledocument",
    "pk": 15,
    "fields": {
        "name": "Multiple voices",
        "slug": "multiple-voices",
        "blurb": "",
        "document": "<mnx>\r\n    <global>\r\n        <measure>\r\n            <directions>\r\n                <time signature=\"4/4\"/>\r\n            </directions>\r\n        </measure>\r\n        <measure/>\r\n    </global>\r\n    <part>\r\n        <part-name>Music</part-name>\r\n        <measure>\r\n            <directions>\r\n                <clef sign=\"G\" line=\"2\"/>\r\n            </directions>\r\n            <metadiff><sequence>\r\n                <event value=\"/2\">\r\n                    <note pitch=\"C4\"/>\r\n                </event>\r\n                <event value=\"/2\">\r\n                    <note pitch=\"G3\"/>\r\n                </event>\r\n            </sequence>\r\n            <sequence>\r\n                <event value=\"/4\">\r\n                    <note pitch=\"E5\"/>\r\n                </event>\r\n                <event value=\"/4\">\r\n                    <note pitch=\"F5\"/>\r\n                </event>\r\n                <event value=\"/4\">\r\n                    <note pitch=\"G5\"/>\r\n                </event>\r\n                <event value=\"/4\">\r\n                    <note pitch=\"B4\"/>\r\n                </event>\r\n            </sequence></metadiff>\r\n        </measure>\r\n        <measure>\r\n            <metadiff><sequence>\r\n                <event value=\"/1\">\r\n                    <note pitch=\"C4\"/>\r\n                </event>\r\n            </sequence>\r\n            <sequence>\r\n                <event value=\"/4\">\r\n                    <note pitch=\"D5\"/>\r\n                </event>\r\n                <event value=\"/4\">\r\n                    <note pitch=\"C5\"/>\r\n                </event>\r\n                <event value=\"/2\">\r\n                    <note pitch=\"C6\"/>\r\n                </event>\r\n            </sequence></metadiff>\r\n        </measure>\r\n    </part>\r\n</mnx>",
        "image_url": "/static/examples/multiple-voices.png",
        "is_featured": true
    }
},
{
    "model": "spec.exampledocument",
    "pk": 16,
    "fields": {
        "name": "Octave shifts (8va)",
        "slug": "octave-shifts-8va",
        "blurb": "",
        "document": "<mnx>\r\n    <global>\r\n        <measure>\r\n            <directions>\r\n                <time signature=\"4/4\"/>\r\n            </directions>\r\n        </measure>\r\n        <measure/>\r\n    </global>\r\n    <part>\r\n        <part-name>Music</part-name>\r\n        <measure>\r\n            <directions>\r\n                <clef sign=\"G\" line=\"2\"/>\r\n            </directions>\r\n            <sequence>\r\n                <event value=\"/4\">\r\n                    <note pitch=\"C5\"/>\r\n                </event>\r\n                <event value=\"/4\">\r\n                    <note pitch=\"E5\"/>\r\n                </event>\r\n                <metadiff><directions>\r\n                    <octave-shift type=\"-8\" end=\"2:1/2\" />\r\n                </directions></metadiff>\r\n                <event value=\"/2\">\r\n                    <note pitch=\"C7\"/>\r\n                </event>\r\n            </sequence>\r\n        </measure>\r\n        <measure>\r\n            <sequence>\r\n                <event value=\"/2\">\r\n                    <note pitch=\"E7\"/>\r\n                </event>\r\n                <event value=\"/4\">\r\n                    <note pitch=\"C7\"/>\r\n                </event>\r\n                <event value=\"/4\">\r\n                    <note pitch=\"C6\"/>\r\n                </event>\r\n            </sequence>\r\n        </measure>\r\n    </part>\r\n</mnx>",
        "image_url": "/static/examples/octave-shifts-8va.png",
        "is_featured": false
    }
},
{
    "model": "spec.exampledocument",
    "pk": 17,
    "fields": {
        "name": "Slurs",
        "slug": "slurs",
        "blurb": "",
        "document": "<mnx>\r\n    <global>\r\n        <measure>\r\n            <directions>\r\n                <time signature=\"4/4\"/>\r\n            </directions>\r\n        </measure>\r\n        <measure/>\r\n    </global>\r\n    <part>\r\n        <part-name>Music</part-name>\r\n        <measure>\r\n            <directions>\r\n                <clef sign=\"G\" line=\"2\"/>\r\n            </directions>\r\n            <sequence>\r\n                <event value=\"/4\" id=\"event1\">\r\n                    <note pitch=\"C5\"/>\r\n                    <metadiff><slur side=\"up\" target=\"event4\" /></metadiff>\r\n                </event>\r\n                <event value=\"/4\" id=\"event2\">\r\n                    <note pitch=\"D5\"/>\r\n                </event>\r\n                <event value=\"/4\" id=\"event3\">\r\n                    <note pitch=\"E5\"/>\r\n                </event>\r\n                <event value=\"/4\" id=\"event4\">\r\n                    <note pitch=\"C5\"/>\r\n                </event>\r\n            </sequence>\r\n        </measure>\r\n        <measure>\r\n            <sequence>\r\n                <event value=\"/4\" id=\"event5\">\r\n                    <note pitch=\"G4\"/>\r\n                    <metadiff><slur side=\"down\" target=\"event8\" /></metadiff>\r\n                </event>\r\n                <event value=\"/4\" id=\"event6\">\r\n                    <note pitch=\"A4\"/>\r\n                </event>\r\n                <event value=\"/4\" id=\"event7\">\r\n                    <note pitch=\"G4\"/>\r\n                </event>\r\n                <event value=\"/4\" id=\"event8\">\r\n                    <note pitch=\"E4\"/>\r\n                </event>\r\n            </sequence>\r\n        </measure>\r\n    </part>\r\n</mnx>",
        "image_url": "/static/examples/slurs.png",
        "is_featured": false
    }
},
{
    "model": "spec.exampledocument",
    "pk": 18,
    "fields": {
        "name": "Slurs (for chords)",
        "slug": "slurs-chords",
        "blurb": "",
        "document": "<mnx>\r\n    <global>\r\n        <measure>\r\n            <directions>\r\n                <time signature=\"4/4\"/>\r\n            </directions>\r\n        </measure>\r\n    </global>\r\n    <part>\r\n        <part-name>Music</part-name>\r\n        <measure>\r\n            <directions>\r\n                <clef sign=\"G\" line=\"2\"/>\r\n            </directions>\r\n            <sequence>\r\n                <event value=\"/4\" id=\"event1\">\r\n                    <metadiff><slur side=\"up\" target=\"event4\" /></metadiff>\r\n                    <note pitch=\"C5\"/>\r\n                    <note pitch=\"E5\"/>\r\n                </event>\r\n                <event value=\"/4\" id=\"event2\">\r\n                    <note pitch=\"D5\"/>\r\n                    <note pitch=\"F5\"/>\r\n                </event>\r\n                <event value=\"/4\" id=\"event3\">\r\n                    <note pitch=\"E5\"/>\r\n                    <note pitch=\"G5\"/>\r\n                </event>\r\n                <event value=\"/4\" id=\"event4\">\r\n                    <note pitch=\"F5\"/>\r\n                    <note pitch=\"A5\"/>\r\n                </event>\r\n            </sequence>\r\n        </measure>\r\n    </part>\r\n</mnx>",
        "image_url": "/static/examples/slurs-chords.png",
        "is_featured": false
    }
},
{
    "model": "spec.exampledocument",
    "pk": 19,
    "fields": {
        "name": "Slurs (targeting specific notes)",
        "slug": "slurs-targeting-specific-notes",
        "blurb": "",
        "document": "<mnx>\r\n    <global>\r\n        <measure>\r\n            <directions>\r\n                <time signature=\"4/4\"/>\r\n            </directions>\r\n        </measure>\r\n    </global>\r\n    <part>\r\n        <part-name>Music</part-name>\r\n        <measure>\r\n            <directions>\r\n                <clef sign=\"G\" line=\"2\"/>\r\n            </directions>\r\n            <sequence>\r\n                <event value=\"/2\" id=\"event1\">\r\n                    <note pitch=\"C5\" id=\"note1\"/>\r\n                    <note pitch=\"E5\" id=\"note2\"/>\r\n                    <note pitch=\"G5\" id=\"note3\"/>\r\n                    <metadiff><slur side=\"down\" target=\"event2\"\r\n                        start-note=\"note1\" end-note=\"note4\"/>\r\n                    <slur side=\"up\" target=\"event2\"\r\n                        start-note=\"note2\" end-note=\"note5\"/>\r\n                    <slur side=\"up\" target=\"event2\"\r\n                        start-note=\"note3\" end-note=\"note6\"/></metadiff>\r\n                </event>\r\n                <event value=\"/2\" id=\"event2\">\r\n                    <note pitch=\"B4\" id=\"note4\"/>\r\n                    <note pitch=\"D5\" id=\"note5\"/>\r\n                    <note pitch=\"F5\" id=\"note6\"/>\r\n                </event>\r\n            </sequence>\r\n        </measure>\r\n    </part>\r\n</mnx>",
        "image_url": "/static/examples/slurs-targeting-specific-notes.png",
        "is_featured": false
    }
},
{
    "model": "spec.exampledocument",
    "pk": 20,
    "fields": {
        "name": "Slurs (incomplete slurs)",
        "slug": "slurs-incomplete-slurs",
        "blurb": "",
        "document": "<mnx>\r\n    <global>\r\n        <measure>\r\n            <directions>\r\n                <time signature=\"4/4\"/>\r\n            </directions>\r\n        </measure>\r\n    </global>\r\n    <part>\r\n        <part-name>Music</part-name>\r\n        <measure>\r\n            <directions>\r\n                <clef sign=\"G\" line=\"2\"/>\r\n            </directions>\r\n            <sequence>\r\n                <event value=\"/2\">\r\n                    <note pitch=\"C5\"/>\r\n                </event>\r\n                <event value=\"/2\">\r\n                    <note pitch=\"D5\"/>\r\n                    <metadiff><slur side=\"up\" location=\"outgoing\"/></metadiff>\r\n                </event>\r\n            </sequence>\r\n        </measure>\r\n    </part>\r\n</mnx>",
        "image_url": "/static/examples/slurs-incomplete-slurs.png",
        "is_featured": false
    }
},
{
    "model": "spec.exampledocument",
    "pk": 21,
    "fields": {
        "name": "Parts",
        "slug": "parts",
        "blurb": "",
        "document": "<mnx>\r\n    <global>\r\n        <measure>\r\n            <directions>\r\n                <time signature=\"4/4\"/>\r\n            </directions>\r\n        </measure>\r\n        <measure/>\r\n    </global>\r\n    <part>\r\n        <part-name>Melody</part-name>\r\n        <measure>\r\n            <directions>\r\n                <clef line=\"2\" sign=\"G\"/>\r\n            </directions>\r\n            <sequence>\r\n                <event value=\"/4\">\r\n                    <note pitch=\"C5\"/>\r\n                </event>\r\n                <event value=\"/4\">\r\n                    <note pitch=\"D5\"/>\r\n                </event>\r\n                <event value=\"/4\">\r\n                    <note pitch=\"E5\"/>\r\n                </event>\r\n                <event value=\"/4\">\r\n                    <note pitch=\"G5\"/>\r\n                </event>\r\n            </sequence>\r\n        </measure>\r\n        <measure>\r\n            <sequence>\r\n                <event value=\"/4\">\r\n                    <note pitch=\"C5\"/>\r\n                </event>\r\n                <event value=\"/4\">\r\n                    <note pitch=\"D5\"/>\r\n                </event>\r\n                <event value=\"/4\">\r\n                    <note pitch=\"E5\"/>\r\n                </event>\r\n                <event value=\"/4\">\r\n                    <note pitch=\"C5\"/>\r\n                </event>\r\n            </sequence>\r\n        </measure>\r\n    </part>\r\n    <part>\r\n        <part-name>Harmony</part-name>\r\n        <measure>\r\n            <directions>\r\n                <clef line=\"2\" sign=\"G\"/>\r\n            </directions>\r\n            <sequence>\r\n                <beams>\r\n                    <beam events=\"event6 event7 event8 event9\"/>\r\n                </beams>\r\n                <event value=\"/2\">\r\n                    <rest/>\r\n                </event>\r\n                <event id=\"event6\" value=\"/8\">\r\n                    <note pitch=\"C5\"/>\r\n                </event>\r\n                <event id=\"event7\" value=\"/8\">\r\n                    <note pitch=\"D5\"/>\r\n                </event>\r\n                <event id=\"event8\" value=\"/8\">\r\n                    <note pitch=\"E5\"/>\r\n                </event>\r\n                <event id=\"event9\" value=\"/8\">\r\n                    <note pitch=\"D5\"/>\r\n                </event>\r\n            </sequence>\r\n        </measure>\r\n        <measure>\r\n            <sequence>\r\n                <event value=\"/2\">\r\n                    <rest/>\r\n                </event>\r\n                <event value=\"/4\">\r\n                    <note pitch=\"G5\"/>\r\n                </event>\r\n                <event value=\"/4\">\r\n                    <note pitch=\"E5\"/>\r\n                </event>\r\n            </sequence>\r\n        </measure>\r\n    </part>\r\n</mnx>",
        "image_url": "/static/examples/parts.png",
        "is_featured": true
    }
},
{
    "model": "spec.exampledocument",
    "pk": 22,
    "fields": {
        "name": "Repeats",
        "slug": "repeats",
        "blurb": "",
        "document": "<mnx>\r\n    <global>\r\n        <measure>\r\n            <directions>\r\n                <time signature=\"4/4\"/>\r\n                <metadiff><repeat type=\"start\"/>\r\n                <repeat type=\"end\"/></metadiff>\r\n            </directions>\r\n        </measure>\r\n    </global>\r\n    <part>\r\n        <part-name>Music</part-name>\r\n        <measure>\r\n            <directions>\r\n                <clef sign=\"G\" line=\"2\"/>\r\n            </directions>\r\n            <sequence>\r\n                <event value=\"/1\">\r\n                    <note pitch=\"C5\"/>\r\n                </event>\r\n            </sequence>\r\n        </measure>\r\n    </part>\r\n</mnx>",
        "image_url": "/static/examples/repeats.png",
        "is_featured": false
    }
},
{
    "model": "spec.exampledocument",
    "pk": 23,
    "fields": {
        "name": "Repeats (with implied start repeat)",
        "slug": "repeats-implied-start-repeat",
        "blurb": "",
        "document": "<mnx>\r\n    <global>\r\n        <measure>\r\n            <directions>\r\n                <time signature=\"4/4\"/>\r\n                <metadiff><repeat type=\"end\"/></metadiff>\r\n            </directions>\r\n        </measure>\r\n    </global>\r\n    <part>\r\n        <part-name>Music</part-name>\r\n        <measure>\r\n            <directions>\r\n                <clef sign=\"G\" line=\"2\"/>\r\n            </directions>\r\n            <sequence>\r\n                <event value=\"/1\">\r\n                    <note pitch=\"C5\"/>\r\n                </event>\r\n            </sequence>\r\n        </measure>\r\n    </part>\r\n</mnx>",
        "image_url": "/static/examples/repeats-implied-start-repeat.png",
        "is_featured": false
    }
},
{
    "model": "spec.exampledocument",
    "pk": 24,
    "fields": {
        "name": "Repeats (more than once repeated)",
        "slug": "repeats-more-once-repeated",
        "blurb": "In this example, the measure is to be performed four times (or “repeated three times,” depending on your perspective).",
        "document": "<mnx>\r\n    <global>\r\n        <measure>\r\n            <directions>\r\n                <time signature=\"4/4\"/>\r\n                <metadiff><repeat type=\"end\" times=\"4\"/></metadiff>\r\n            </directions>\r\n        </measure>\r\n    </global>\r\n    <part>\r\n        <part-name>Music</part-name>\r\n        <measure>\r\n            <directions>\r\n                <clef sign=\"G\" line=\"2\"/>\r\n            </directions>\r\n            <sequence>\r\n                <event value=\"/1\">\r\n                    <note pitch=\"C5\"/>\r\n                </event>\r\n            </sequence>\r\n        </measure>\r\n    </part>\r\n</mnx>",
        "image_url": "/static/examples/repeats-more-once-repeated.png",
        "is_featured": false
    }
},
{
    "model": "spec.exampledocument",
    "pk": 25,
    "fields": {
        "name": "Repeats (with alternate endings, simple)",
        "slug": "repeats-alternate-endings-simple",
        "blurb": "",
        "document": "<mnx>\r\n    <global>\r\n        <measure>\r\n            <directions>\r\n                <time signature=\"4/4\"/>\r\n                <metadiff><repeat type=\"start\"/></metadiff>\r\n            </directions>\r\n        </measure>\r\n        <measure>\r\n            <metadiff><directions>\r\n                <repeat type=\"end\"/>\r\n                <ending type=\"start\" number=\"1\"/>\r\n                <ending type=\"stop\"/>\r\n            </directions></metadiff>\r\n        </measure>\r\n        <measure>\r\n            <metadiff><directions>\r\n                <repeat type=\"end\"/>\r\n                <ending type=\"start\" number=\"2\"/>\r\n                <ending type=\"stop\"/>\r\n            </directions></metadiff>\r\n        </measure>\r\n        <measure>\r\n            <metadiff><directions>\r\n                <ending type=\"start\" number=\"3\"/>\r\n                <ending type=\"discontinue\"/>\r\n            </directions></metadiff>\r\n        </measure>\r\n    </global>\r\n    <part>\r\n        <part-name>Music</part-name>\r\n        <measure>\r\n            <directions>\r\n                <clef sign=\"G\" line=\"2\"/>\r\n            </directions>\r\n            <sequence>\r\n                <event value=\"/1\">\r\n                    <note pitch=\"C5\"/>\r\n                </event>\r\n            </sequence>\r\n        </measure>\r\n        <measure>\r\n            <sequence>\r\n                <event value=\"/1\">\r\n                    <note pitch=\"E5\"/>\r\n                </event>\r\n            </sequence>\r\n        </measure>\r\n        <measure>\r\n            <sequence>\r\n                <event value=\"/1\">\r\n                    <note pitch=\"G4\"/>\r\n                </event>\r\n            </sequence>\r\n        </measure>\r\n        <measure>\r\n            <sequence>\r\n                <event value=\"/1\">\r\n                    <note pitch=\"C5\"/>\r\n                </event>\r\n            </sequence>\r\n        </measure>\r\n    </part>\r\n</mnx>",
        "image_url": "/static/examples/repeats-alternate-endings-simple.png",
        "is_featured": false
    }
},
{
    "model": "spec.exampledocument",
    "pk": 26,
    "fields": {
        "name": "Repeats (with alternate endings, advanced)",
        "slug": "repeats-alternate-endings-advanced",
        "blurb": "",
        "document": "<mnx>\r\n    <global>\r\n        <measure>\r\n            <directions>\r\n                <time signature=\"3/4\"/>\r\n                <repeat type=\"start\"/>\r\n            </directions>\r\n        </measure>\r\n        <measure>\r\n            <directions>\r\n                <metadiff><ending type=\"start\" number=\"1,2\"/></metadiff>\r\n            </directions>\r\n        </measure>\r\n        <measure>\r\n            <directions>\r\n                <repeat type=\"end\"/>\r\n                <metadiff><ending type=\"stop\"/></metadiff>\r\n            </directions>\r\n        </measure>\r\n        <measure>\r\n            <directions>\r\n                <metadiff><ending type=\"start\" number=\"3\"/></metadiff>\r\n            </directions>\r\n        </measure>\r\n        <measure>\r\n            <directions>\r\n                <metadiff><ending type=\"discontinue\"/></metadiff>\r\n            </directions>\r\n        </measure>\r\n        <measure/>\r\n    </global>\r\n    <part>\r\n        <part-name>Music</part-name>\r\n        <measure>\r\n            <directions>\r\n                <clef sign=\"G\" line=\"2\"/>\r\n            </directions>\r\n            <sequence>\r\n                <event value=\"/2d\">\r\n                    <note pitch=\"C5\"/>\r\n                </event>\r\n            </sequence>\r\n        </measure>\r\n        <measure>\r\n            <sequence>\r\n                <event value=\"/2d\">\r\n                    <note pitch=\"E5\"/>\r\n                </event>\r\n            </sequence>\r\n        </measure>\r\n        <measure>\r\n            <sequence>\r\n                <event value=\"/2\">\r\n                    <note pitch=\"E5\"/>\r\n                </event>\r\n                <event value=\"/4\">\r\n                    <note pitch=\"D5\"/>\r\n                </event>\r\n            </sequence>\r\n        </measure>\r\n        <measure>\r\n            <sequence>\r\n                <event value=\"/2d\">\r\n                    <note pitch=\"G5\"/>\r\n                </event>\r\n            </sequence>\r\n        </measure>\r\n        <measure>\r\n            <sequence>\r\n                <event value=\"/2\">\r\n                    <note pitch=\"G5\"/>\r\n                </event>\r\n                <event value=\"/4\">\r\n                    <note pitch=\"F5\"/>\r\n                </event>\r\n            </sequence>\r\n        </measure>\r\n        <measure>\r\n            <sequence>\r\n                <event value=\"/2d\">\r\n                    <note pitch=\"E5\"/>\r\n                </event>\r\n            </sequence>\r\n        </measure>\r\n    </part>\r\n</mnx>",
        "image_url": "/static/examples/repeats-alternate-endings-advanced.png",
        "is_featured": false
    }
},
{
    "model": "spec.exampledocument",
    "pk": 27,
    "fields": {
        "name": "Jumps (Dal Segno)",
        "slug": "jumps-dal-segno",
        "blurb": "In this example, the bars are to be performed in this order: 1, 2, 3, 4, 5, 2, 3, 4, 5.",
        "document": "<mnx>\r\n    <global>\r\n        <measure>\r\n            <directions>\r\n                <time signature=\"4/4\"/>\r\n            </directions>\r\n        </measure>\r\n        <measure>\r\n            <directions>\r\n                <metadiff><segno/></metadiff>\r\n            </directions>\r\n        </measure>\r\n        <measure/>\r\n        <measure/>\r\n        <measure>\r\n            <directions>\r\n                <metadiff><jump type=\"segno\"/></metadiff>\r\n            </directions>\r\n        </measure>\r\n    </global>\r\n    <part>\r\n        <part-name>Music</part-name>\r\n        <measure>\r\n            <directions>\r\n                <clef sign=\"G\" line=\"2\"/>\r\n            </directions>\r\n            <sequence>\r\n                <event value=\"/1\">\r\n                    <note pitch=\"C5\"/>\r\n                </event>\r\n            </sequence>\r\n        </measure>\r\n        <measure>\r\n            <sequence>\r\n                <event value=\"/1\">\r\n                    <note pitch=\"E5\"/>\r\n                </event>\r\n            </sequence>\r\n        </measure>\r\n        <measure>\r\n            <sequence>\r\n                <event value=\"/1\">\r\n                    <note pitch=\"C5\"/>\r\n                </event>\r\n            </sequence>\r\n        </measure>\r\n        <measure>\r\n            <sequence>\r\n                <event value=\"/1\">\r\n                    <note pitch=\"F5\"/>\r\n                </event>\r\n            </sequence>\r\n        </measure>\r\n        <measure>\r\n            <sequence>\r\n                <event value=\"/1\">\r\n                    <note pitch=\"C5\"/>\r\n                </event>\r\n            </sequence>\r\n        </measure>\r\n    </part>\r\n</mnx>",
        "image_url": "/static/examples/jumps-dal-segno.png",
        "is_featured": false
    }
},
{
    "model": "spec.exampledocument",
    "pk": 28,
    "fields": {
        "name": "Jumps (D.S. al Fine)",
        "slug": "jumps-ds-al-fine",
        "blurb": "In this example, the bars are to be performed in this order: 1, 2, 3, 4, 5, 2, 3.",
        "document": "<mnx>\r\n    <global>\r\n        <measure>\r\n            <directions>\r\n                <time signature=\"4/4\"/>\r\n            </directions>\r\n        </measure>\r\n        <measure>\r\n            <directions>\r\n                <metadiff><segno/></metadiff>\r\n            </directions>\r\n        </measure>\r\n        <measure>\r\n            <directions>\r\n                <metadiff><fine/></metadiff>\r\n            </directions>\r\n        </measure>\r\n        <measure/>\r\n        <measure>\r\n            <directions>\r\n                <metadiff><jump type=\"dsalfine\"/></metadiff>\r\n            </directions>\r\n        </measure>\r\n    </global>\r\n    <part>\r\n        <part-name>Music</part-name>\r\n        <measure>\r\n            <directions>\r\n                <clef sign=\"G\" line=\"2\"/>\r\n            </directions>\r\n            <sequence>\r\n                <event value=\"/1\">\r\n                    <note pitch=\"C5\"/>\r\n                </event>\r\n            </sequence>\r\n        </measure>\r\n        <measure>\r\n            <sequence>\r\n                <event value=\"/1\">\r\n                    <note pitch=\"E5\"/>\r\n                </event>\r\n            </sequence>\r\n        </measure>\r\n        <measure>\r\n            <sequence>\r\n                <event value=\"/1\">\r\n                    <note pitch=\"C5\"/>\r\n                </event>\r\n            </sequence>\r\n        </measure>\r\n        <measure>\r\n            <sequence>\r\n                <event value=\"/1\">\r\n                    <note pitch=\"F5\"/>\r\n                </event>\r\n            </sequence>\r\n        </measure>\r\n        <measure>\r\n            <sequence>\r\n                <event value=\"/1\">\r\n                    <note pitch=\"C5\"/>\r\n                </event>\r\n            </sequence>\r\n        </measure>\r\n    </part>\r\n</mnx>",
        "image_url": "/static/examples/jumps-ds-al-fine.png",
        "is_featured": false
    }
},
{
    "model": "spec.exampledocumentconcept",
    "pk": 1,
    "fields": {
        "example": 28,
        "concept": 4
    }
},
{
    "model": "spec.exampledocumentconcept",
    "pk": 2,
    "fields": {
        "example": 27,
        "concept": 4
    }
},
{
    "model": "spec.exampledocumentconcept",
    "pk": 3,
    "fields": {
        "example": 9,
        "concept": 1
    }
},
{
    "model": "spec.exampledocumentconcept",
    "pk": 4,
    "fields": {
        "example": 10,
        "concept": 1
    }
},
{
    "model": "spec.exampledocumentconcept",
    "pk": 5,
    "fields": {
        "example": 11,
        "concept": 1
    }
},
{
    "model": "spec.exampledocumentconcept",
    "pk": 6,
    "fields": {
        "example": 12,
        "concept": 1
    }
},
{
    "model": "spec.exampledocumentconcept",
    "pk": 7,
    "fields": {
        "example": 13,
        "concept": 1
    }
},
{
    "model": "spec.exampledocumentconcept",
    "pk": 8,
    "fields": {
        "example": 26,
        "concept": 2
    }
},
{
    "model": "spec.exampledocumentconcept",
    "pk": 9,
    "fields": {
        "example": 25,
        "concept": 2
    }
},
{
    "model": "spec.exampledocumentconcept",
    "pk": 10,
    "fields": {
        "example": 24,
        "concept": 2
    }
},
{
    "model": "spec.exampledocumentconcept",
    "pk": 11,
    "fields": {
        "example": 23,
        "concept": 2
    }
},
{
    "model": "spec.exampledocumentconcept",
    "pk": 12,
    "fields": {
        "example": 22,
        "concept": 2
    }
},
{
    "model": "spec.exampledocumentconcept",
    "pk": 13,
    "fields": {
        "example": 17,
        "concept": 3
    }
},
{
    "model": "spec.exampledocumentconcept",
    "pk": 14,
    "fields": {
        "example": 18,
        "concept": 3
    }
},
{
    "model": "spec.exampledocumentconcept",
    "pk": 15,
    "fields": {
        "example": 19,
        "concept": 3
    }
},
{
    "model": "spec.exampledocumentconcept",
    "pk": 16,
    "fields": {
        "example": 20,
        "concept": 3
    }
},
{
    "model": "spec.exampledocumentcomparison",
    "pk": 1,
    "fields": {
        "example": 1,
        "doc_format": 1,
        "preamble": "",
        "document": "<score-partwise version=\"3.1\">\r\n    <part-list>\r\n        <score-part id=\"P1\">\r\n            <part-name>Music</part-name>\r\n        </score-part>\r\n    </part-list>\r\n    <part id=\"P1\">\r\n        <measure number=\"1\">\r\n            <attributes>\r\n                <divisions>1</divisions>\r\n                <key>\r\n                    <fifths>0</fifths>\r\n                </key>\r\n                <time>\r\n                    <beats>4</beats>\r\n                    <beat-type>4</beat-type>\r\n                </time>\r\n                <clef>\r\n                    <sign>G</sign>\r\n                    <line>2</line>\r\n                </clef>\r\n            </attributes>\r\n            <note>\r\n                <pitch>\r\n                    <step>C</step>\r\n                    <octave>4</octave>\r\n                </pitch>\r\n                <duration>4</duration>\r\n                <type>whole</type>\r\n            </note>\r\n        </measure>\r\n    </part>\r\n</score-partwise>",
        "position": 0
    }
},
{
    "model": "spec.exampledocumentcomparison",
    "pk": 2,
    "fields": {
        "example": 2,
        "doc_format": 1,
        "preamble": "",
        "document": "<score-partwise version=\"3.1\">\r\n    <part-list>\r\n        <score-part id=\"P1\">\r\n            <part-name>Music</part-name>\r\n        </score-part>\r\n    </part-list>\r\n    <part id=\"P1\">\r\n        <measure number=\"1\">\r\n            <attributes>\r\n                <divisions>1</divisions>\r\n                <key>\r\n                    <fifths>0</fifths>\r\n                </key>\r\n                <time>\r\n                    <beats>4</beats>\r\n                    <beat-type>4</beat-type>\r\n                </time>\r\n                <clef>\r\n                    <sign>G</sign>\r\n                    <line>2</line>\r\n                </clef>\r\n            </attributes>\r\n            <note>\r\n                <pitch>\r\n                    <step>C</step>\r\n                    <octave>4</octave>\r\n                </pitch>\r\n                <duration>1</duration>\r\n                <type>quarter</type>\r\n            </note>\r\n            <note>\r\n                <pitch>\r\n                    <step>D</step>\r\n                    <octave>4</octave>\r\n                </pitch>\r\n                <duration>1</duration>\r\n                <type>quarter</type>\r\n            </note>\r\n            <note>\r\n                <pitch>\r\n                    <step>E</step>\r\n                    <octave>4</octave>\r\n                </pitch>\r\n                <duration>1</duration>\r\n                <type>quarter</type>\r\n            </note>\r\n            <note>\r\n                <pitch>\r\n                    <step>F</step>\r\n                    <octave>4</octave>\r\n                </pitch>\r\n                <duration>1</duration>\r\n                <type>quarter</type>\r\n            </note>\r\n        </measure>\r\n        <measure number=\"2\">\r\n            <note>\r\n                <pitch>\r\n                    <step>G</step>\r\n                    <octave>4</octave>\r\n                </pitch>\r\n                <duration>1</duration>\r\n                <type>quarter</type>\r\n            </note>\r\n            <note>\r\n                <pitch>\r\n                    <step>A</step>\r\n                    <octave>4</octave>\r\n                </pitch>\r\n                <duration>1</duration>\r\n                <type>quarter</type>\r\n            </note>\r\n            <note>\r\n                <pitch>\r\n                    <step>B</step>\r\n                    <octave>4</octave>\r\n                </pitch>\r\n                <duration>1</duration>\r\n                <type>quarter</type>\r\n            </note>\r\n            <note>\r\n                <pitch>\r\n                    <step>C</step>\r\n                    <octave>5</octave>\r\n                </pitch>\r\n                <duration>1</duration>\r\n                <type>quarter</type>\r\n            </note>\r\n        </measure>\r\n    </part>\r\n</score-partwise>",
        "position": 1
    }
},
{
    "model": "spec.exampledocumentcomparison",
    "pk": 3,
    "fields": {
        "example": 3,
        "doc_format": 1,
        "preamble": "In MusicXML, notes within chords contain <code>&lt;chord/&gt;</code> (except for the first note in the chord). MNX uses <code>&lt;event&gt;</code> to group notes within chords.",
        "document": "<score-partwise version=\"3.1\">\r\n    <part-list>\r\n        <score-part id=\"P1\">\r\n            <part-name>Music</part-name>\r\n        </score-part>\r\n    </part-list>\r\n    <part id=\"P1\">\r\n        <measure number=\"1\">\r\n            <attributes>\r\n                <divisions>1</divisions>\r\n                <key>\r\n                    <fifths>0</fifths>\r\n                </key>\r\n                <time>\r\n                    <beats>4</beats>\r\n                    <beat-type>4</beat-type>\r\n                </time>\r\n                <clef>\r\n                    <sign>G</sign>\r\n                    <line>2</line>\r\n                </clef>\r\n            </attributes>\r\n            <metadiff><note>\r\n                <pitch>\r\n                    <step>C</step>\r\n                    <octave>4</octave>\r\n                </pitch>\r\n                <duration>2</duration>\r\n                <type>half</type>\r\n            </note>\r\n            <note>\r\n                <chord/>\r\n                <pitch>\r\n                    <step>E</step>\r\n                    <octave>4</octave>\r\n                </pitch>\r\n                <duration>2</duration>\r\n                <type>half</type>\r\n            </note>\r\n            <note>\r\n                <chord/>\r\n                <pitch>\r\n                    <step>G</step>\r\n                    <octave>4</octave>\r\n                </pitch>\r\n                <duration>2</duration>\r\n                <type>half</type>\r\n            </note>\r\n            <note>\r\n                <rest/>\r\n                <duration>2</duration>\r\n                <type>half</type>\r\n            </note></metadiff>\r\n        </measure>\r\n    </part>\r\n</score-partwise>",
        "position": 2
    }
},
{
    "model": "spec.exampledocumentcomparison",
    "pk": 4,
    "fields": {
        "example": 4,
        "doc_format": 1,
        "preamble": "In MusicXML, each part’s <code>&lt;measure&gt;</code> can contain an <code>&lt;attributes&gt;</code> element with an optional <code>&lt;time&gt;</code>. MNX uses a score-wide <code>&lt;global&gt;</code> element. MNX also uses a “microsyntax” — e.g., <code>4/4</code> for common time — for brevity. In both cases, you only specify the time signature when it differs from the previous bar.",
        "document": "<score-partwise version=\"3.1\">\r\n    <part-list>\r\n        <score-part id=\"P1\">\r\n            <part-name>Music</part-name>\r\n        </score-part>\r\n    </part-list>\r\n    <part id=\"P1\">\r\n        <measure number=\"1\">\r\n            <metadiff><attributes>\r\n                <divisions>256</divisions>\r\n                <key>\r\n                    <fifths>0</fifths>\r\n                </key>\r\n                <time>\r\n                    <beats>4</beats>\r\n                    <beat-type>4</beat-type>\r\n                </time>\r\n                <clef>\r\n                    <sign>G</sign>\r\n                    <line>2</line>\r\n                </clef>\r\n            </attributes></metadiff>\r\n            <note>\r\n                <pitch>\r\n                    <step>C</step>\r\n                    <octave>5</octave>\r\n                </pitch>\r\n                <duration>256</duration>\r\n                <type>quarter</type>\r\n            </note>\r\n            <note>\r\n                <pitch>\r\n                    <step>D</step>\r\n                    <octave>5</octave>\r\n                </pitch>\r\n                <duration>256</duration>\r\n                <type>quarter</type>\r\n            </note>\r\n            <note>\r\n                <pitch>\r\n                    <step>E</step>\r\n                    <octave>5</octave>\r\n                </pitch>\r\n                <duration>256</duration>\r\n                <type>quarter</type>\r\n            </note>\r\n            <note>\r\n                <pitch>\r\n                    <step>F</step>\r\n                    <octave>5</octave>\r\n                </pitch>\r\n                <duration>256</duration>\r\n                <type>quarter</type>\r\n            </note>\r\n        </measure>\r\n        <measure number=\"2\">\r\n            <note>\r\n                <pitch>\r\n                    <step>C</step>\r\n                    <octave>5</octave>\r\n                </pitch>\r\n                <duration>256</duration>\r\n                <type>quarter</type>\r\n            </note>\r\n            <note>\r\n                <pitch>\r\n                    <step>D</step>\r\n                    <octave>5</octave>\r\n                </pitch>\r\n                <duration>256</duration>\r\n                <type>quarter</type>\r\n            </note>\r\n            <note>\r\n                <pitch>\r\n                    <step>E</step>\r\n                    <octave>5</octave>\r\n                </pitch>\r\n                <duration>256</duration>\r\n                <type>quarter</type>\r\n            </note>\r\n            <note>\r\n                <pitch>\r\n                    <step>F</step>\r\n                    <octave>5</octave>\r\n                </pitch>\r\n                <duration>256</duration>\r\n                <type>quarter</type>\r\n            </note>\r\n        </measure>\r\n        <measure number=\"3\">\r\n            <metadiff><attributes>\r\n                <time>\r\n                    <beats>2</beats>\r\n                    <beat-type>4</beat-type>\r\n                </time>\r\n            </attributes></metadiff>\r\n            <note>\r\n                <pitch>\r\n                    <step>B</step>\r\n                    <octave>4</octave>\r\n                </pitch>\r\n                <duration>256</duration>\r\n                <type>quarter</type>\r\n            </note>\r\n            <note>\r\n                <pitch>\r\n                    <step>D</step>\r\n                    <octave>5</octave>\r\n                </pitch>\r\n                <duration>256</duration>\r\n                <type>quarter</type>\r\n            </note>\r\n        </measure>\r\n    </part>\r\n</score-partwise>",
        "position": 3
    }
},
{
    "model": "spec.exampledocumentcomparison",
    "pk": 5,
    "fields": {
        "example": 5,
        "doc_format": 1,
        "preamble": "In MusicXML, each part’s <code>&lt;measure&gt;</code> can contain an <code>&lt;attributes&gt;</code> element with an optional <code>&lt;key&gt;</code>. MNX uses a score-wide <code>&lt;global&gt;</code> element. In both cases, you only specify the key signature when it differs from the previous bar.",
        "document": "<score-partwise version=\"3.1\">\r\n    <part-list>\r\n        <score-part id=\"P1\">\r\n            <part-name>Music</part-name>\r\n        </score-part>\r\n    </part-list>\r\n    <part id=\"P1\">\r\n        <measure number=\"1\">\r\n            <attributes>\r\n                <divisions>256</divisions>\r\n                <metadiff><key>\r\n                    <fifths>4</fifths>\r\n                </key></metadiff>\r\n                <time>\r\n                    <beats>4</beats>\r\n                    <beat-type>4</beat-type>\r\n                </time>\r\n                <clef>\r\n                    <sign>G</sign>\r\n                    <line>2</line>\r\n                </clef>\r\n            </attributes>\r\n            <note>\r\n                <pitch>\r\n                    <step>E</step>\r\n                    <octave>5</octave>\r\n                </pitch>\r\n                <duration>256</duration>\r\n                <type>quarter</type>\r\n            </note>\r\n            <note>\r\n                <pitch>\r\n                    <step>F</step>\r\n                    <alter>1</alter>\r\n                    <octave>5</octave>\r\n                </pitch>\r\n                <duration>256</duration>\r\n                <type>quarter</type>\r\n            </note>\r\n            <note>\r\n                <pitch>\r\n                    <step>G</step>\r\n                    <alter>1</alter>\r\n                    <octave>5</octave>\r\n                </pitch>\r\n                <duration>256</duration>\r\n                <type>quarter</type>\r\n            </note>\r\n            <note>\r\n                <pitch>\r\n                    <step>E</step>\r\n                    <octave>5</octave>\r\n                </pitch>\r\n                <duration>256</duration>\r\n                <type>quarter</type>\r\n            </note>\r\n        </measure>\r\n        <measure number=\"2\">\r\n            <note>\r\n                <pitch>\r\n                    <step>G</step>\r\n                    <alter>1</alter>\r\n                    <octave>5</octave>\r\n                </pitch>\r\n                <duration>1024</duration>\r\n                <type>whole</type>\r\n            </note>\r\n        </measure>\r\n        <measure number=\"3\">\r\n            <attributes>\r\n                <metadiff><key>\r\n                    <fifths>-4</fifths>\r\n                </key></metadiff>\r\n            </attributes>\r\n            <note>\r\n                <pitch>\r\n                    <step>A</step>\r\n                    <alter>-1</alter>\r\n                    <octave>4</octave>\r\n                </pitch>\r\n                <duration>256</duration>\r\n                <type>quarter</type>\r\n            </note>\r\n            <note>\r\n                <pitch>\r\n                    <step>B</step>\r\n                    <alter>-1</alter>\r\n                    <octave>4</octave>\r\n                </pitch>\r\n                <duration>256</duration>\r\n                <type>quarter</type>\r\n            </note>\r\n            <note>\r\n                <pitch>\r\n                    <step>C</step>\r\n                    <octave>5</octave>\r\n                </pitch>\r\n                <duration>256</duration>\r\n                <type>quarter</type>\r\n            </note>\r\n            <note>\r\n                <pitch>\r\n                    <step>A</step>\r\n                    <alter>-1</alter>\r\n                    <octave>4</octave>\r\n                </pitch>\r\n                <duration>256</duration>\r\n                <type>quarter</type>\r\n            </note>\r\n        </measure>\r\n        <measure number=\"4\">\r\n            <note>\r\n                <pitch>\r\n                    <step>C</step>\r\n                    <octave>5</octave>\r\n                </pitch>\r\n                <duration>1024</duration>\r\n                <type>whole</type>\r\n            </note>\r\n        </measure>\r\n    </part>\r\n</score-partwise>",
        "position": 4
    }
},
{
    "model": "spec.exampledocumentcomparison",
    "pk": 6,
    "fields": {
        "example": 6,
        "doc_format": 1,
        "preamble": "In MusicXML, use <code>&lt;accidental&gt;</code> within a <code>&lt;note&gt;</code> to indicate a rendered accidental. In MNX, use an <code>accidental</code> attribute on <code>&lt;note&gt;</code>.\r\n\r\nIn both MusicXML and MNX, accidentals are only encoded if they are to be rendered. Notes whose accidental is implied from the key signature (such as the Bb note in bar 2 of this example), or notes repeating a currently active accidental (such as the second Db in bar 2), are not encoded as having an accidental.\r\n\r\nCautionary accidentals, such as the D natural in bar 3 of this example — that is, accidentals that are not technically required to be displayed and serve as a courtesy to the musician — are not treated any differently than “non-cautionary” accidentals.",
        "document": "<score-partwise version=\"3.1\">\r\n    <part-list>\r\n        <score-part id=\"P1\">\r\n            <part-name>Music</part-name>\r\n        </score-part>\r\n    </part-list>\r\n    <part id=\"P1\">\r\n        <measure number=\"1\">\r\n            <attributes>\r\n                <divisions>256</divisions>\r\n                <key>\r\n                    <fifths>-2</fifths>\r\n                    <mode>major</mode>\r\n                </key>\r\n                <time>\r\n                    <beats>4</beats>\r\n                    <beat-type>4</beat-type>\r\n                </time>\r\n                <clef>\r\n                    <sign>G</sign>\r\n                    <line>2</line>\r\n                </clef>\r\n            </attributes>\r\n            <note>\r\n                <pitch>\r\n                    <step>F</step>\r\n                    <octave>4</octave>\r\n                </pitch>\r\n                <duration>256</duration>\r\n                <type>quarter</type>\r\n            </note>\r\n            <note>\r\n                <pitch>\r\n                    <step>G</step>\r\n                    <octave>4</octave>\r\n                </pitch>\r\n                <duration>256</duration>\r\n                <type>quarter</type>\r\n            </note>\r\n            <note>\r\n                <pitch>\r\n                    <step>G</step>\r\n                    <alter>1</alter>\r\n                    <octave>4</octave>\r\n                </pitch>\r\n                <duration>256</duration>\r\n                <type>quarter</type>\r\n                <metadiff><accidental>sharp</accidental></metadiff>\r\n            </note>\r\n            <note>\r\n                <pitch>\r\n                    <step>A</step>\r\n                    <octave>4</octave>\r\n                </pitch>\r\n                <duration>256</duration>\r\n                <type>quarter</type>\r\n            </note>\r\n        </measure>\r\n        <measure number=\"2\">\r\n            <note>\r\n                <pitch>\r\n                    <step>B</step>\r\n                    <alter>-1</alter>\r\n                    <octave>4</octave>\r\n                </pitch>\r\n                <duration>512</duration>\r\n                <type>half</type>\r\n            </note>\r\n            <note>\r\n                <pitch>\r\n                    <step>D</step>\r\n                    <alter>-1</alter>\r\n                    <octave>5</octave>\r\n                </pitch>\r\n                <duration>256</duration>\r\n                <type>quarter</type>\r\n                <metadiff><accidental>flat</accidental></metadiff>\r\n            </note>\r\n            <note>\r\n                <pitch>\r\n                    <step>D</step>\r\n                    <alter>-1</alter>\r\n                    <octave>5</octave>\r\n                </pitch>\r\n                <duration>256</duration>\r\n                <type>quarter</type>\r\n            </note>\r\n        </measure>\r\n        <measure number=\"3\">\r\n            <note>\r\n                <pitch>\r\n                    <step>D</step>\r\n                    <octave>5</octave>\r\n                </pitch>\r\n                <duration>1024</duration>\r\n                <type>whole</type>\r\n                <metadiff><accidental>natural</accidental></metadiff>\r\n            </note>\r\n        </measure>\r\n    </part>\r\n</score-partwise>",
        "position": 5
    }
},
{
    "model": "spec.exampledocumentcomparison",
    "pk": 7,
    "fields": {
        "example": 7,
        "doc_format": 1,
        "preamble": "In MusicXML, dotted notes get an extra tag, <code>&lt;dot&gt;</code>, within the <code>&lt;note&gt;</code> element. Each note within a chord must have <code>&lt;dot&gt;</code>.\r\n\r\nIn MNX, dotted notes are represented by a <code>d</code> within the <code>&lt;event&gt;</code> element’s <code>value</code> attribute. This is part of MNX’s note value <a href=\"https://w3c.github.io/mnx/specification/common/#note-value-syntax\">microsyntax</a>.",
        "document": "<score-partwise version=\"3.1\">\r\n    <part-list>\r\n        <score-part id=\"P1\">\r\n            <part-name>Music</part-name>\r\n        </score-part>\r\n    </part-list>\r\n    <part id=\"P1\">\r\n        <measure number=\"1\">\r\n            <attributes>\r\n                <divisions>256</divisions>\r\n                <key>\r\n                    <fifths>0</fifths>\r\n                </key>\r\n                <time>\r\n                    <beats>4</beats>\r\n                    <beat-type>4</beat-type>\r\n                </time>\r\n                <clef>\r\n                    <sign>G</sign>\r\n                    <line>2</line>\r\n                </clef>\r\n            </attributes>\r\n            <note>\r\n                <pitch>\r\n                    <step>G</step>\r\n                    <octave>4</octave>\r\n                </pitch>\r\n                <duration>384</duration>\r\n                <metadiff><type>quarter</type>\r\n                <dot/></metadiff>\r\n            </note>\r\n            <note>\r\n                <chord/>\r\n                <pitch>\r\n                    <step>C</step>\r\n                    <octave>5</octave>\r\n                </pitch>\r\n                <duration>384</duration>\r\n                <metadiff><type>quarter</type>\r\n                <dot/></metadiff>\r\n            </note>\r\n            <note>\r\n                <pitch>\r\n                    <step>E</step>\r\n                    <octave>5</octave>\r\n                </pitch>\r\n                <duration>128</duration>\r\n                <type>eighth</type>\r\n            </note>\r\n            <note>\r\n                <pitch>\r\n                    <step>F</step>\r\n                    <octave>4</octave>\r\n                </pitch>\r\n                <duration>384</duration>\r\n                <metadiff><type>quarter</type>\r\n                <dot/></metadiff>\r\n            </note>\r\n            <note>\r\n                <chord/>\r\n                <pitch>\r\n                    <step>D</step>\r\n                    <octave>5</octave>\r\n                </pitch>\r\n                <duration>384</duration>\r\n                <metadiff><type>quarter</type>\r\n                <dot/></metadiff>\r\n            </note>\r\n            <note>\r\n                <pitch>\r\n                    <step>F</step>\r\n                    <octave>5</octave>\r\n                </pitch>\r\n                <duration>128</duration>\r\n                <type>eighth</type>\r\n            </note>\r\n        </measure>\r\n    </part>\r\n</score-partwise>",
        "position": 6
    }
},
{
    "model": "spec.exampledocumentcomparison",
    "pk": 8,
    "fields": {
        "example": 8,
        "doc_format": 1,
        "preamble": "MusicXML uses two elements: <code>&lt;tie&gt;</code> to describe the sound and <code>&lt;tied&gt;</code> to indicate a visual tie in notation. The first note gets <code>type=\"start\"</code>, the second gets <code>type=\"stop\"</code>.\r\n\r\nMNX uses a single element: <code>&lt;tied&gt;</code>. Only the first note in the tie encodes this; its <code>target</code> attribute points at the <code>id</code> of the end note.\r\n\r\nFor a series of notes tied together (e.g., the second tie in the above example), both MusicXML and MNX require you to encode each “inner tie” separately.",
        "document": "<score-partwise version=\"3.1\">\r\n    <part-list>\r\n        <score-part id=\"P1\">\r\n            <part-name>Music</part-name>\r\n        </score-part>\r\n    </part-list>\r\n    <part id=\"P1\">\r\n        <measure number=\"1\">\r\n            <attributes>\r\n                <divisions>256</divisions>\r\n                <key>\r\n                    <fifths>0</fifths>\r\n                </key>\r\n                <time>\r\n                    <beats>4</beats>\r\n                    <beat-type>4</beat-type>\r\n                </time>\r\n                <clef>\r\n                    <sign>G</sign>\r\n                    <line>2</line>\r\n                </clef>\r\n            </attributes>\r\n            <note>\r\n                <pitch>\r\n                    <step>C</step>\r\n                    <octave>5</octave>\r\n                </pitch>\r\n                <duration>256</duration>\r\n                <type>quarter</type>\r\n            </note>\r\n            <note>\r\n                <pitch>\r\n                    <step>E</step>\r\n                    <octave>5</octave>\r\n                </pitch>\r\n                <duration>256</duration>\r\n                <metadiff><tie type=\"start\"/></metadiff>\r\n                <type>quarter</type>\r\n                <metadiff><notations>\r\n                    <tied type=\"start\"/>\r\n                </notations></metadiff>\r\n            </note>\r\n            <note>\r\n                <pitch>\r\n                    <step>E</step>\r\n                    <octave>5</octave>\r\n                </pitch>\r\n                <duration>256</duration>\r\n                <metadiff><tie type=\"stop\"/></metadiff>\r\n                <type>quarter</type>\r\n                <metadiff><notations>\r\n                    <tied type=\"stop\"/>\r\n                </notations></metadiff>\r\n            </note>\r\n            <note>\r\n                <pitch>\r\n                    <step>C</step>\r\n                    <octave>5</octave>\r\n                </pitch>\r\n                <duration>256</duration>\r\n                <metadiff><tie type=\"start\"/></metadiff>\r\n                <type>quarter</type>\r\n                <metadiff><notations>\r\n                    <tied type=\"start\"/>\r\n                </notations></metadiff>\r\n            </note>\r\n        </measure>\r\n        <measure number=\"2\">\r\n            <note>\r\n                <pitch>\r\n                    <step>C</step>\r\n                    <octave>5</octave>\r\n                </pitch>\r\n                <duration>512</duration>\r\n                <metadiff><tie type=\"stop\"/>\r\n                <tie type=\"start\"/></metadiff>\r\n                <type>half</type>\r\n                <metadiff><notations>\r\n                    <tied type=\"start\"/>\r\n                    <tied type=\"stop\"/>\r\n                </notations></metadiff>\r\n            </note>\r\n            <note>\r\n                <pitch>\r\n                    <step>C</step>\r\n                    <octave>5</octave>\r\n                </pitch>\r\n                <duration>512</duration>\r\n                <metadiff><tie type=\"stop\"/></metadiff>\r\n                <type>half</type>\r\n                <metadiff><notations>\r\n                    <tied type=\"stop\"/>\r\n                </notations></metadiff>\r\n            </note>\r\n        </measure>\r\n    </part>\r\n</score-partwise>",
        "position": 7
    }
},
{
    "model": "spec.exampledocumentcomparison",
    "pk": 9,
    "fields": {
        "example": 9,
        "doc_format": 1,
        "preamble": "In MusicXML, you put one or more <code>&lt;beam&gt;</code> elements within a <code>&lt;note&gt;</code> element — a separate element for each beam. The <code>number</code> attribute specifies whether it’s the outer (eighth-note) beam, versus an inner (e.g., 16th note) beam. Parsers need to keep track of currently open beams and look for the values <code>continue</code> or <code>end</code>.\r\n\r\nIn MNX, each beam is encoded as a <code>&lt;beam&gt;</code> element, containing the IDs of the beam’s events.",
        "document": "<score-partwise version=\"3.1\">\r\n    <part-list>\r\n        <score-part id=\"P1\">\r\n            <part-name>Music</part-name>\r\n        </score-part>\r\n    </part-list>\r\n    <part id=\"P1\">\r\n        <measure number=\"1\">\r\n            <attributes>\r\n                <divisions>256</divisions>\r\n                <key>\r\n                    <fifths>0</fifths>\r\n                    <mode>major</mode>\r\n                </key>\r\n                <time>\r\n                    <beats>4</beats>\r\n                    <beat-type>4</beat-type>\r\n                </time>\r\n                <clef>\r\n                    <sign>G</sign>\r\n                    <line>2</line>\r\n                </clef>\r\n            </attributes>\r\n            <note>\r\n                <pitch>\r\n                    <step>C</step>\r\n                    <octave>5</octave>\r\n                </pitch>\r\n                <duration>128</duration>\r\n                <type>eighth</type>\r\n                <metadiff><beam number=\"1\">begin</beam></metadiff>\r\n            </note>\r\n            <note>\r\n                <pitch>\r\n                    <step>D</step>\r\n                    <octave>5</octave>\r\n                </pitch>\r\n                <duration>128</duration>\r\n                <type>eighth</type>\r\n                <metadiff><beam number=\"1\">continue</beam></metadiff>\r\n            </note>\r\n            <note>\r\n                <pitch>\r\n                    <step>E</step>\r\n                    <octave>5</octave>\r\n                </pitch>\r\n                <duration>128</duration>\r\n                <type>eighth</type>\r\n                <metadiff><beam number=\"1\">continue</beam></metadiff>\r\n            </note>\r\n            <note>\r\n                <pitch>\r\n                    <step>F</step>\r\n                    <octave>5</octave>\r\n                </pitch>\r\n                <duration>128</duration>\r\n                <type>eighth</type>\r\n                <metadiff><beam number=\"1\">end</beam></metadiff>\r\n            </note>\r\n            <note>\r\n                <pitch>\r\n                    <step>D</step>\r\n                    <octave>4</octave>\r\n                </pitch>\r\n                <duration>128</duration>\r\n                <type>eighth</type>\r\n                <metadiff><beam number=\"1\">begin</beam></metadiff>\r\n            </note>\r\n            <note>\r\n                <pitch>\r\n                    <step>E</step>\r\n                    <octave>4</octave>\r\n                </pitch>\r\n                <duration>128</duration>\r\n                <type>eighth</type>\r\n                <metadiff><beam number=\"1\">continue</beam></metadiff>\r\n            </note>\r\n            <note>\r\n                <pitch>\r\n                    <step>F</step>\r\n                    <octave>4</octave>\r\n                </pitch>\r\n                <duration>128</duration>\r\n                <type>eighth</type>\r\n                <metadiff><beam number=\"1\">continue</beam></metadiff>\r\n            </note>\r\n            <note>\r\n                <pitch>\r\n                    <step>G</step>\r\n                    <octave>4</octave>\r\n                </pitch>\r\n                <duration>128</duration>\r\n                <type>eighth</type>\r\n                <metadiff><beam number=\"1\">end</beam></metadiff>\r\n            </note>\r\n        </measure>\r\n        <measure number=\"2\">\r\n            <note>\r\n                <pitch>\r\n                    <step>G</step>\r\n                    <octave>4</octave>\r\n                </pitch>\r\n                <duration>128</duration>\r\n                <type>eighth</type>\r\n                <metadiff><beam number=\"1\">begin</beam></metadiff>\r\n            </note>\r\n            <note>\r\n                <rest/>\r\n                <duration>128</duration>\r\n                <type>eighth</type>\r\n                <metadiff><beam number=\"1\">continue</beam></metadiff>\r\n            </note>\r\n            <note>\r\n                <pitch>\r\n                    <step>D</step>\r\n                    <octave>4</octave>\r\n                </pitch>\r\n                <duration>64</duration>\r\n                <type>16th</type>\r\n                <metadiff><beam number=\"1\">continue</beam>\r\n                <beam number=\"2\">begin</beam></metadiff>\r\n            </note>\r\n            <note>\r\n                <pitch>\r\n                    <step>E</step>\r\n                    <octave>4</octave>\r\n                </pitch>\r\n                <duration>64</duration>\r\n                <type>16th</type>\r\n                <metadiff><beam number=\"1\">continue</beam>\r\n                <beam number=\"2\">end</beam></metadiff>\r\n            </note>\r\n            <note>\r\n                <pitch>\r\n                    <step>G</step>\r\n                    <octave>4</octave>\r\n                </pitch>\r\n                <duration>128</duration>\r\n                <type>eighth</type>\r\n                <metadiff><beam number=\"1\">end</beam></metadiff>\r\n            </note>\r\n            <note>\r\n                <pitch>\r\n                    <step>E</step>\r\n                    <octave>4</octave>\r\n                </pitch>\r\n                <duration>128</duration>\r\n                <type>eighth</type>\r\n                <metadiff><beam number=\"1\">begin</beam></metadiff>\r\n            </note>\r\n            <note>\r\n                <pitch>\r\n                    <step>D</step>\r\n                    <octave>4</octave>\r\n                </pitch>\r\n                <duration>128</duration>\r\n                <type>eighth</type>\r\n                <metadiff><beam number=\"1\">end</beam></metadiff>\r\n            </note>\r\n            <note>\r\n                <pitch>\r\n                    <step>C</step>\r\n                    <octave>4</octave>\r\n                </pitch>\r\n                <duration>256</duration>\r\n                <type>quarter</type>\r\n            </note>\r\n        </measure>\r\n    </part>\r\n</score-partwise>",
        "position": 8
    }
},
{
    "model": "spec.exampledocumentcomparison",
    "pk": 10,
    "fields": {
        "example": 10,
        "doc_format": 1,
        "preamble": "In MusicXML, secondary beams are encoded with separate <code>&lt;beam&gt;</code> elements within <code>&lt;note&gt;</code> — each with a separate <code>number</code> attribute.\r\n\r\nIn MNX, secondary beams are encoded as separate <code>&lt;beam&gt;</code> elements nested within parent <code>&lt;beam&gt;</code> elements.",
        "document": "<score-partwise version=\"3.1\">\r\n    <part-list>\r\n        <score-part id=\"P1\">\r\n            <part-name>Music</part-name>\r\n        </score-part>\r\n    </part-list>\r\n    <part id=\"P1\">\r\n        <measure number=\"1\">\r\n            <attributes>\r\n                <divisions>8</divisions>\r\n                <key>\r\n                    <fifths>0</fifths>\r\n                </key>\r\n                <time>\r\n                    <beats>4</beats>\r\n                    <beat-type>4</beat-type>\r\n                </time>\r\n                <clef>\r\n                    <sign>G</sign>\r\n                    <line>2</line>\r\n                </clef>\r\n            </attributes>\r\n            <note>\r\n                <pitch>\r\n                    <step>C</step>\r\n                    <octave>5</octave>\r\n                </pitch>\r\n                <duration>1</duration>\r\n                <type>32nd</type>\r\n                <metadiff><beam number=\"1\">begin</beam>\r\n                <beam number=\"2\">begin</beam>\r\n                <beam number=\"3\">begin</beam></metadiff>\r\n            </note>\r\n            <note>\r\n                <pitch>\r\n                    <step>D</step>\r\n                    <octave>5</octave>\r\n                </pitch>\r\n                <duration>1</duration>\r\n                <type>32nd</type>\r\n                <metadiff><beam number=\"1\">continue</beam>\r\n                <beam number=\"2\">continue</beam>\r\n                <beam number=\"3\">continue</beam></metadiff>\r\n            </note>\r\n            <note>\r\n                <pitch>\r\n                    <step>E</step>\r\n                    <octave>5</octave>\r\n                </pitch>\r\n                <duration>1</duration>\r\n                <type>32nd</type>\r\n                <metadiff><beam number=\"1\">continue</beam>\r\n                <beam number=\"2\">continue</beam>\r\n                <beam number=\"3\">continue</beam></metadiff>\r\n            </note>\r\n            <note>\r\n                <pitch>\r\n                    <step>F</step>\r\n                    <octave>5</octave>\r\n                </pitch>\r\n                <duration>1</duration>\r\n                <type>32nd</type>\r\n                <metadiff><beam number=\"1\">continue</beam>\r\n                <beam number=\"2\">end</beam>\r\n                <beam number=\"3\">end</beam></metadiff>\r\n            </note>\r\n            <note>\r\n                <pitch>\r\n                    <step>C</step>\r\n                    <octave>5</octave>\r\n                </pitch>\r\n                <duration>1</duration>\r\n                <type>32nd</type>\r\n                <metadiff><beam number=\"1\">continue</beam>\r\n                <beam number=\"2\">begin</beam>\r\n                <beam number=\"3\">begin</beam></metadiff>\r\n            </note>\r\n            <note>\r\n                <pitch>\r\n                    <step>D</step>\r\n                    <octave>5</octave>\r\n                </pitch>\r\n                <duration>1</duration>\r\n                <type>32nd</type>\r\n                <metadiff><beam number=\"1\">continue</beam>\r\n                <beam number=\"2\">continue</beam>\r\n                <beam number=\"3\">continue</beam></metadiff>\r\n            </note>\r\n            <note>\r\n                <pitch>\r\n                    <step>E</step>\r\n                    <octave>5</octave>\r\n                </pitch>\r\n                <duration>1</duration>\r\n                <type>32nd</type>\r\n                <metadiff><beam number=\"1\">continue</beam>\r\n                <beam number=\"2\">continue</beam>\r\n                <beam number=\"3\">continue</beam></metadiff>\r\n            </note>\r\n            <note>\r\n                <pitch>\r\n                    <step>F</step>\r\n                    <octave>5</octave>\r\n                </pitch>\r\n                <duration>1</duration>\r\n                <type>32nd</type>\r\n                <metadiff><beam number=\"1\">end</beam>\r\n                <beam number=\"2\">end</beam>\r\n                <beam number=\"3\">end</beam></metadiff>\r\n            </note>\r\n            <note>\r\n                <pitch>\r\n                    <step>C</step>\r\n                    <octave>5</octave>\r\n                </pitch>\r\n                <duration>1</duration>\r\n                <type>32nd</type>\r\n                <metadiff><beam number=\"1\">begin</beam>\r\n                <beam number=\"2\">begin</beam>\r\n                <beam number=\"3\">begin</beam></metadiff>\r\n            </note>\r\n            <note>\r\n                <pitch>\r\n                    <step>D</step>\r\n                    <octave>5</octave>\r\n                </pitch>\r\n                <duration>1</duration>\r\n                <type>32nd</type>\r\n                <metadiff><beam number=\"1\">continue</beam>\r\n                <beam number=\"2\">continue</beam>\r\n                <beam number=\"3\">end</beam></metadiff>\r\n            </note>\r\n            <note>\r\n                <pitch>\r\n                    <step>E</step>\r\n                    <octave>5</octave>\r\n                </pitch>\r\n                <duration>1</duration>\r\n                <type>32nd</type>\r\n                <metadiff><beam number=\"1\">continue</beam>\r\n                <beam number=\"2\">continue</beam>\r\n                <beam number=\"3\">begin</beam></metadiff>\r\n            </note>\r\n            <note>\r\n                <pitch>\r\n                    <step>F</step>\r\n                    <octave>5</octave>\r\n                </pitch>\r\n                <duration>1</duration>\r\n                <type>32nd</type>\r\n                <metadiff><beam number=\"1\">continue</beam>\r\n                <beam number=\"2\">end</beam>\r\n                <beam number=\"3\">end</beam></metadiff>\r\n            </note>\r\n            <note>\r\n                <pitch>\r\n                    <step>C</step>\r\n                    <octave>5</octave>\r\n                </pitch>\r\n                <duration>1</duration>\r\n                <type>32nd</type>\r\n                <metadiff><beam number=\"1\">continue</beam>\r\n                <beam number=\"2\">begin</beam>\r\n                <beam number=\"3\">begin</beam></metadiff>\r\n            </note>\r\n            <note>\r\n                <pitch>\r\n                    <step>D</step>\r\n                    <octave>5</octave>\r\n                </pitch>\r\n                <duration>1</duration>\r\n                <type>32nd</type>\r\n                <metadiff><beam number=\"1\">continue</beam>\r\n                <beam number=\"2\">continue</beam>\r\n                <beam number=\"3\">end</beam></metadiff>\r\n            </note>\r\n            <note>\r\n                <pitch>\r\n                    <step>E</step>\r\n                    <octave>5</octave>\r\n                </pitch>\r\n                <duration>1</duration>\r\n                <type>32nd</type>\r\n                <metadiff><beam number=\"1\">continue</beam>\r\n                <beam number=\"2\">continue</beam>\r\n                <beam number=\"3\">begin</beam></metadiff>\r\n            </note>\r\n            <note>\r\n                <pitch>\r\n                    <step>F</step>\r\n                    <octave>5</octave>\r\n                </pitch>\r\n                <duration>1</duration>\r\n                <type>32nd</type>\r\n                <metadiff><beam number=\"1\">end</beam>\r\n                <beam number=\"2\">end</beam>\r\n                <beam number=\"3\">end</beam></metadiff>\r\n            </note>\r\n            <note>\r\n                <rest/>\r\n                <duration>16</duration>\r\n                <type>half</type>\r\n            </note>\r\n            <barline location=\"right\">\r\n                <bar-style>light-heavy</bar-style>\r\n            </barline>\r\n        </measure>\r\n    </part>\r\n</score-partwise>",
        "position": 9
    }
},
{
    "model": "spec.exampledocumentcomparison",
    "pk": 11,
    "fields": {
        "example": 11,
        "doc_format": 1,
        "preamble": "MusicXML uses <code>&lt;beam&gt;</code> elements with the value <code>\"forward hook\"</code> or <code>\"backward hook\"</code>.\r\n\r\nMNX uses the <code>&lt;beam-hook&gt;</code> element, which lives inside a parent <code>&lt;beam&gt;</code>.",
        "document": "<score-partwise version=\"3.1\">\r\n    <part-list>\r\n        <score-part id=\"P1\">\r\n            <part-name>Music</part-name>\r\n        </score-part>\r\n    </part-list>\r\n    <part id=\"P1\">\r\n        <measure number=\"1\">\r\n            <attributes>\r\n                <divisions>8</divisions>\r\n                <key>\r\n                    <fifths>0</fifths>\r\n                </key>\r\n                <time>\r\n                    <beats>4</beats>\r\n                    <beat-type>4</beat-type>\r\n                </time>\r\n                <clef>\r\n                    <sign>G</sign>\r\n                    <line>2</line>\r\n                </clef>\r\n            </attributes>\r\n            <note>\r\n                <pitch>\r\n                    <step>C</step>\r\n                    <octave>5</octave>\r\n                </pitch>\r\n                <duration>2</duration>\r\n                <type>16th</type>\r\n                <metadiff><beam number=\"1\">begin</beam>\r\n                <beam number=\"2\">forward hook</beam></metadiff>\r\n            </note>\r\n            <note>\r\n                <pitch>\r\n                    <step>D</step>\r\n                    <octave>5</octave>\r\n                </pitch>\r\n                <duration>4</duration>\r\n                <type>eighth</type>\r\n                <metadiff><beam number=\"1\">continue</beam></metadiff>\r\n            </note>\r\n            <note>\r\n                <pitch>\r\n                    <step>C</step>\r\n                    <octave>5</octave>\r\n                </pitch>\r\n                <duration>2</duration>\r\n                <type>16th</type>\r\n                <metadiff><beam number=\"1\">end</beam>\r\n                <beam number=\"2\">backward hook</beam></metadiff>\r\n            </note>\r\n            <note>\r\n                <pitch>\r\n                    <step>E</step>\r\n                    <octave>5</octave>\r\n                </pitch>\r\n                <duration>2</duration>\r\n                <type>16th</type>\r\n                <metadiff><beam number=\"1\">begin</beam>\r\n                <beam number=\"2\">forward hook</beam></metadiff>\r\n            </note>\r\n            <note>\r\n                <pitch>\r\n                    <step>F</step>\r\n                    <octave>5</octave>\r\n                </pitch>\r\n                <duration>4</duration>\r\n                <type>eighth</type>\r\n                <metadiff><beam number=\"1\">continue</beam></metadiff>\r\n            </note>\r\n            <note>\r\n                <pitch>\r\n                    <step>E</step>\r\n                    <octave>5</octave>\r\n                </pitch>\r\n                <duration>2</duration>\r\n                <type>16th</type>\r\n                <metadiff><beam number=\"1\">end</beam>\r\n                <beam number=\"2\">backward hook</beam></metadiff>\r\n            </note>\r\n            <note>\r\n                <pitch>\r\n                    <step>G</step>\r\n                    <octave>5</octave>\r\n                </pitch>\r\n                <duration>2</duration>\r\n                <type>16th</type>\r\n                <metadiff><beam number=\"1\">begin</beam>\r\n                <beam number=\"2\">forward hook</beam></metadiff>\r\n            </note>\r\n            <note>\r\n                <pitch>\r\n                    <step>A</step>\r\n                    <octave>5</octave>\r\n                </pitch>\r\n                <duration>4</duration>\r\n                <type>eighth</type>\r\n                <metadiff><beam number=\"1\">continue</beam></metadiff>\r\n            </note>\r\n            <note>\r\n                <pitch>\r\n                    <step>G</step>\r\n                    <octave>5</octave>\r\n                </pitch>\r\n                <duration>2</duration>\r\n                <type>16th</type>\r\n                <metadiff><beam number=\"1\">end</beam>\r\n                <beam number=\"2\">backward hook</beam></metadiff>\r\n            </note>\r\n            <note>\r\n                <pitch>\r\n                    <step>C</step>\r\n                    <octave>6</octave>\r\n                </pitch>\r\n                <duration>8</duration>\r\n                <type>quarter</type>\r\n            </note>\r\n            <barline location=\"right\">\r\n                <bar-style>light-heavy</bar-style>\r\n            </barline>\r\n        </measure>\r\n    </part>\r\n</score-partwise>",
        "position": 10
    }
},
{
    "model": "spec.exampledocumentcomparison",
    "pk": 12,
    "fields": {
        "example": 12,
        "doc_format": 1,
        "preamble": "In MusicXML, to exclude a grace note from a beam, you exclude <code>&lt;beam&gt;continue&lt;/beam&gt;</code> from the grace note’s <code>&lt;note&gt;</code> element.\r\n\r\nIn MNX, you exclude the grace note’s event from the <code>&lt;beam&gt;</code> element.",
        "document": "<score-partwise version=\"3.1\">\r\n    <part-list>\r\n        <score-part id=\"P1\">\r\n            <part-name>Music</part-name>\r\n        </score-part>\r\n    </part-list>\r\n    <part id=\"P1\">\r\n        <measure number=\"1\">\r\n            <attributes>\r\n                <divisions>256</divisions>\r\n                <key>\r\n                    <fifths>0</fifths>\r\n                    <mode>major</mode>\r\n                </key>\r\n                <time>\r\n                    <beats>4</beats>\r\n                    <beat-type>4</beat-type>\r\n                </time>\r\n                <clef>\r\n                    <sign>G</sign>\r\n                    <line>2</line>\r\n                </clef>\r\n            </attributes>\r\n            <note>\r\n                <pitch>\r\n                    <step>C</step>\r\n                    <octave>5</octave>\r\n                </pitch>\r\n                <duration>128</duration>\r\n                <type>eighth</type>\r\n                <metadiff><beam number=\"1\">begin</beam></metadiff>\r\n            </note>\r\n            <note>\r\n                <grace/>\r\n                <pitch>\r\n                    <step>B</step>\r\n                    <octave>4</octave>\r\n                </pitch>\r\n                <type>eighth</type>\r\n            </note>\r\n            <note>\r\n                <pitch>\r\n                    <step>D</step>\r\n                    <octave>5</octave>\r\n                </pitch>\r\n                <duration>128</duration>\r\n                <type>eighth</type>\r\n                <metadiff><beam number=\"1\">continue</beam></metadiff>\r\n            </note>\r\n            <note>\r\n                <pitch>\r\n                    <step>E</step>\r\n                    <octave>5</octave>\r\n                </pitch>\r\n                <duration>128</duration>\r\n                <type>eighth</type>\r\n                <metadiff><beam number=\"1\">continue</beam></metadiff>\r\n            </note>\r\n            <note>\r\n                <pitch>\r\n                    <step>F</step>\r\n                    <octave>5</octave>\r\n                </pitch>\r\n                <duration>128</duration>\r\n                <type>eighth</type>\r\n                <metadiff><beam number=\"1\">end</beam></metadiff>\r\n            </note>\r\n            <note>\r\n                <rest/>\r\n                <duration>512</duration>\r\n                <type>half</type>\r\n            </note>\r\n        </measure>\r\n    </part>\r\n</score-partwise>",
        "position": 11
    }
},
{
    "model": "spec.exampledocumentcomparison",
    "pk": 13,
    "fields": {
        "example": 13,
        "doc_format": 1,
        "preamble": "Both MusicXML and MNX support beams crossing barlines.\r\n\r\nIn MNX, the <code>&lt;beam&gt;</code> element lives in the <code>&lt;sequence&gt;</code> in which the beam <em>starts</em>. The <code>&lt;beam&gt;</code> is free to reference IDs of events in a subsequent measure.",
        "document": "<score-partwise version=\"3.1\">\r\n    <part-list>\r\n        <score-part id=\"P1\">\r\n            <part-name>Music</part-name>\r\n        </score-part>\r\n    </part-list>\r\n    <part id=\"P1\">\r\n        <measure number=\"1\">\r\n            <attributes>\r\n                <divisions>2</divisions>\r\n                <key>\r\n                    <fifths>0</fifths>\r\n                </key>\r\n                <time>\r\n                    <beats>4</beats>\r\n                    <beat-type>4</beat-type>\r\n                </time>\r\n                <clef>\r\n                    <sign>G</sign>\r\n                    <line>2</line>\r\n                </clef>\r\n            </attributes>\r\n            <note>\r\n                <rest/>\r\n                <duration>4</duration>\r\n                <type>half</type>\r\n            </note>\r\n            <note>\r\n                <rest/>\r\n                <duration>2</duration>\r\n                <type>quarter</type>\r\n            </note>\r\n            <note>\r\n                <pitch>\r\n                    <step>C</step>\r\n                    <octave>5</octave>\r\n                </pitch>\r\n                <duration>1</duration>\r\n                <type>eighth</type>\r\n                <stem>down</stem>\r\n                <metadiff><beam number=\"1\">begin</beam></metadiff>\r\n            </note>\r\n            <note>\r\n                <pitch>\r\n                    <step>D</step>\r\n                    <octave>5</octave>\r\n                </pitch>\r\n                <duration>1</duration>\r\n                <type>eighth</type>\r\n                <stem>down</stem>\r\n                <metadiff><beam number=\"1\">continue</beam></metadiff>\r\n            </note>\r\n        </measure>\r\n        <measure number=\"2\">\r\n            <note>\r\n                <pitch>\r\n                    <step>E</step>\r\n                    <octave>5</octave>\r\n                </pitch>\r\n                <duration>1</duration>\r\n                <type>eighth</type>\r\n                <stem>down</stem>\r\n                <metadiff><beam number=\"1\">continue</beam></metadiff>\r\n            </note>\r\n            <note>\r\n                <pitch>\r\n                    <step>F</step>\r\n                    <octave>5</octave>\r\n                </pitch>\r\n                <duration>1</duration>\r\n                <type>eighth</type>\r\n                <stem>down</stem>\r\n                <metadiff><beam number=\"1\">end</beam></metadiff>\r\n            </note>\r\n            <note>\r\n                <rest/>\r\n                <duration>2</duration>\r\n                <type>quarter</type>\r\n            </note>\r\n            <note>\r\n                <rest/>\r\n                <duration>4</duration>\r\n                <type>half</type>\r\n            </note>\r\n            <barline location=\"right\">\r\n                <bar-style>light-heavy</bar-style>\r\n            </barline>\r\n        </measure>\r\n    </part>\r\n</score-partwise>",
        "position": 12
    }
},
{
    "model": "spec.exampledocumentcomparison",
    "pk": 14,
    "fields": {
        "example": 14,
        "doc_format": 1,
        "preamble": "MusicXML uses two separate concepts: a <code>&lt;time-modification&gt;</code> element to encode the tuplet’s ratio and a <code>&lt;tuplet&gt;</code> element to encode the engraved tuplet itself. These go inside <code>&lt;note&gt;</code> elements. Parsers need to keep track of currently open tuplets and look for the value <code>stop</code>.\r\n\r\nMNX uses a single <code>&lt;tuplet&gt;</code> element, which contains the notes or rests therein. The <code>inner</code> attribute encodes the rhythmic duration of the tuplet’s elements as if the tuplet were ignored; the <code>outer</code> attribute encodes the rhythmic duration taking the tuplet’s ratio into account.",
        "document": "<score-partwise version=\"3.1\">\r\n    <part-list>\r\n        <score-part id=\"P1\">\r\n            <part-name>Music</part-name>\r\n        </score-part>\r\n    </part-list>\r\n    <part id=\"P1\">\r\n        <measure number=\"1\">\r\n            <attributes>\r\n                <divisions>256</divisions>\r\n                <key>\r\n                    <fifths>0</fifths>\r\n                    <mode>major</mode>\r\n                </key>\r\n                <time>\r\n                    <beats>4</beats>\r\n                    <beat-type>4</beat-type>\r\n                </time>\r\n                <clef>\r\n                    <sign>G</sign>\r\n                    <line>2</line>\r\n                </clef>\r\n            </attributes>\r\n            <note>\r\n                <pitch>\r\n                    <step>C</step>\r\n                    <octave>5</octave>\r\n                </pitch>\r\n                <duration>170</duration>\r\n                <type>quarter</type>\r\n                <metadiff><time-modification>\r\n                    <actual-notes>3</actual-notes>\r\n                    <normal-notes>2</normal-notes>\r\n                    <normal-type>eighth</normal-type>\r\n                </time-modification>\r\n                <notations>\r\n                    <tuplet number=\"1\" type=\"start\"/>\r\n                </notations></metadiff>\r\n            </note>\r\n            <note>\r\n                <pitch>\r\n                    <step>G</step>\r\n                    <octave>4</octave>\r\n                </pitch>\r\n                <duration>85</duration>\r\n                <type>eighth</type>\r\n                <metadiff><time-modification>\r\n                    <actual-notes>3</actual-notes>\r\n                    <normal-notes>2</normal-notes>\r\n                    <normal-type>eighth</normal-type>\r\n                </time-modification>\r\n                <notations>\r\n                    <tuplet number=\"1\" type=\"stop\"/>\r\n                </notations></metadiff>\r\n            </note>\r\n            <note>\r\n                <pitch>\r\n                    <step>E</step>\r\n                    <octave>4</octave>\r\n                </pitch>\r\n                <duration>85</duration>\r\n                <type>eighth</type>\r\n                <metadiff><time-modification>\r\n                    <actual-notes>3</actual-notes>\r\n                    <normal-notes>2</normal-notes>\r\n                </time-modification>\r\n                <beam number=\"1\">begin</beam>\r\n                <notations>\r\n                    <tuplet number=\"1\" type=\"start\"/>\r\n                </notations></metadiff>\r\n            </note>\r\n            <note>\r\n                <pitch>\r\n                    <step>F</step>\r\n                    <octave>4</octave>\r\n                </pitch>\r\n                <duration>85</duration>\r\n                <type>eighth</type>\r\n                <metadiff><time-modification>\r\n                    <actual-notes>3</actual-notes>\r\n                    <normal-notes>2</normal-notes>\r\n                </time-modification></metadiff>\r\n                <beam number=\"1\">continue</beam>\r\n            </note>\r\n            <note>\r\n                <pitch>\r\n                    <step>G</step>\r\n                    <octave>4</octave>\r\n                </pitch>\r\n                <duration>85</duration>\r\n                <type>eighth</type>\r\n                <metadiff><time-modification>\r\n                    <actual-notes>3</actual-notes>\r\n                    <normal-notes>2</normal-notes>\r\n                </time-modification>\r\n                <beam number=\"1\">end</beam>\r\n                <notations>\r\n                    <tuplet number=\"1\" type=\"stop\"/>\r\n                </notations></metadiff>\r\n            </note>\r\n            <note>\r\n                <pitch>\r\n                    <step>E</step>\r\n                    <octave>5</octave>\r\n                </pitch>\r\n                <duration>256</duration>\r\n                <type>quarter</type>\r\n            </note>\r\n            <note>\r\n                <pitch>\r\n                    <step>D</step>\r\n                    <octave>5</octave>\r\n                </pitch>\r\n                <duration>256</duration>\r\n                <type>quarter</type>\r\n            </note>\r\n        </measure>\r\n        <measure number=\"2\">\r\n            <note>\r\n                <pitch>\r\n                    <step>C</step>\r\n                    <octave>5</octave>\r\n                </pitch>\r\n                <duration>170</duration>\r\n                <type>quarter</type>\r\n                <metadiff><time-modification>\r\n                    <actual-notes>6</actual-notes>\r\n                    <normal-notes>4</normal-notes>\r\n                </time-modification>\r\n                <notations>\r\n                    <tuplet number=\"1\" type=\"start\"/>\r\n                </notations></metadiff>\r\n            </note>\r\n            <note>\r\n                <pitch>\r\n                    <step>D</step>\r\n                    <octave>5</octave>\r\n                </pitch>\r\n                <duration>170</duration>\r\n                <type>quarter</type>\r\n                <metadiff><time-modification>\r\n                    <actual-notes>6</actual-notes>\r\n                    <normal-notes>4</normal-notes>\r\n                </time-modification></metadiff>\r\n            </note>\r\n            <note>\r\n                <pitch>\r\n                    <step>C</step>\r\n                    <octave>5</octave>\r\n                </pitch>\r\n                <duration>170</duration>\r\n                <type>quarter</type>\r\n                <metadiff><time-modification>\r\n                    <actual-notes>6</actual-notes>\r\n                    <normal-notes>4</normal-notes>\r\n                </time-modification></metadiff>\r\n            </note>\r\n            <note>\r\n                <pitch>\r\n                    <step>G</step>\r\n                    <octave>4</octave>\r\n                </pitch>\r\n                <duration>170</duration>\r\n                <type>quarter</type>\r\n                <metadiff><time-modification>\r\n                    <actual-notes>6</actual-notes>\r\n                    <normal-notes>4</normal-notes>\r\n                </time-modification></metadiff>\r\n            </note>\r\n            <note>\r\n                <pitch>\r\n                    <step>E</step>\r\n                    <octave>5</octave>\r\n                </pitch>\r\n                <duration>170</duration>\r\n                <type>quarter</type>\r\n                <metadiff><time-modification>\r\n                    <actual-notes>6</actual-notes>\r\n                    <normal-notes>4</normal-notes>\r\n                </time-modification></metadiff>\r\n            </note>\r\n            <note>\r\n                <pitch>\r\n                    <step>C</step>\r\n                    <octave>5</octave>\r\n                </pitch>\r\n                <duration>170</duration>\r\n                <type>quarter</type>\r\n                <metadiff><time-modification>\r\n                    <actual-notes>6</actual-notes>\r\n                    <normal-notes>4</normal-notes>\r\n                </time-modification>\r\n                <notations>\r\n                    <tuplet number=\"1\" type=\"stop\"/>\r\n                </notations></metadiff>\r\n            </note>\r\n        </measure>\r\n    </part>\r\n</score-partwise>",
        "position": 13
    }
},
{
    "model": "spec.exampledocumentcomparison",
    "pk": 15,
    "fields": {
        "example": 15,
        "doc_format": 1,
        "preamble": "In MusicXML, parsers need to keep track of an internal position; this example uses <code>&lt;backup&gt;</code> to move the internal position back to <code>0</code> to begin the second voice. In MNX, voices are explicitly grouped within <code>&lt;sequence&gt;</code> elements.",
        "document": "<score-partwise version=\"3.1\">\r\n    <part-list>\r\n        <score-part id=\"P1\">\r\n            <part-name>Music</part-name>\r\n        </score-part>\r\n    </part-list>\r\n    <part id=\"P1\">\r\n        <metadiff><measure number=\"1\">\r\n            <attributes>\r\n                <divisions>256</divisions>\r\n                <key>\r\n                    <fifths>0</fifths>\r\n                </key>\r\n                <time>\r\n                    <beats>4</beats>\r\n                    <beat-type>4</beat-type>\r\n                </time>\r\n                <clef>\r\n                    <sign>G</sign>\r\n                    <line>2</line>\r\n                </clef>\r\n            </attributes>\r\n            <note>\r\n                <pitch>\r\n                    <step>C</step>\r\n                    <octave>4</octave>\r\n                </pitch>\r\n                <duration>512</duration>\r\n                <voice>1</voice>\r\n                <type>half</type>\r\n            </note>\r\n            <note>\r\n                <pitch>\r\n                    <step>G</step>\r\n                    <octave>3</octave>\r\n                </pitch>\r\n                <duration>512</duration>\r\n                <voice>1</voice>\r\n                <type>half</type>\r\n            </note>\r\n            <backup>\r\n                <duration>1024</duration>\r\n            </backup>\r\n            <note>\r\n                <pitch>\r\n                    <step>E</step>\r\n                    <octave>5</octave>\r\n                </pitch>\r\n                <duration>256</duration>\r\n                <voice>2</voice>\r\n                <type>quarter</type>\r\n            </note>\r\n            <note>\r\n                <pitch>\r\n                    <step>F</step>\r\n                    <octave>5</octave>\r\n                </pitch>\r\n                <duration>256</duration>\r\n                <voice>2</voice>\r\n                <type>quarter</type>\r\n            </note>\r\n            <note>\r\n                <pitch>\r\n                    <step>G</step>\r\n                    <octave>5</octave>\r\n                </pitch>\r\n                <duration>256</duration>\r\n                <voice>2</voice>\r\n                <type>quarter</type>\r\n            </note>\r\n            <note>\r\n                <pitch>\r\n                    <step>B</step>\r\n                    <octave>4</octave>\r\n                </pitch>\r\n                <duration>256</duration>\r\n                <voice>2</voice>\r\n                <type>quarter</type>\r\n            </note>\r\n        </measure>\r\n        <measure number=\"2\">\r\n            <note>\r\n                <pitch>\r\n                    <step>C</step>\r\n                    <octave>4</octave>\r\n                </pitch>\r\n                <duration>1024</duration>\r\n                <voice>1</voice>\r\n                <type>whole</type>\r\n            </note>\r\n            <backup>\r\n                <duration>1024</duration>\r\n            </backup>\r\n            <note>\r\n                <pitch>\r\n                    <step>D</step>\r\n                    <octave>5</octave>\r\n                </pitch>\r\n                <duration>256</duration>\r\n                <voice>2</voice>\r\n                <type>quarter</type>\r\n            </note>\r\n            <note>\r\n                <pitch>\r\n                    <step>C</step>\r\n                    <octave>5</octave>\r\n                </pitch>\r\n                <duration>256</duration>\r\n                <voice>2</voice>\r\n                <type>quarter</type>\r\n            </note>\r\n            <note>\r\n                <pitch>\r\n                    <step>C</step>\r\n                    <octave>6</octave>\r\n                </pitch>\r\n                <duration>512</duration>\r\n                <voice>2</voice>\r\n                <type>half</type>\r\n            </note>\r\n        </measure></metadiff>\r\n    </part>\r\n</score-partwise>",
        "position": 14
    }
},
{
    "model": "spec.exampledocumentcomparison",
    "pk": 16,
    "fields": {
        "example": 16,
        "doc_format": 1,
        "preamble": "In MusicXML, you put <code>&lt;octave-shift&gt;</code> elements around the notes that are affected by the octave shift; the issue of whether the octave shift affects the first note <em>following</em> the closing <code>&lt;octave-shift&gt;</code> is interpreted differently by different programs.\r\n\r\nIn MNX, you put a single <code>&lt;octave-shift&gt;</code> element just before the first note it affects. The element’s <code>end</code> attribute specifies the <a href=\"/mnx/specification/common/#measure-locations\">measure location</a> of the <em>last note</em> for which the octave shift applies. In this example, the octave shift’s final note, the C quarter note, has measure location <code>2:1/2</code> (measure index <code>2</code>, <a href=\"/mnx/specification/common/#common-metrical-position\">metrical position</a> one half note into the bar).\r\n\r\nIn both MusicXML and MNX, pitches for notes within an octave shift are specified taking the octave shift into account (see MNX’s definition of “<a href=\"/mnx/specification/common/#written-pitches\">written pitch</a>”). In this example, the final two pitches are C7 and C6, despite the notes being rendered on the same staff line.",
        "document": "<score-partwise version=\"3.1\">\r\n    <part-list>\r\n        <score-part id=\"P1\">\r\n            <part-name>Music</part-name>\r\n        </score-part>\r\n    </part-list>\r\n    <part id=\"P1\">\r\n        <measure number=\"1\">\r\n            <attributes>\r\n                <divisions>256</divisions>\r\n                <key>\r\n                    <fifths>0</fifths>\r\n                </key>\r\n                <time>\r\n                    <beats>4</beats>\r\n                    <beat-type>4</beat-type>\r\n                </time>\r\n                <clef>\r\n                    <sign>G</sign>\r\n                    <line>2</line>\r\n                </clef>\r\n            </attributes>\r\n            <note>\r\n                <pitch>\r\n                    <step>C</step>\r\n                    <octave>5</octave>\r\n                </pitch>\r\n                <duration>256</duration>\r\n                <type>quarter</type>\r\n            </note>\r\n            <note>\r\n                <pitch>\r\n                    <step>E</step>\r\n                    <octave>5</octave>\r\n                </pitch>\r\n                <duration>256</duration>\r\n                <type>quarter</type>\r\n            </note>\r\n            <metadiff><direction>\r\n                <direction-type>\r\n                    <octave-shift size=\"8\" type=\"down\"/>\r\n                </direction-type>\r\n            </direction></metadiff>\r\n            <note>\r\n                <pitch>\r\n                    <step>C</step>\r\n                    <octave>7</octave>\r\n                </pitch>\r\n                <duration>512</duration>\r\n                <type>half</type>\r\n            </note>\r\n        </measure>\r\n        <measure number=\"2\">\r\n            <note>\r\n                <pitch>\r\n                    <step>E</step>\r\n                    <octave>7</octave>\r\n                </pitch>\r\n                <duration>512</duration>\r\n                <type>half</type>\r\n            </note>\r\n            <note>\r\n                <pitch>\r\n                    <step>C</step>\r\n                    <octave>7</octave>\r\n                </pitch>\r\n                <duration>256</duration>\r\n                <type>quarter</type>\r\n            </note>\r\n            <metadiff><direction>\r\n                <direction-type>\r\n                    <octave-shift size=\"8\" type=\"stop\"/>\r\n                </direction-type>\r\n            </direction></metadiff>\r\n            <note>\r\n                <pitch>\r\n                    <step>C</step>\r\n                    <octave>6</octave>\r\n                </pitch>\r\n                <duration>256</duration>\r\n                <type>quarter</type>\r\n            </note>\r\n        </measure>\r\n    </part>\r\n</score-partwise>",
        "position": 15
    }
},
{
    "model": "spec.exampledocumentcomparison",
    "pk": 17,
    "fields": {
        "example": 17,
        "doc_format": 1,
        "preamble": "In MusicXML, you put <code>&lt;slur&gt;</code> elements within the first and last notes in the slur. The first has <code>type=start</code> and the last has <code>type=stop</code>. Use the <code>placement</code> attribute to specify whether the slur is above or below the notes.\r\n\r\nIn MNX, you put a single <code>&lt;slur&gt;</code> element inside the slur’s first <code>&lt;event&gt;</code>. The element’s <code>target</code> attribute specifies the ID of the last event in the slur. (Every <code>&lt;event&gt;</code> element can have an optional ID.) Use the <code>side</code> attribute to specify whether the slur is above or below.",
        "document": "<score-partwise version=\"3.1\">\r\n    <part-list>\r\n        <score-part id=\"P1\">\r\n            <part-name>Music</part-name>\r\n        </score-part>\r\n    </part-list>\r\n    <part id=\"P1\">\r\n        <measure number=\"1\">\r\n            <attributes>\r\n                <divisions>256</divisions>\r\n                <key>\r\n                    <fifths>0</fifths>\r\n                </key>\r\n                <time>\r\n                    <beats>4</beats>\r\n                    <beat-type>4</beat-type>\r\n                </time>\r\n                <clef>\r\n                    <sign>G</sign>\r\n                    <line>2</line>\r\n                </clef>\r\n            </attributes>\r\n            <note>\r\n                <pitch>\r\n                    <step>C</step>\r\n                    <octave>5</octave>\r\n                </pitch>\r\n                <duration>256</duration>\r\n                <type>quarter</type>\r\n                <metadiff><notations>\r\n                    <slur number=\"1\" placement=\"above\" type=\"start\"/>\r\n                </notations></metadiff>\r\n            </note>\r\n            <note>\r\n                <pitch>\r\n                    <step>D</step>\r\n                    <octave>5</octave>\r\n                </pitch>\r\n                <duration>256</duration>\r\n                <type>quarter</type>\r\n            </note>\r\n            <note>\r\n                <pitch>\r\n                    <step>E</step>\r\n                    <octave>5</octave>\r\n                </pitch>\r\n                <duration>256</duration>\r\n                <type>quarter</type>\r\n            </note>\r\n            <note>\r\n                <pitch>\r\n                    <step>C</step>\r\n                    <octave>5</octave>\r\n                </pitch>\r\n                <duration>256</duration>\r\n                <type>quarter</type>\r\n                <metadiff><notations>\r\n                    <slur number=\"1\" type=\"stop\"/>\r\n                </notations></metadiff>\r\n            </note>\r\n        </measure>\r\n        <measure number=\"2\">\r\n            <note>\r\n                <pitch>\r\n                    <step>G</step>\r\n                    <octave>4</octave>\r\n                </pitch>\r\n                <duration>256</duration>\r\n                <type>quarter</type>\r\n                <metadiff><notations>\r\n                    <slur number=\"1\" placement=\"below\" type=\"start\"/>\r\n                </notations></metadiff>\r\n            </note>\r\n            <note>\r\n                <pitch>\r\n                    <step>A</step>\r\n                    <octave>4</octave>\r\n                </pitch>\r\n                <duration>256</duration>\r\n                <type>quarter</type>\r\n            </note>\r\n            <note>\r\n                <pitch>\r\n                    <step>G</step>\r\n                    <octave>4</octave>\r\n                </pitch>\r\n                <duration>256</duration>\r\n                <type>quarter</type>\r\n            </note>\r\n            <note>\r\n                <pitch>\r\n                    <step>E</step>\r\n                    <octave>4</octave>\r\n                </pitch>\r\n                <duration>256</duration>\r\n                <type>quarter</type>\r\n                <metadiff><notations>\r\n                    <slur number=\"1\" type=\"stop\"/>\r\n                </notations></metadiff>\r\n            </note>\r\n        </measure>\r\n    </part>\r\n</score-partwise>",
        "position": 16
    }
},
{
    "model": "spec.exampledocumentcomparison",
    "pk": 18,
    "fields": {
        "example": 18,
        "doc_format": 1,
        "preamble": "In MusicXML, if the start and/or end points of a slur are chords, then the slur markup goes inside the first note of the chord.\r\n\r\nIn MNX, the slur is attached to the <code>&lt;event&gt;</code>, not to the <code>&lt;note&gt;</code>.",
        "document": "<score-partwise version=\"3.1\">\r\n    <part-list>\r\n        <score-part id=\"P1\">\r\n            <part-name>Music</part-name>\r\n        </score-part>\r\n    </part-list>\r\n    <part id=\"P1\">\r\n        <measure number=\"1\">\r\n            <attributes>\r\n                <divisions>256</divisions>\r\n                <key>\r\n                    <fifths>0</fifths>\r\n                    <mode>major</mode>\r\n                </key>\r\n                <time>\r\n                    <beats>4</beats>\r\n                    <beat-type>4</beat-type>\r\n                </time>\r\n                <staves>1</staves>\r\n                <clef>\r\n                    <sign>G</sign>\r\n                    <line>2</line>\r\n                </clef>\r\n            </attributes>\r\n            <note>\r\n                <pitch>\r\n                    <step>C</step>\r\n                    <octave>5</octave>\r\n                </pitch>\r\n                <duration>256</duration>\r\n                <type>quarter</type>\r\n                <metadiff><notations>\r\n                    <slur number=\"1\" placement=\"above\" type=\"start\"/>\r\n                </notations></metadiff>\r\n            </note>\r\n            <note>\r\n                <chord/>\r\n                <pitch>\r\n                    <step>E</step>\r\n                    <octave>5</octave>\r\n                </pitch>\r\n                <duration>256</duration>\r\n                <type>quarter</type>\r\n            </note>\r\n            <note>\r\n                <pitch>\r\n                    <step>D</step>\r\n                    <octave>5</octave>\r\n                </pitch>\r\n                <duration>256</duration>\r\n                <type>quarter</type>\r\n            </note>\r\n            <note>\r\n                <chord/>\r\n                <pitch>\r\n                    <step>F</step>\r\n                    <octave>5</octave>\r\n                </pitch>\r\n                <duration>256</duration>\r\n                <type>quarter</type>\r\n            </note>\r\n            <note>\r\n                <pitch>\r\n                    <step>E</step>\r\n                    <octave>5</octave>\r\n                </pitch>\r\n                <duration>256</duration>\r\n                <type>quarter</type>\r\n            </note>\r\n            <note>\r\n                <chord/>\r\n                <pitch>\r\n                    <step>G</step>\r\n                    <octave>5</octave>\r\n                </pitch>\r\n                <duration>256</duration>\r\n                <type>quarter</type>\r\n            </note>\r\n            <note>\r\n                <pitch>\r\n                    <step>F</step>\r\n                    <octave>5</octave>\r\n                </pitch>\r\n                <duration>256</duration>\r\n                <type>quarter</type>\r\n                <metadiff><notations>\r\n                    <slur number=\"1\" type=\"stop\"/>\r\n                </notations></metadiff>\r\n            </note>\r\n            <note>\r\n                <chord/>\r\n                <pitch>\r\n                    <step>A</step>\r\n                    <octave>5</octave>\r\n                </pitch>\r\n                <duration>256</duration>\r\n                <type>quarter</type>\r\n            </note>\r\n        </measure>\r\n    </part>\r\n</score-partwise>",
        "position": 17
    }
},
{
    "model": "spec.exampledocumentcomparison",
    "pk": 19,
    "fields": {
        "example": 19,
        "doc_format": 1,
        "preamble": "In MusicXML, slurs are always defined within <code>&lt;note&gt;</code> elements.\r\n\r\nIn MNX, a slur can optionally specify which specific notes it’s attached to, using the <code>start-note</code> and <code>end-note</code> attributes. The <code>start-note</code> must be within the event that contains the <code>&lt;slur&gt;</code>, and the <code>end-note</code> must be within the <code>target</code> event.",
        "document": "<score-partwise version=\"3.1\">\r\n    <part-list>\r\n        <score-part id=\"P1\">\r\n            <part-name>Music</part-name>\r\n        </score-part>\r\n    </part-list>\r\n    <part id=\"P1\">\r\n        <measure number=\"1\">\r\n            <attributes>\r\n                <divisions>256</divisions>\r\n                <key>\r\n                    <fifths>0</fifths>\r\n                    <mode>major</mode>\r\n                </key>\r\n                <time>\r\n                    <beats>4</beats>\r\n                    <beat-type>4</beat-type>\r\n                </time>\r\n                <staves>1</staves>\r\n                <clef>\r\n                    <sign>G</sign>\r\n                    <line>2</line>\r\n                </clef>\r\n            </attributes>\r\n            <note>\r\n                <pitch>\r\n                    <step>C</step>\r\n                    <octave>5</octave>\r\n                </pitch>\r\n                <duration>512</duration>\r\n                <type>half</type>\r\n                <metadiff><notations>\r\n                    <slur number=\"1\" placement=\"below\" type=\"start\"/>\r\n                </notations></metadiff>\r\n            </note>\r\n            <note>\r\n                <chord/>\r\n                <pitch>\r\n                    <step>E</step>\r\n                    <octave>5</octave>\r\n                </pitch>\r\n                <duration>512</duration>\r\n                <type>half</type>\r\n                <metadiff><notations>\r\n                    <slur number=\"2\" placement=\"above\" type=\"start\"/>\r\n                </notations></metadiff>\r\n            </note>\r\n            <note>\r\n                <chord/>\r\n                <pitch>\r\n                    <step>G</step>\r\n                    <octave>5</octave>\r\n                </pitch>\r\n                <duration>512</duration>\r\n                <type>half</type>\r\n                <metadiff><notations>\r\n                    <slur number=\"3\" placement=\"above\" type=\"start\"/>\r\n                </notations></metadiff>\r\n            </note>\r\n            <note>\r\n                <pitch>\r\n                    <step>B</step>\r\n                    <octave>4</octave>\r\n                </pitch>\r\n                <duration>512</duration>\r\n                <type>half</type>\r\n                <metadiff><notations>\r\n                    <slur number=\"1\" type=\"stop\"/>\r\n                </notations></metadiff>\r\n            </note>\r\n            <note>\r\n                <chord/>\r\n                <pitch>\r\n                    <step>D</step>\r\n                    <octave>5</octave>\r\n                </pitch>\r\n                <duration>512</duration>\r\n                <type>half</type>\r\n                <metadiff><notations>\r\n                    <slur number=\"2\" type=\"stop\"/>\r\n                </notations></metadiff>\r\n            </note>\r\n            <note>\r\n                <chord/>\r\n                <pitch>\r\n                    <step>F</step>\r\n                    <octave>5</octave>\r\n                </pitch>\r\n                <duration>512</duration>\r\n                <type>half</type>\r\n                <metadiff><notations>\r\n                    <slur number=\"3\" type=\"stop\"/>\r\n                </notations></metadiff>\r\n            </note>\r\n        </measure>\r\n    </part>\r\n</score-partwise>",
        "position": 18
    }
},
{
    "model": "spec.exampledocumentcomparison",
    "pk": 20,
    "fields": {
        "example": 20,
        "doc_format": 1,
        "preamble": "In both MusicXML and MNX, slurs aren’t required to end on specific notes. For “incomplete” slurs like this, the two formats have different approaches.\r\n\r\nWith MusicXML’s graphical approach, use two <code>&lt;slur&gt;</code> elements within the same note — one with <code>type=\"start\"</code> and the other with <code>type=\"start\"</code>. Then use the <code>default-x</code> and <code>default-y</code> attributes to position the slur accordingly.\r\n\r\nWith MNX’s semantic approach, use <code>location=\"incoming\"</code> or <code>location=\"outgoing\"</code> on the note to which the slur is attached.",
        "document": "<score-partwise version=\"3.1\">\r\n    <part-list>\r\n        <score-part id=\"P1\">\r\n            <part-name>Music</part-name>\r\n        </score-part>\r\n    </part-list>\r\n    <part id=\"P1\">\r\n        <measure number=\"1\">\r\n            <attributes>\r\n                <divisions>256</divisions>\r\n                <key>\r\n                    <fifths>0</fifths>\r\n                    <mode>major</mode>\r\n                </key>\r\n                <time>\r\n                    <beats>4</beats>\r\n                    <beat-type>4</beat-type>\r\n                </time>\r\n                <staves>1</staves>\r\n                <clef>\r\n                    <sign>G</sign>\r\n                    <line>2</line>\r\n                </clef>\r\n            </attributes>\r\n            <note>\r\n                <pitch>\r\n                    <step>C</step>\r\n                    <octave>5</octave>\r\n                </pitch>\r\n                <duration>512</duration>\r\n                <type>half</type>\r\n            </note>\r\n            <note>\r\n                <pitch>\r\n                    <step>D</step>\r\n                    <octave>5</octave>\r\n                </pitch>\r\n                <duration>512</duration>\r\n                <type>half</type>\r\n                <metadiff><notations>\r\n                    <slur number=\"1\" placement=\"above\"\r\n                        type=\"start\" default-x=\"0\" default-y=\"2\"/>\r\n                    <slur number=\"1\"\r\n                        type=\"stop\" default-x=\"40\" default-y=\"4\"/>\r\n                </notations></metadiff>\r\n            </note>\r\n        </measure>\r\n    </part>\r\n</score-partwise>",
        "position": 19
    }
},
{
    "model": "spec.exampledocumentcomparison",
    "pk": 21,
    "fields": {
        "example": 21,
        "doc_format": 1,
        "preamble": "MusicXML supports two ways of organizing parts:\r\n1. If the top-level element is <code>&lt;score-partwise&gt;</code>, then the markup must contain <code>&lt;part&gt;</code> elements that contain <code>&lt;measure&gt;</code> elements.\r\n2. If the top-level element is <code>&lt;score-timewise&gt;</code>, then the markup must contain <code>&lt;measure&gt;</code> elements that contain <code>&lt;part&gt;</code> elements.\r\nMNX has only one way, similar to MusicXML’s <code>&lt;score-partwise&gt;</code>. Each <code>&lt;part&gt;</code> contains <code>&lt;measure&gt;</code> elements.\r\nIn MusicXML, part metadata such as the title lives within a <code>&lt;part-list&gt;</code> element. In MNX, part metadata goes in the individual <code>&lt;part&gt;</code> element.",
        "document": "<score-partwise version=\"3.1\">\r\n    <part-list>\r\n        <score-part id=\"P1\">\r\n            <part-name>Melody</part-name>\r\n        </score-part>\r\n        <score-part id=\"P2\">\r\n            <part-name>Harmony</part-name>\r\n        </score-part>\r\n    </part-list>\r\n    <part id=\"P1\">\r\n        <measure number=\"1\">\r\n            <attributes>\r\n                <divisions>256</divisions>\r\n                <key>\r\n                    <fifths>0</fifths>\r\n                    <mode>major</mode>\r\n                </key>\r\n                <time>\r\n                    <beats>4</beats>\r\n                    <beat-type>4</beat-type>\r\n                </time>\r\n                <staves>1</staves>\r\n                <clef>\r\n                    <sign>G</sign>\r\n                    <line>2</line>\r\n                </clef>\r\n            </attributes>\r\n            <note>\r\n                <pitch>\r\n                    <step>C</step>\r\n                    <octave>5</octave>\r\n                </pitch>\r\n                <duration>256</duration>\r\n                <type>quarter</type>\r\n            </note>\r\n            <note>\r\n                <pitch>\r\n                    <step>D</step>\r\n                    <octave>5</octave>\r\n                </pitch>\r\n                <duration>256</duration>\r\n                <type>quarter</type>\r\n            </note>\r\n            <note>\r\n                <pitch>\r\n                    <step>E</step>\r\n                    <octave>5</octave>\r\n                </pitch>\r\n                <duration>256</duration>\r\n                <type>quarter</type>\r\n            </note>\r\n            <note>\r\n                <pitch>\r\n                    <step>G</step>\r\n                    <octave>5</octave>\r\n                </pitch>\r\n                <duration>256</duration>\r\n                <type>quarter</type>\r\n            </note>\r\n        </measure>\r\n        <measure number=\"2\">\r\n            <note>\r\n                <pitch>\r\n                    <step>C</step>\r\n                    <octave>5</octave>\r\n                </pitch>\r\n                <duration>256</duration>\r\n                <type>quarter</type>\r\n            </note>\r\n            <note>\r\n                <pitch>\r\n                    <step>D</step>\r\n                    <octave>5</octave>\r\n                </pitch>\r\n                <duration>256</duration>\r\n                <type>quarter</type>\r\n            </note>\r\n            <note>\r\n                <pitch>\r\n                    <step>E</step>\r\n                    <octave>5</octave>\r\n                </pitch>\r\n                <duration>256</duration>\r\n                <type>quarter</type>\r\n            </note>\r\n            <note>\r\n                <pitch>\r\n                    <step>C</step>\r\n                    <octave>5</octave>\r\n                </pitch>\r\n                <duration>256</duration>\r\n                <type>quarter</type>\r\n            </note>\r\n        </measure>\r\n    </part>\r\n    <part id=\"P2\">\r\n        <measure number=\"1\">\r\n            <attributes>\r\n                <divisions>256</divisions>\r\n                <key>\r\n                    <fifths>0</fifths>\r\n                    <mode>major</mode>\r\n                </key>\r\n                <time>\r\n                    <beats>4</beats>\r\n                    <beat-type>4</beat-type>\r\n                </time>\r\n                <staves>1</staves>\r\n                <clef>\r\n                    <sign>G</sign>\r\n                    <line>2</line>\r\n                </clef>\r\n            </attributes>\r\n            <note>\r\n                <rest/>\r\n                <duration>512</duration>\r\n                <type>half</type>\r\n            </note>\r\n            <note>\r\n                <pitch>\r\n                    <step>C</step>\r\n                    <octave>5</octave>\r\n                </pitch>\r\n                <duration>128</duration>\r\n                <type>eighth</type>\r\n                <beam number=\"1\">begin</beam>\r\n            </note>\r\n            <note>\r\n                <pitch>\r\n                    <step>D</step>\r\n                    <octave>5</octave>\r\n                </pitch>\r\n                <duration>128</duration>\r\n                <type>eighth</type>\r\n                <beam number=\"1\">continue</beam>\r\n            </note>\r\n            <note>\r\n                <pitch>\r\n                    <step>E</step>\r\n                    <octave>5</octave>\r\n                </pitch>\r\n                <duration>128</duration>\r\n                <type>eighth</type>\r\n                <beam number=\"1\">continue</beam>\r\n            </note>\r\n            <note>\r\n                <pitch>\r\n                    <step>D</step>\r\n                    <octave>5</octave>\r\n                </pitch>\r\n                <duration>128</duration>\r\n                <type>eighth</type>\r\n                <beam number=\"1\">end</beam>\r\n            </note>\r\n        </measure>\r\n        <measure number=\"2\">\r\n            <note>\r\n                <rest/>\r\n                <duration>512</duration>\r\n                <type>half</type>\r\n            </note>\r\n            <note>\r\n                <pitch>\r\n                    <step>G</step>\r\n                    <octave>5</octave>\r\n                </pitch>\r\n                <duration>256</duration>\r\n                <type>quarter</type>\r\n            </note>\r\n            <note>\r\n                <pitch>\r\n                    <step>E</step>\r\n                    <octave>5</octave>\r\n                </pitch>\r\n                <duration>256</duration>\r\n                <type>quarter</type>\r\n            </note>\r\n        </measure>\r\n    </part>\r\n</score-partwise>",
        "position": 20
    }
},
{
    "model": "spec.exampledocumentcomparison",
    "pk": 22,
    "fields": {
        "example": 22,
        "doc_format": 1,
        "preamble": "MusicXML uses <code>&lt;bar-style&gt;</code> to represent the visual repeat barline and <code>&lt;repeat&gt;</code> to represent the repeated playback.\r\n\r\nMNX has a single <code>&lt;repeat&gt;</code> element to represent both concepts. The <code>&lt;repeat&gt;</code> elements go in the <code>&lt;global&gt;</code> section, in the appropriate bar.",
        "document": "<score-partwise version=\"3.1\">\r\n    <part-list>\r\n        <score-part id=\"P1\">\r\n            <part-name>Music</part-name>\r\n        </score-part>\r\n    </part-list>\r\n    <part id=\"P1\">\r\n        <measure number=\"1\">\r\n            <metadiff><barline location=\"left\">\r\n                <bar-style>heavy-light</bar-style>\r\n                <repeat direction=\"forward\"/>\r\n            </barline></metadiff>\r\n            <attributes>\r\n                <divisions>256</divisions>\r\n                <key>\r\n                    <fifths>0</fifths>\r\n                    <mode>major</mode>\r\n                </key>\r\n                <time>\r\n                    <beats>4</beats>\r\n                    <beat-type>4</beat-type>\r\n                </time>\r\n                <clef>\r\n                    <sign>G</sign>\r\n                    <line>2</line>\r\n                </clef>\r\n            </attributes>\r\n            <note>\r\n                <pitch>\r\n                    <step>C</step>\r\n                    <octave>5</octave>\r\n                </pitch>\r\n                <duration>1024</duration>\r\n                <type>whole</type>\r\n            </note>\r\n            <metadiff><barline location=\"right\">\r\n                <bar-style>light-heavy</bar-style>\r\n                <repeat direction=\"backward\"/>\r\n            </barline></metadiff>\r\n        </measure>\r\n    </part>\r\n</score-partwise>",
        "position": 21
    }
},
{
    "model": "spec.exampledocumentcomparison",
    "pk": 23,
    "fields": {
        "example": 23,
        "doc_format": 1,
        "preamble": "In both MusicXML and MNX, you can simply leave out the start repeat if it’s at the start of the music.",
        "document": "<score-partwise version=\"3.1\">\r\n    <part-list>\r\n        <score-part id=\"P1\">\r\n            <part-name>Music</part-name>\r\n        </score-part>\r\n    </part-list>\r\n    <part id=\"P1\">\r\n        <measure number=\"1\">\r\n            <attributes>\r\n                <divisions>256</divisions>\r\n                <key>\r\n                    <fifths>0</fifths>\r\n                    <mode>major</mode>\r\n                </key>\r\n                <time>\r\n                    <beats>4</beats>\r\n                    <beat-type>4</beat-type>\r\n                </time>\r\n                <clef>\r\n                    <sign>G</sign>\r\n                    <line>2</line>\r\n                </clef>\r\n            </attributes>\r\n            <note>\r\n                <pitch>\r\n                    <step>C</step>\r\n                    <octave>5</octave>\r\n                </pitch>\r\n                <duration>1024</duration>\r\n                <type>whole</type>\r\n            </note>\r\n            <metadiff><barline location=\"right\">\r\n                <bar-style>light-heavy</bar-style>\r\n                <repeat direction=\"backward\"/>\r\n            </barline></metadiff>\r\n        </measure>\r\n    </part>\r\n</score-partwise>",
        "position": 22
    }
},
{
    "model": "spec.exampledocumentcomparison",
    "pk": 24,
    "fields": {
        "example": 24,
        "doc_format": 1,
        "preamble": "Both MusicXML and MNX use an optional <code>times</code> attribute for specifying the number of times the music within a repeat should be performed.",
        "document": "<score-partwise version=\"3.1\">\r\n    <part-list>\r\n        <score-part id=\"P1\">\r\n            <part-name>Music</part-name>\r\n        </score-part>\r\n    </part-list>\r\n    <part id=\"P1\">\r\n        <measure number=\"1\">\r\n            <attributes>\r\n                <divisions>256</divisions>\r\n                <key>\r\n                    <fifths>0</fifths>\r\n                    <mode>major</mode>\r\n                </key>\r\n                <time>\r\n                    <beats>4</beats>\r\n                    <beat-type>4</beat-type>\r\n                </time>\r\n                <clef>\r\n                    <sign>G</sign>\r\n                    <line>2</line>\r\n                </clef>\r\n            </attributes>\r\n            <note>\r\n                <pitch>\r\n                    <step>C</step>\r\n                    <octave>5</octave>\r\n                </pitch>\r\n                <duration>1024</duration>\r\n                <type>whole</type>\r\n            </note>\r\n            <metadiff><barline location=\"right\">\r\n                <bar-style>light-heavy</bar-style>\r\n                <repeat direction=\"backward\" times=\"4\"/>\r\n            </barline></metadiff>\r\n        </measure>\r\n    </part>\r\n</score-partwise>",
        "position": 23
    }
},
{
    "model": "spec.exampledocumentcomparison",
    "pk": 25,
    "fields": {
        "example": 25,
        "doc_format": 1,
        "preamble": "In both MusicXML and MNX, each alternate ending is represented with two <code>&lt;ending&gt;</code> elements: one to start and the other to stop.",
        "document": "<score-partwise version=\"3.1\">\r\n    <part-list>\r\n        <score-part id=\"P1\">\r\n            <part-name>Music</part-name>\r\n        </score-part>\r\n    </part-list>\r\n    <part id=\"P1\">\r\n        <measure number=\"1\">\r\n            <metadiff><barline location=\"left\">\r\n                <bar-style>heavy-light</bar-style>\r\n                <repeat direction=\"forward\"/>\r\n            </barline></metadiff>\r\n            <attributes>\r\n                <divisions>256</divisions>\r\n                <key>\r\n                    <fifths>0</fifths>\r\n                    <mode>major</mode>\r\n                </key>\r\n                <time>\r\n                    <beats>4</beats>\r\n                    <beat-type>4</beat-type>\r\n                </time>\r\n                <clef>\r\n                    <sign>G</sign>\r\n                    <line>2</line>\r\n                </clef>\r\n            </attributes>\r\n            <note>\r\n                <pitch>\r\n                    <step>C</step>\r\n                    <octave>5</octave>\r\n                </pitch>\r\n                <duration>1024</duration>\r\n                <type>whole</type>\r\n            </note>\r\n        </measure>\r\n        <measure number=\"2\">\r\n            <metadiff><barline location=\"left\">\r\n                <ending number=\"1\" type=\"start\"/>\r\n            </barline></metadiff>\r\n            <note>\r\n                <pitch>\r\n                    <step>E</step>\r\n                    <octave>5</octave>\r\n                </pitch>\r\n                <duration>1024</duration>\r\n                <type>whole</type>\r\n            </note>\r\n            <metadiff><barline location=\"right\">\r\n                <bar-style>light-heavy</bar-style>\r\n                <ending number=\"1\" type=\"stop\"/>\r\n                <repeat direction=\"backward\"/>\r\n            </barline></metadiff>\r\n        </measure>\r\n        <measure number=\"3\">\r\n            <metadiff><barline location=\"left\">\r\n                <ending number=\"2\" type=\"start\"/>\r\n            </barline></metadiff>\r\n            <note>\r\n                <pitch>\r\n                    <step>G</step>\r\n                    <octave>4</octave>\r\n                </pitch>\r\n                <duration>1024</duration>\r\n                <type>whole</type>\r\n            </note>\r\n            <metadiff><barline location=\"right\">\r\n                <bar-style>light-heavy</bar-style>\r\n                <ending number=\"2\" type=\"stop\"/>\r\n                <repeat direction=\"backward\"/>\r\n            </barline></metadiff>\r\n        </measure>\r\n        <measure number=\"4\">\r\n            <metadiff><barline location=\"left\">\r\n                <ending number=\"3\" type=\"start\"/>\r\n            </barline></metadiff>\r\n            <note>\r\n                <pitch>\r\n                    <step>C</step>\r\n                    <octave>5</octave>\r\n                </pitch>\r\n                <duration>1024</duration>\r\n                <type>whole</type>\r\n            </note>\r\n            <metadiff><barline location=\"right\">\r\n                <bar-style>light-heavy</bar-style>\r\n                <ending number=\"3\" type=\"discontinue\"/>\r\n            </barline></metadiff>\r\n        </measure>\r\n    </part>\r\n</score-partwise>",
        "position": 24
    }
},
{
    "model": "spec.exampledocumentcomparison",
    "pk": 26,
    "fields": {
        "example": 26,
        "doc_format": 1,
        "preamble": "In both MusicXML and MNX, if a bar has multiple endings, the <code>&lt;ending&gt;</code> element’s <code>number</code> attribute is a comma-separated list of the ending numbers (using one-based, not zero-based numbers).",
        "document": "<score-partwise version=\"3.1\">\r\n    <part-list>\r\n        <score-part id=\"P1\">\r\n            <part-name>Music</part-name>\r\n        </score-part>\r\n    </part-list>\r\n    <part id=\"P1\">\r\n        <measure number=\"1\">\r\n            <barline location=\"left\">\r\n                <bar-style>heavy-light</bar-style>\r\n                <repeat direction=\"forward\"/>\r\n            </barline>\r\n            <attributes>\r\n                <divisions>256</divisions>\r\n                <key>\r\n                    <fifths>0</fifths>\r\n                    <mode>major</mode>\r\n                </key>\r\n                <time>\r\n                    <beats>3</beats>\r\n                    <beat-type>4</beat-type>\r\n                </time>\r\n                <clef>\r\n                    <sign>G</sign>\r\n                    <line>2</line>\r\n                </clef>\r\n            </attributes>\r\n            <note>\r\n                <pitch>\r\n                    <step>C</step>\r\n                    <octave>5</octave>\r\n                </pitch>\r\n                <duration>768</duration>\r\n                <type>half</type>\r\n                <dot/>\r\n            </note>\r\n        </measure>\r\n        <measure number=\"2\">\r\n            <barline location=\"left\">\r\n                <metadiff><ending number=\"1,2\" type=\"start\"/></metadiff>\r\n            </barline>\r\n            <note>\r\n                <pitch>\r\n                    <step>E</step>\r\n                    <octave>5</octave>\r\n                </pitch>\r\n                <duration>768</duration>\r\n                <type>half</type>\r\n                <dot/>\r\n            </note>\r\n        </measure>\r\n        <measure number=\"3\">\r\n            <note>\r\n                <pitch>\r\n                    <step>E</step>\r\n                    <octave>5</octave>\r\n                </pitch>\r\n                <duration>512</duration>\r\n                <type>half</type>\r\n            </note>\r\n            <note>\r\n                <pitch>\r\n                    <step>D</step>\r\n                    <octave>5</octave>\r\n                </pitch>\r\n                <duration>256</duration>\r\n                <type>quarter</type>\r\n            </note>\r\n            <barline location=\"right\">\r\n                <bar-style>light-heavy</bar-style>\r\n                <metadiff><ending number=\"1,2\" type=\"stop\"/></metadiff>\r\n                <repeat direction=\"backward\"/>\r\n            </barline>\r\n        </measure>\r\n        <measure number=\"4\">\r\n            <barline location=\"left\">\r\n                <metadiff><ending number=\"3\" type=\"start\"/></metadiff>\r\n            </barline>\r\n            <note>\r\n                <pitch>\r\n                    <step>G</step>\r\n                    <octave>5</octave>\r\n                </pitch>\r\n                <duration>768</duration>\r\n                <type>half</type>\r\n                <dot/>\r\n            </note>\r\n        </measure>\r\n        <measure number=\"5\">\r\n            <note>\r\n                <pitch>\r\n                    <step>G</step>\r\n                    <octave>5</octave>\r\n                </pitch>\r\n                <duration>512</duration>\r\n                <type>half</type>\r\n            </note>\r\n            <note>\r\n                <pitch>\r\n                    <step>F</step>\r\n                    <octave>5</octave>\r\n                </pitch>\r\n                <duration>256</duration>\r\n                <type>quarter</type>\r\n            </note>\r\n            <barline location=\"right\">\r\n                <metadiff><ending number=\"3\" type=\"discontinue\"/></metadiff>\r\n            </barline>\r\n        </measure>\r\n        <measure number=\"6\">\r\n            <note>\r\n                <pitch>\r\n                    <step>E</step>\r\n                    <octave>5</octave>\r\n                </pitch>\r\n                <duration>768</duration>\r\n                <type>half</type>\r\n                <dot/>\r\n            </note>\r\n        </measure>\r\n    </part>\r\n</score-partwise>",
        "position": 25
    }
},
{
    "model": "spec.exampledocumentcomparison",
    "pk": 27,
    "fields": {
        "example": 27,
        "doc_format": 1,
        "preamble": "MusicXML uses <code>&lt;segno&gt;</code> to specify the visual segno symbol and <code>&lt;sound&gt;</code> elements with <code>segno</code> or <code>dalsegno</code> attributes to specify the playback instructions.\r\n\r\nIn MNX, the <code>&lt;jump&gt;</code> element specifies what kind of jump it is, and <code>&lt;segno&gt;</code> specifies the target of the jump. These elements together represent both the visual notation and the playback instructions.",
        "document": "<score-partwise version=\"3.1\">\r\n    <part-list>\r\n        <score-part id=\"P1\">\r\n            <part-name>Music</part-name>\r\n        </score-part>\r\n    </part-list>\r\n    <part id=\"P1\">\r\n        <measure number=\"1\">\r\n            <attributes>\r\n                <divisions>256</divisions>\r\n                <key>\r\n                    <fifths>0</fifths>\r\n                    <mode>major</mode>\r\n                </key>\r\n                <time>\r\n                    <beats>4</beats>\r\n                    <beat-type>4</beat-type>\r\n                </time>\r\n                <clef>\r\n                    <sign>G</sign>\r\n                    <line>2</line>\r\n                </clef>\r\n            </attributes>\r\n            <note>\r\n                <pitch>\r\n                    <step>C</step>\r\n                    <octave>5</octave>\r\n                </pitch>\r\n                <duration>1024</duration>\r\n                <type>whole</type>\r\n            </note>\r\n        </measure>\r\n        <measure number=\"2\">\r\n            <metadiff><direction>\r\n                <direction-type>\r\n                    <segno/>\r\n                </direction-type>\r\n                <sound segno=\"2\"/>\r\n            </direction></metadiff>\r\n            <note>\r\n                <pitch>\r\n                    <step>E</step>\r\n                    <octave>5</octave>\r\n                </pitch>\r\n                <duration>1024</duration>\r\n                <type>whole</type>\r\n            </note>\r\n        </measure>\r\n        <measure number=\"3\">\r\n            <note>\r\n                <pitch>\r\n                    <step>C</step>\r\n                    <octave>5</octave>\r\n                </pitch>\r\n                <duration>1024</duration>\r\n                <type>whole</type>\r\n            </note>\r\n        </measure>\r\n        <measure number=\"4\">\r\n            <note>\r\n                <pitch>\r\n                    <step>F</step>\r\n                    <octave>5</octave>\r\n                </pitch>\r\n                <duration>1024</duration>\r\n                <type>whole</type>\r\n            </note>\r\n        </measure>\r\n        <measure number=\"5\">\r\n            <note>\r\n                <pitch>\r\n                    <step>C</step>\r\n                    <octave>5</octave>\r\n                </pitch>\r\n                <duration>1024</duration>\r\n                <type>whole</type>\r\n            </note>\r\n            <metadiff><direction>\r\n                <direction-type>\r\n                    <words>D.S.</words>\r\n                </direction-type>\r\n                <sound dalsegno=\"2\"/>\r\n            </direction></metadiff>\r\n        </measure>\r\n    </part>\r\n</score-partwise>",
        "position": 26
    }
},
{
    "model": "spec.exampledocumentcomparison",
    "pk": 28,
    "fields": {
        "example": 28,
        "doc_format": 1,
        "preamble": "MusicXML uses <code>&lt;segno&gt;</code> to specify the visual segno symbol and <code>&lt;words&gt;</code> for the textual instructions. (Parsers need to interpret the text to extract semantic meaning.) For the playback instructions, MusicXML uses the <code>&lt;sound&gt;</code> element.\r\n\r\nIn MNX, the <code>&lt;jump&gt;</code> element specifies what kind of jump it is, and <code>&lt;segno&gt;</code> and <code>&lt;fine&gt;</code> specify jump targets. These elements together represent both the visual notation and the playback instructions.",
        "document": "<score-partwise version=\"3.1\">\r\n    <part-list>\r\n        <score-part id=\"P1\">\r\n            <part-name>Music</part-name>\r\n        </score-part>\r\n    </part-list>\r\n    <part id=\"P1\">\r\n        <measure number=\"1\">\r\n            <attributes>\r\n                <divisions>256</divisions>\r\n                <key>\r\n                    <fifths>0</fifths>\r\n                    <mode>major</mode>\r\n                </key>\r\n                <time>\r\n                    <beats>4</beats>\r\n                    <beat-type>4</beat-type>\r\n                </time>\r\n                <clef>\r\n                    <sign>G</sign>\r\n                    <line>2</line>\r\n                </clef>\r\n            </attributes>\r\n            <note>\r\n                <pitch>\r\n                    <step>C</step>\r\n                    <octave>5</octave>\r\n                </pitch>\r\n                <duration>1024</duration>\r\n                <type>whole</type>\r\n            </note>\r\n        </measure>\r\n        <measure number=\"2\">\r\n            <metadiff><direction>\r\n                <direction-type>\r\n                    <segno/>\r\n                </direction-type>\r\n                <sound segno=\"m2\"/>\r\n            </direction></metadiff>\r\n            <note>\r\n                <pitch>\r\n                    <step>E</step>\r\n                    <octave>5</octave>\r\n                </pitch>\r\n                <duration>1024</duration>\r\n                <type>whole</type>\r\n            </note>\r\n        </measure>\r\n        <measure number=\"3\">\r\n            <note>\r\n                <pitch>\r\n                    <step>C</step>\r\n                    <octave>5</octave>\r\n                </pitch>\r\n                <duration>1024</duration>\r\n                <type>whole</type>\r\n            </note>\r\n            <metadiff><direction>\r\n                <direction-type>\r\n                    <words>fine</words>\r\n                </direction-type>\r\n                <sound fine=\"yes\"/>\r\n            </direction></metadiff>\r\n        </measure>\r\n        <measure number=\"4\">\r\n            <note>\r\n                <pitch>\r\n                    <step>F</step>\r\n                    <octave>5</octave>\r\n                </pitch>\r\n                <duration>1024</duration>\r\n                <type>whole</type>\r\n            </note>\r\n        </measure>\r\n        <measure number=\"5\">\r\n            <note>\r\n                <pitch>\r\n                    <step>C</step>\r\n                    <octave>5</octave>\r\n                </pitch>\r\n                <duration>1024</duration>\r\n                <type>whole</type>\r\n            </note>\r\n            <metadiff><direction>\r\n                <direction-type>\r\n                    <words>D.S. al Fine</words>\r\n                </direction-type>\r\n                <sound dalsegno=\"m2\"/>\r\n            </direction></metadiff>\r\n        </measure>\r\n    </part>\r\n</score-partwise>",
        "position": 27
    }
},
{
    "model": "spec.exampledocumentelement",
    "pk": 1,
    "fields": {
        "example": 1,
        "element_name": "measure"
    }
},
{
    "model": "spec.exampledocumentelement",
    "pk": 2,
    "fields": {
        "example": 1,
        "element_name": "sequence"
    }
},
{
    "model": "spec.exampledocumentelement",
    "pk": 3,
    "fields": {
        "example": 1,
        "element_name": "mnx"
    }
},
{
    "model": "spec.exampledocumentelement",
    "pk": 4,
    "fields": {
        "example": 1,
        "element_name": "time"
    }
},
{
    "model": "spec.exampledocumentelement",
    "pk": 5,
    "fields": {
        "example": 1,
        "element_name": "global"
    }
},
{
    "model": "spec.exampledocumentelement",
    "pk": 6,
    "fields": {
        "example": 1,
        "element_name": "clef"
    }
},
{
    "model": "spec.exampledocumentelement",
    "pk": 7,
    "fields": {
        "example": 1,
        "element_name": "note"
    }
},
{
    "model": "spec.exampledocumentelement",
    "pk": 8,
    "fields": {
        "example": 1,
        "element_name": "part"
    }
},
{
    "model": "spec.exampledocumentelement",
    "pk": 9,
    "fields": {
        "example": 1,
        "element_name": "directions"
    }
},
{
    "model": "spec.exampledocumentelement",
    "pk": 10,
    "fields": {
        "example": 1,
        "element_name": "part-name"
    }
},
{
    "model": "spec.exampledocumentelement",
    "pk": 11,
    "fields": {
        "example": 1,
        "element_name": "event"
    }
},
{
    "model": "spec.exampledocumentelement",
    "pk": 12,
    "fields": {
        "example": 2,
        "element_name": "measure"
    }
},
{
    "model": "spec.exampledocumentelement",
    "pk": 13,
    "fields": {
        "example": 2,
        "element_name": "sequence"
    }
},
{
    "model": "spec.exampledocumentelement",
    "pk": 14,
    "fields": {
        "example": 2,
        "element_name": "mnx"
    }
},
{
    "model": "spec.exampledocumentelement",
    "pk": 15,
    "fields": {
        "example": 2,
        "element_name": "time"
    }
},
{
    "model": "spec.exampledocumentelement",
    "pk": 16,
    "fields": {
        "example": 2,
        "element_name": "global"
    }
},
{
    "model": "spec.exampledocumentelement",
    "pk": 17,
    "fields": {
        "example": 2,
        "element_name": "clef"
    }
},
{
    "model": "spec.exampledocumentelement",
    "pk": 18,
    "fields": {
        "example": 2,
        "element_name": "note"
    }
},
{
    "model": "spec.exampledocumentelement",
    "pk": 19,
    "fields": {
        "example": 2,
        "element_name": "part"
    }
},
{
    "model": "spec.exampledocumentelement",
    "pk": 20,
    "fields": {
        "example": 2,
        "element_name": "directions"
    }
},
{
    "model": "spec.exampledocumentelement",
    "pk": 21,
    "fields": {
        "example": 2,
        "element_name": "part-name"
    }
},
{
    "model": "spec.exampledocumentelement",
    "pk": 22,
    "fields": {
        "example": 2,
        "element_name": "event"
    }
},
{
    "model": "spec.exampledocumentelement",
    "pk": 23,
    "fields": {
        "example": 3,
        "element_name": "measure"
    }
},
{
    "model": "spec.exampledocumentelement",
    "pk": 24,
    "fields": {
        "example": 3,
        "element_name": "sequence"
    }
},
{
    "model": "spec.exampledocumentelement",
    "pk": 25,
    "fields": {
        "example": 3,
        "element_name": "mnx"
    }
},
{
    "model": "spec.exampledocumentelement",
    "pk": 26,
    "fields": {
        "example": 3,
        "element_name": "time"
    }
},
{
    "model": "spec.exampledocumentelement",
    "pk": 27,
    "fields": {
        "example": 3,
        "element_name": "global"
    }
},
{
    "model": "spec.exampledocumentelement",
    "pk": 28,
    "fields": {
        "example": 3,
        "element_name": "rest"
    }
},
{
    "model": "spec.exampledocumentelement",
    "pk": 29,
    "fields": {
        "example": 3,
        "element_name": "clef"
    }
},
{
    "model": "spec.exampledocumentelement",
    "pk": 30,
    "fields": {
        "example": 3,
        "element_name": "note"
    }
},
{
    "model": "spec.exampledocumentelement",
    "pk": 31,
    "fields": {
        "example": 3,
        "element_name": "part"
    }
},
{
    "model": "spec.exampledocumentelement",
    "pk": 32,
    "fields": {
        "example": 3,
        "element_name": "directions"
    }
},
{
    "model": "spec.exampledocumentelement",
    "pk": 33,
    "fields": {
        "example": 3,
        "element_name": "part-name"
    }
},
{
    "model": "spec.exampledocumentelement",
    "pk": 34,
    "fields": {
        "example": 3,
        "element_name": "event"
    }
},
{
    "model": "spec.exampledocumentelement",
    "pk": 35,
    "fields": {
        "example": 4,
        "element_name": "measure"
    }
},
{
    "model": "spec.exampledocumentelement",
    "pk": 36,
    "fields": {
        "example": 4,
        "element_name": "sequence"
    }
},
{
    "model": "spec.exampledocumentelement",
    "pk": 37,
    "fields": {
        "example": 4,
        "element_name": "mnx"
    }
},
{
    "model": "spec.exampledocumentelement",
    "pk": 38,
    "fields": {
        "example": 4,
        "element_name": "time"
    }
},
{
    "model": "spec.exampledocumentelement",
    "pk": 39,
    "fields": {
        "example": 4,
        "element_name": "global"
    }
},
{
    "model": "spec.exampledocumentelement",
    "pk": 40,
    "fields": {
        "example": 4,
        "element_name": "clef"
    }
},
{
    "model": "spec.exampledocumentelement",
    "pk": 41,
    "fields": {
        "example": 4,
        "element_name": "note"
    }
},
{
    "model": "spec.exampledocumentelement",
    "pk": 42,
    "fields": {
        "example": 4,
        "element_name": "part"
    }
},
{
    "model": "spec.exampledocumentelement",
    "pk": 43,
    "fields": {
        "example": 4,
        "element_name": "directions"
    }
},
{
    "model": "spec.exampledocumentelement",
    "pk": 44,
    "fields": {
        "example": 4,
        "element_name": "part-name"
    }
},
{
    "model": "spec.exampledocumentelement",
    "pk": 45,
    "fields": {
        "example": 4,
        "element_name": "event"
    }
},
{
    "model": "spec.exampledocumentelement",
    "pk": 46,
    "fields": {
        "example": 5,
        "element_name": "measure"
    }
},
{
    "model": "spec.exampledocumentelement",
    "pk": 47,
    "fields": {
        "example": 5,
        "element_name": "sequence"
    }
},
{
    "model": "spec.exampledocumentelement",
    "pk": 48,
    "fields": {
        "example": 5,
        "element_name": "mnx"
    }
},
{
    "model": "spec.exampledocumentelement",
    "pk": 49,
    "fields": {
        "example": 5,
        "element_name": "key"
    }
},
{
    "model": "spec.exampledocumentelement",
    "pk": 50,
    "fields": {
        "example": 5,
        "element_name": "time"
    }
},
{
    "model": "spec.exampledocumentelement",
    "pk": 51,
    "fields": {
        "example": 5,
        "element_name": "global"
    }
},
{
    "model": "spec.exampledocumentelement",
    "pk": 52,
    "fields": {
        "example": 5,
        "element_name": "clef"
    }
},
{
    "model": "spec.exampledocumentelement",
    "pk": 53,
    "fields": {
        "example": 5,
        "element_name": "note"
    }
},
{
    "model": "spec.exampledocumentelement",
    "pk": 54,
    "fields": {
        "example": 5,
        "element_name": "part"
    }
},
{
    "model": "spec.exampledocumentelement",
    "pk": 55,
    "fields": {
        "example": 5,
        "element_name": "directions"
    }
},
{
    "model": "spec.exampledocumentelement",
    "pk": 56,
    "fields": {
        "example": 5,
        "element_name": "part-name"
    }
},
{
    "model": "spec.exampledocumentelement",
    "pk": 57,
    "fields": {
        "example": 5,
        "element_name": "event"
    }
},
{
    "model": "spec.exampledocumentelement",
    "pk": 58,
    "fields": {
        "example": 6,
        "element_name": "measure"
    }
},
{
    "model": "spec.exampledocumentelement",
    "pk": 59,
    "fields": {
        "example": 6,
        "element_name": "sequence"
    }
},
{
    "model": "spec.exampledocumentelement",
    "pk": 60,
    "fields": {
        "example": 6,
        "element_name": "mnx"
    }
},
{
    "model": "spec.exampledocumentelement",
    "pk": 61,
    "fields": {
        "example": 6,
        "element_name": "key"
    }
},
{
    "model": "spec.exampledocumentelement",
    "pk": 62,
    "fields": {
        "example": 6,
        "element_name": "time"
    }
},
{
    "model": "spec.exampledocumentelement",
    "pk": 63,
    "fields": {
        "example": 6,
        "element_name": "global"
    }
},
{
    "model": "spec.exampledocumentelement",
    "pk": 64,
    "fields": {
        "example": 6,
        "element_name": "clef"
    }
},
{
    "model": "spec.exampledocumentelement",
    "pk": 65,
    "fields": {
        "example": 6,
        "element_name": "note"
    }
},
{
    "model": "spec.exampledocumentelement",
    "pk": 66,
    "fields": {
        "example": 6,
        "element_name": "part"
    }
},
{
    "model": "spec.exampledocumentelement",
    "pk": 67,
    "fields": {
        "example": 6,
        "element_name": "directions"
    }
},
{
    "model": "spec.exampledocumentelement",
    "pk": 68,
    "fields": {
        "example": 6,
        "element_name": "part-name"
    }
},
{
    "model": "spec.exampledocumentelement",
    "pk": 69,
    "fields": {
        "example": 6,
        "element_name": "event"
    }
},
{
    "model": "spec.exampledocumentelement",
    "pk": 70,
    "fields": {
        "example": 7,
        "element_name": "measure"
    }
},
{
    "model": "spec.exampledocumentelement",
    "pk": 71,
    "fields": {
        "example": 7,
        "element_name": "sequence"
    }
},
{
    "model": "spec.exampledocumentelement",
    "pk": 72,
    "fields": {
        "example": 7,
        "element_name": "mnx"
    }
},
{
    "model": "spec.exampledocumentelement",
    "pk": 73,
    "fields": {
        "example": 7,
        "element_name": "time"
    }
},
{
    "model": "spec.exampledocumentelement",
    "pk": 74,
    "fields": {
        "example": 7,
        "element_name": "global"
    }
},
{
    "model": "spec.exampledocumentelement",
    "pk": 75,
    "fields": {
        "example": 7,
        "element_name": "clef"
    }
},
{
    "model": "spec.exampledocumentelement",
    "pk": 76,
    "fields": {
        "example": 7,
        "element_name": "note"
    }
},
{
    "model": "spec.exampledocumentelement",
    "pk": 77,
    "fields": {
        "example": 7,
        "element_name": "part"
    }
},
{
    "model": "spec.exampledocumentelement",
    "pk": 78,
    "fields": {
        "example": 7,
        "element_name": "directions"
    }
},
{
    "model": "spec.exampledocumentelement",
    "pk": 79,
    "fields": {
        "example": 7,
        "element_name": "part-name"
    }
},
{
    "model": "spec.exampledocumentelement",
    "pk": 80,
    "fields": {
        "example": 7,
        "element_name": "event"
    }
},
{
    "model": "spec.exampledocumentelement",
    "pk": 81,
    "fields": {
        "example": 8,
        "element_name": "measure"
    }
},
{
    "model": "spec.exampledocumentelement",
    "pk": 82,
    "fields": {
        "example": 8,
        "element_name": "sequence"
    }
},
{
    "model": "spec.exampledocumentelement",
    "pk": 83,
    "fields": {
        "example": 8,
        "element_name": "mnx"
    }
},
{
    "model": "spec.exampledocumentelement",
    "pk": 84,
    "fields": {
        "example": 8,
        "element_name": "tied"
    }
},
{
    "model": "spec.exampledocumentelement",
    "pk": 85,
    "fields": {
        "example": 8,
        "element_name": "time"
    }
},
{
    "model": "spec.exampledocumentelement",
    "pk": 86,
    "fields": {
        "example": 8,
        "element_name": "global"
    }
},
{
    "model": "spec.exampledocumentelement",
    "pk": 87,
    "fields": {
        "example": 8,
        "element_name": "clef"
    }
},
{
    "model": "spec.exampledocumentelement",
    "pk": 88,
    "fields": {
        "example": 8,
        "element_name": "note"
    }
},
{
    "model": "spec.exampledocumentelement",
    "pk": 89,
    "fields": {
        "example": 8,
        "element_name": "part"
    }
},
{
    "model": "spec.exampledocumentelement",
    "pk": 90,
    "fields": {
        "example": 8,
        "element_name": "directions"
    }
},
{
    "model": "spec.exampledocumentelement",
    "pk": 91,
    "fields": {
        "example": 8,
        "element_name": "part-name"
    }
},
{
    "model": "spec.exampledocumentelement",
    "pk": 92,
    "fields": {
        "example": 8,
        "element_name": "event"
    }
},
{
    "model": "spec.exampledocumentelement",
    "pk": 93,
    "fields": {
        "example": 9,
        "element_name": "measure"
    }
},
{
    "model": "spec.exampledocumentelement",
    "pk": 94,
    "fields": {
        "example": 9,
        "element_name": "sequence"
    }
},
{
    "model": "spec.exampledocumentelement",
    "pk": 95,
    "fields": {
        "example": 9,
        "element_name": "beams"
    }
},
{
    "model": "spec.exampledocumentelement",
    "pk": 96,
    "fields": {
        "example": 9,
        "element_name": "beam"
    }
},
{
    "model": "spec.exampledocumentelement",
    "pk": 97,
    "fields": {
        "example": 9,
        "element_name": "mnx"
    }
},
{
    "model": "spec.exampledocumentelement",
    "pk": 98,
    "fields": {
        "example": 9,
        "element_name": "time"
    }
},
{
    "model": "spec.exampledocumentelement",
    "pk": 99,
    "fields": {
        "example": 9,
        "element_name": "global"
    }
},
{
    "model": "spec.exampledocumentelement",
    "pk": 100,
    "fields": {
        "example": 9,
        "element_name": "rest"
    }
},
{
    "model": "spec.exampledocumentelement",
    "pk": 101,
    "fields": {
        "example": 9,
        "element_name": "clef"
    }
},
{
    "model": "spec.exampledocumentelement",
    "pk": 102,
    "fields": {
        "example": 9,
        "element_name": "note"
    }
},
{
    "model": "spec.exampledocumentelement",
    "pk": 103,
    "fields": {
        "example": 9,
        "element_name": "part"
    }
},
{
    "model": "spec.exampledocumentelement",
    "pk": 104,
    "fields": {
        "example": 9,
        "element_name": "directions"
    }
},
{
    "model": "spec.exampledocumentelement",
    "pk": 105,
    "fields": {
        "example": 9,
        "element_name": "part-name"
    }
},
{
    "model": "spec.exampledocumentelement",
    "pk": 106,
    "fields": {
        "example": 9,
        "element_name": "event"
    }
},
{
    "model": "spec.exampledocumentelement",
    "pk": 107,
    "fields": {
        "example": 10,
        "element_name": "measure"
    }
},
{
    "model": "spec.exampledocumentelement",
    "pk": 108,
    "fields": {
        "example": 10,
        "element_name": "sequence"
    }
},
{
    "model": "spec.exampledocumentelement",
    "pk": 109,
    "fields": {
        "example": 10,
        "element_name": "beams"
    }
},
{
    "model": "spec.exampledocumentelement",
    "pk": 110,
    "fields": {
        "example": 10,
        "element_name": "beam"
    }
},
{
    "model": "spec.exampledocumentelement",
    "pk": 111,
    "fields": {
        "example": 10,
        "element_name": "mnx"
    }
},
{
    "model": "spec.exampledocumentelement",
    "pk": 112,
    "fields": {
        "example": 10,
        "element_name": "time"
    }
},
{
    "model": "spec.exampledocumentelement",
    "pk": 113,
    "fields": {
        "example": 10,
        "element_name": "global"
    }
},
{
    "model": "spec.exampledocumentelement",
    "pk": 114,
    "fields": {
        "example": 10,
        "element_name": "rest"
    }
},
{
    "model": "spec.exampledocumentelement",
    "pk": 115,
    "fields": {
        "example": 10,
        "element_name": "clef"
    }
},
{
    "model": "spec.exampledocumentelement",
    "pk": 116,
    "fields": {
        "example": 10,
        "element_name": "note"
    }
},
{
    "model": "spec.exampledocumentelement",
    "pk": 117,
    "fields": {
        "example": 10,
        "element_name": "part"
    }
},
{
    "model": "spec.exampledocumentelement",
    "pk": 118,
    "fields": {
        "example": 10,
        "element_name": "directions"
    }
},
{
    "model": "spec.exampledocumentelement",
    "pk": 119,
    "fields": {
        "example": 10,
        "element_name": "part-name"
    }
},
{
    "model": "spec.exampledocumentelement",
    "pk": 120,
    "fields": {
        "example": 10,
        "element_name": "event"
    }
},
{
    "model": "spec.exampledocumentelement",
    "pk": 121,
    "fields": {
        "example": 11,
        "element_name": "measure"
    }
},
{
    "model": "spec.exampledocumentelement",
    "pk": 122,
    "fields": {
        "example": 11,
        "element_name": "sequence"
    }
},
{
    "model": "spec.exampledocumentelement",
    "pk": 123,
    "fields": {
        "example": 11,
        "element_name": "beams"
    }
},
{
    "model": "spec.exampledocumentelement",
    "pk": 124,
    "fields": {
        "example": 11,
        "element_name": "beam"
    }
},
{
    "model": "spec.exampledocumentelement",
    "pk": 125,
    "fields": {
        "example": 11,
        "element_name": "mnx"
    }
},
{
    "model": "spec.exampledocumentelement",
    "pk": 126,
    "fields": {
        "example": 11,
        "element_name": "time"
    }
},
{
    "model": "spec.exampledocumentelement",
    "pk": 127,
    "fields": {
        "example": 11,
        "element_name": "global"
    }
},
{
    "model": "spec.exampledocumentelement",
    "pk": 128,
    "fields": {
        "example": 11,
        "element_name": "clef"
    }
},
{
    "model": "spec.exampledocumentelement",
    "pk": 129,
    "fields": {
        "example": 11,
        "element_name": "note"
    }
},
{
    "model": "spec.exampledocumentelement",
    "pk": 130,
    "fields": {
        "example": 11,
        "element_name": "beam-hook"
    }
},
{
    "model": "spec.exampledocumentelement",
    "pk": 131,
    "fields": {
        "example": 11,
        "element_name": "part"
    }
},
{
    "model": "spec.exampledocumentelement",
    "pk": 132,
    "fields": {
        "example": 11,
        "element_name": "directions"
    }
},
{
    "model": "spec.exampledocumentelement",
    "pk": 133,
    "fields": {
        "example": 11,
        "element_name": "part-name"
    }
},
{
    "model": "spec.exampledocumentelement",
    "pk": 134,
    "fields": {
        "example": 11,
        "element_name": "event"
    }
},
{
    "model": "spec.exampledocumentelement",
    "pk": 135,
    "fields": {
        "example": 12,
        "element_name": "measure"
    }
},
{
    "model": "spec.exampledocumentelement",
    "pk": 136,
    "fields": {
        "example": 12,
        "element_name": "sequence"
    }
},
{
    "model": "spec.exampledocumentelement",
    "pk": 137,
    "fields": {
        "example": 12,
        "element_name": "beams"
    }
},
{
    "model": "spec.exampledocumentelement",
    "pk": 138,
    "fields": {
        "example": 12,
        "element_name": "beam"
    }
},
{
    "model": "spec.exampledocumentelement",
    "pk": 139,
    "fields": {
        "example": 12,
        "element_name": "mnx"
    }
},
{
    "model": "spec.exampledocumentelement",
    "pk": 140,
    "fields": {
        "example": 12,
        "element_name": "time"
    }
},
{
    "model": "spec.exampledocumentelement",
    "pk": 141,
    "fields": {
        "example": 12,
        "element_name": "global"
    }
},
{
    "model": "spec.exampledocumentelement",
    "pk": 142,
    "fields": {
        "example": 12,
        "element_name": "rest"
    }
},
{
    "model": "spec.exampledocumentelement",
    "pk": 143,
    "fields": {
        "example": 12,
        "element_name": "clef"
    }
},
{
    "model": "spec.exampledocumentelement",
    "pk": 144,
    "fields": {
        "example": 12,
        "element_name": "note"
    }
},
{
    "model": "spec.exampledocumentelement",
    "pk": 145,
    "fields": {
        "example": 12,
        "element_name": "part"
    }
},
{
    "model": "spec.exampledocumentelement",
    "pk": 146,
    "fields": {
        "example": 12,
        "element_name": "directions"
    }
},
{
    "model": "spec.exampledocumentelement",
    "pk": 147,
    "fields": {
        "example": 12,
        "element_name": "part-name"
    }
},
{
    "model": "spec.exampledocumentelement",
    "pk": 148,
    "fields": {
        "example": 12,
        "element_name": "event"
    }
},
{
    "model": "spec.exampledocumentelement",
    "pk": 149,
    "fields": {
        "example": 13,
        "element_name": "measure"
    }
},
{
    "model": "spec.exampledocumentelement",
    "pk": 150,
    "fields": {
        "example": 13,
        "element_name": "sequence"
    }
},
{
    "model": "spec.exampledocumentelement",
    "pk": 151,
    "fields": {
        "example": 13,
        "element_name": "beams"
    }
},
{
    "model": "spec.exampledocumentelement",
    "pk": 152,
    "fields": {
        "example": 13,
        "element_name": "beam"
    }
},
{
    "model": "spec.exampledocumentelement",
    "pk": 153,
    "fields": {
        "example": 13,
        "element_name": "mnx"
    }
},
{
    "model": "spec.exampledocumentelement",
    "pk": 154,
    "fields": {
        "example": 13,
        "element_name": "time"
    }
},
{
    "model": "spec.exampledocumentelement",
    "pk": 155,
    "fields": {
        "example": 13,
        "element_name": "global"
    }
},
{
    "model": "spec.exampledocumentelement",
    "pk": 156,
    "fields": {
        "example": 13,
        "element_name": "rest"
    }
},
{
    "model": "spec.exampledocumentelement",
    "pk": 157,
    "fields": {
        "example": 13,
        "element_name": "clef"
    }
},
{
    "model": "spec.exampledocumentelement",
    "pk": 158,
    "fields": {
        "example": 13,
        "element_name": "note"
    }
},
{
    "model": "spec.exampledocumentelement",
    "pk": 159,
    "fields": {
        "example": 13,
        "element_name": "part"
    }
},
{
    "model": "spec.exampledocumentelement",
    "pk": 160,
    "fields": {
        "example": 13,
        "element_name": "directions"
    }
},
{
    "model": "spec.exampledocumentelement",
    "pk": 161,
    "fields": {
        "example": 13,
        "element_name": "part-name"
    }
},
{
    "model": "spec.exampledocumentelement",
    "pk": 162,
    "fields": {
        "example": 13,
        "element_name": "event"
    }
},
{
    "model": "spec.exampledocumentelement",
    "pk": 163,
    "fields": {
        "example": 14,
        "element_name": "measure"
    }
},
{
    "model": "spec.exampledocumentelement",
    "pk": 164,
    "fields": {
        "example": 14,
        "element_name": "sequence"
    }
},
{
    "model": "spec.exampledocumentelement",
    "pk": 165,
    "fields": {
        "example": 14,
        "element_name": "beams"
    }
},
{
    "model": "spec.exampledocumentelement",
    "pk": 166,
    "fields": {
        "example": 14,
        "element_name": "beam"
    }
},
{
    "model": "spec.exampledocumentelement",
    "pk": 167,
    "fields": {
        "example": 14,
        "element_name": "tuplet"
    }
},
{
    "model": "spec.exampledocumentelement",
    "pk": 168,
    "fields": {
        "example": 14,
        "element_name": "mnx"
    }
},
{
    "model": "spec.exampledocumentelement",
    "pk": 169,
    "fields": {
        "example": 14,
        "element_name": "time"
    }
},
{
    "model": "spec.exampledocumentelement",
    "pk": 170,
    "fields": {
        "example": 14,
        "element_name": "global"
    }
},
{
    "model": "spec.exampledocumentelement",
    "pk": 171,
    "fields": {
        "example": 14,
        "element_name": "clef"
    }
},
{
    "model": "spec.exampledocumentelement",
    "pk": 172,
    "fields": {
        "example": 14,
        "element_name": "note"
    }
},
{
    "model": "spec.exampledocumentelement",
    "pk": 173,
    "fields": {
        "example": 14,
        "element_name": "part"
    }
},
{
    "model": "spec.exampledocumentelement",
    "pk": 174,
    "fields": {
        "example": 14,
        "element_name": "directions"
    }
},
{
    "model": "spec.exampledocumentelement",
    "pk": 175,
    "fields": {
        "example": 14,
        "element_name": "part-name"
    }
},
{
    "model": "spec.exampledocumentelement",
    "pk": 176,
    "fields": {
        "example": 14,
        "element_name": "event"
    }
},
{
    "model": "spec.exampledocumentelement",
    "pk": 177,
    "fields": {
        "example": 15,
        "element_name": "measure"
    }
},
{
    "model": "spec.exampledocumentelement",
    "pk": 178,
    "fields": {
        "example": 15,
        "element_name": "sequence"
    }
},
{
    "model": "spec.exampledocumentelement",
    "pk": 179,
    "fields": {
        "example": 15,
        "element_name": "mnx"
    }
},
{
    "model": "spec.exampledocumentelement",
    "pk": 180,
    "fields": {
        "example": 15,
        "element_name": "time"
    }
},
{
    "model": "spec.exampledocumentelement",
    "pk": 181,
    "fields": {
        "example": 15,
        "element_name": "global"
    }
},
{
    "model": "spec.exampledocumentelement",
    "pk": 182,
    "fields": {
        "example": 15,
        "element_name": "clef"
    }
},
{
    "model": "spec.exampledocumentelement",
    "pk": 183,
    "fields": {
        "example": 15,
        "element_name": "note"
    }
},
{
    "model": "spec.exampledocumentelement",
    "pk": 184,
    "fields": {
        "example": 15,
        "element_name": "part"
    }
},
{
    "model": "spec.exampledocumentelement",
    "pk": 185,
    "fields": {
        "example": 15,
        "element_name": "directions"
    }
},
{
    "model": "spec.exampledocumentelement",
    "pk": 186,
    "fields": {
        "example": 15,
        "element_name": "part-name"
    }
},
{
    "model": "spec.exampledocumentelement",
    "pk": 187,
    "fields": {
        "example": 15,
        "element_name": "event"
    }
},
{
    "model": "spec.exampledocumentelement",
    "pk": 188,
    "fields": {
        "example": 16,
        "element_name": "octave-shift"
    }
},
{
    "model": "spec.exampledocumentelement",
    "pk": 189,
    "fields": {
        "example": 16,
        "element_name": "measure"
    }
},
{
    "model": "spec.exampledocumentelement",
    "pk": 190,
    "fields": {
        "example": 16,
        "element_name": "sequence"
    }
},
{
    "model": "spec.exampledocumentelement",
    "pk": 191,
    "fields": {
        "example": 16,
        "element_name": "mnx"
    }
},
{
    "model": "spec.exampledocumentelement",
    "pk": 192,
    "fields": {
        "example": 16,
        "element_name": "time"
    }
},
{
    "model": "spec.exampledocumentelement",
    "pk": 193,
    "fields": {
        "example": 16,
        "element_name": "global"
    }
},
{
    "model": "spec.exampledocumentelement",
    "pk": 194,
    "fields": {
        "example": 16,
        "element_name": "clef"
    }
},
{
    "model": "spec.exampledocumentelement",
    "pk": 195,
    "fields": {
        "example": 16,
        "element_name": "note"
    }
},
{
    "model": "spec.exampledocumentelement",
    "pk": 196,
    "fields": {
        "example": 16,
        "element_name": "part"
    }
},
{
    "model": "spec.exampledocumentelement",
    "pk": 197,
    "fields": {
        "example": 16,
        "element_name": "directions"
    }
},
{
    "model": "spec.exampledocumentelement",
    "pk": 198,
    "fields": {
        "example": 16,
        "element_name": "part-name"
    }
},
{
    "model": "spec.exampledocumentelement",
    "pk": 199,
    "fields": {
        "example": 16,
        "element_name": "event"
    }
},
{
    "model": "spec.exampledocumentelement",
    "pk": 200,
    "fields": {
        "example": 17,
        "element_name": "slur"
    }
},
{
    "model": "spec.exampledocumentelement",
    "pk": 201,
    "fields": {
        "example": 17,
        "element_name": "measure"
    }
},
{
    "model": "spec.exampledocumentelement",
    "pk": 202,
    "fields": {
        "example": 17,
        "element_name": "sequence"
    }
},
{
    "model": "spec.exampledocumentelement",
    "pk": 203,
    "fields": {
        "example": 17,
        "element_name": "mnx"
    }
},
{
    "model": "spec.exampledocumentelement",
    "pk": 204,
    "fields": {
        "example": 17,
        "element_name": "time"
    }
},
{
    "model": "spec.exampledocumentelement",
    "pk": 205,
    "fields": {
        "example": 17,
        "element_name": "global"
    }
},
{
    "model": "spec.exampledocumentelement",
    "pk": 206,
    "fields": {
        "example": 17,
        "element_name": "clef"
    }
},
{
    "model": "spec.exampledocumentelement",
    "pk": 207,
    "fields": {
        "example": 17,
        "element_name": "note"
    }
},
{
    "model": "spec.exampledocumentelement",
    "pk": 208,
    "fields": {
        "example": 17,
        "element_name": "part"
    }
},
{
    "model": "spec.exampledocumentelement",
    "pk": 209,
    "fields": {
        "example": 17,
        "element_name": "directions"
    }
},
{
    "model": "spec.exampledocumentelement",
    "pk": 210,
    "fields": {
        "example": 17,
        "element_name": "part-name"
    }
},
{
    "model": "spec.exampledocumentelement",
    "pk": 211,
    "fields": {
        "example": 17,
        "element_name": "event"
    }
},
{
    "model": "spec.exampledocumentelement",
    "pk": 212,
    "fields": {
        "example": 18,
        "element_name": "slur"
    }
},
{
    "model": "spec.exampledocumentelement",
    "pk": 213,
    "fields": {
        "example": 18,
        "element_name": "measure"
    }
},
{
    "model": "spec.exampledocumentelement",
    "pk": 214,
    "fields": {
        "example": 18,
        "element_name": "sequence"
    }
},
{
    "model": "spec.exampledocumentelement",
    "pk": 215,
    "fields": {
        "example": 18,
        "element_name": "mnx"
    }
},
{
    "model": "spec.exampledocumentelement",
    "pk": 216,
    "fields": {
        "example": 18,
        "element_name": "time"
    }
},
{
    "model": "spec.exampledocumentelement",
    "pk": 217,
    "fields": {
        "example": 18,
        "element_name": "global"
    }
},
{
    "model": "spec.exampledocumentelement",
    "pk": 218,
    "fields": {
        "example": 18,
        "element_name": "clef"
    }
},
{
    "model": "spec.exampledocumentelement",
    "pk": 219,
    "fields": {
        "example": 18,
        "element_name": "note"
    }
},
{
    "model": "spec.exampledocumentelement",
    "pk": 220,
    "fields": {
        "example": 18,
        "element_name": "part"
    }
},
{
    "model": "spec.exampledocumentelement",
    "pk": 221,
    "fields": {
        "example": 18,
        "element_name": "directions"
    }
},
{
    "model": "spec.exampledocumentelement",
    "pk": 222,
    "fields": {
        "example": 18,
        "element_name": "part-name"
    }
},
{
    "model": "spec.exampledocumentelement",
    "pk": 223,
    "fields": {
        "example": 18,
        "element_name": "event"
    }
},
{
    "model": "spec.exampledocumentelement",
    "pk": 224,
    "fields": {
        "example": 19,
        "element_name": "slur"
    }
},
{
    "model": "spec.exampledocumentelement",
    "pk": 225,
    "fields": {
        "example": 19,
        "element_name": "measure"
    }
},
{
    "model": "spec.exampledocumentelement",
    "pk": 226,
    "fields": {
        "example": 19,
        "element_name": "sequence"
    }
},
{
    "model": "spec.exampledocumentelement",
    "pk": 227,
    "fields": {
        "example": 19,
        "element_name": "mnx"
    }
},
{
    "model": "spec.exampledocumentelement",
    "pk": 228,
    "fields": {
        "example": 19,
        "element_name": "time"
    }
},
{
    "model": "spec.exampledocumentelement",
    "pk": 229,
    "fields": {
        "example": 19,
        "element_name": "global"
    }
},
{
    "model": "spec.exampledocumentelement",
    "pk": 230,
    "fields": {
        "example": 19,
        "element_name": "clef"
    }
},
{
    "model": "spec.exampledocumentelement",
    "pk": 231,
    "fields": {
        "example": 19,
        "element_name": "note"
    }
},
{
    "model": "spec.exampledocumentelement",
    "pk": 232,
    "fields": {
        "example": 19,
        "element_name": "part"
    }
},
{
    "model": "spec.exampledocumentelement",
    "pk": 233,
    "fields": {
        "example": 19,
        "element_name": "directions"
    }
},
{
    "model": "spec.exampledocumentelement",
    "pk": 234,
    "fields": {
        "example": 19,
        "element_name": "part-name"
    }
},
{
    "model": "spec.exampledocumentelement",
    "pk": 235,
    "fields": {
        "example": 19,
        "element_name": "event"
    }
},
{
    "model": "spec.exampledocumentelement",
    "pk": 236,
    "fields": {
        "example": 20,
        "element_name": "slur"
    }
},
{
    "model": "spec.exampledocumentelement",
    "pk": 237,
    "fields": {
        "example": 20,
        "element_name": "measure"
    }
},
{
    "model": "spec.exampledocumentelement",
    "pk": 238,
    "fields": {
        "example": 20,
        "element_name": "sequence"
    }
},
{
    "model": "spec.exampledocumentelement",
    "pk": 239,
    "fields": {
        "example": 20,
        "element_name": "mnx"
    }
},
{
    "model": "spec.exampledocumentelement",
    "pk": 240,
    "fields": {
        "example": 20,
        "element_name": "time"
    }
},
{
    "model": "spec.exampledocumentelement",
    "pk": 241,
    "fields": {
        "example": 20,
        "element_name": "global"
    }
},
{
    "model": "spec.exampledocumentelement",
    "pk": 242,
    "fields": {
        "example": 20,
        "element_name": "clef"
    }
},
{
    "model": "spec.exampledocumentelement",
    "pk": 243,
    "fields": {
        "example": 20,
        "element_name": "note"
    }
},
{
    "model": "spec.exampledocumentelement",
    "pk": 244,
    "fields": {
        "example": 20,
        "element_name": "part"
    }
},
{
    "model": "spec.exampledocumentelement",
    "pk": 245,
    "fields": {
        "example": 20,
        "element_name": "directions"
    }
},
{
    "model": "spec.exampledocumentelement",
    "pk": 246,
    "fields": {
        "example": 20,
        "element_name": "part-name"
    }
},
{
    "model": "spec.exampledocumentelement",
    "pk": 247,
    "fields": {
        "example": 20,
        "element_name": "event"
    }
},
{
    "model": "spec.exampledocumentelement",
    "pk": 248,
    "fields": {
        "example": 21,
        "element_name": "measure"
    }
},
{
    "model": "spec.exampledocumentelement",
    "pk": 249,
    "fields": {
        "example": 21,
        "element_name": "sequence"
    }
},
{
    "model": "spec.exampledocumentelement",
    "pk": 250,
    "fields": {
        "example": 21,
        "element_name": "beams"
    }
},
{
    "model": "spec.exampledocumentelement",
    "pk": 251,
    "fields": {
        "example": 21,
        "element_name": "beam"
    }
},
{
    "model": "spec.exampledocumentelement",
    "pk": 252,
    "fields": {
        "example": 21,
        "element_name": "mnx"
    }
},
{
    "model": "spec.exampledocumentelement",
    "pk": 253,
    "fields": {
        "example": 21,
        "element_name": "time"
    }
},
{
    "model": "spec.exampledocumentelement",
    "pk": 254,
    "fields": {
        "example": 21,
        "element_name": "global"
    }
},
{
    "model": "spec.exampledocumentelement",
    "pk": 255,
    "fields": {
        "example": 21,
        "element_name": "rest"
    }
},
{
    "model": "spec.exampledocumentelement",
    "pk": 256,
    "fields": {
        "example": 21,
        "element_name": "clef"
    }
},
{
    "model": "spec.exampledocumentelement",
    "pk": 257,
    "fields": {
        "example": 21,
        "element_name": "note"
    }
},
{
    "model": "spec.exampledocumentelement",
    "pk": 258,
    "fields": {
        "example": 21,
        "element_name": "part"
    }
},
{
    "model": "spec.exampledocumentelement",
    "pk": 259,
    "fields": {
        "example": 21,
        "element_name": "directions"
    }
},
{
    "model": "spec.exampledocumentelement",
    "pk": 260,
    "fields": {
        "example": 21,
        "element_name": "part-name"
    }
},
{
    "model": "spec.exampledocumentelement",
    "pk": 261,
    "fields": {
        "example": 21,
        "element_name": "event"
    }
},
{
    "model": "spec.exampledocumentelement",
    "pk": 262,
    "fields": {
        "example": 22,
        "element_name": "measure"
    }
},
{
    "model": "spec.exampledocumentelement",
    "pk": 263,
    "fields": {
        "example": 22,
        "element_name": "sequence"
    }
},
{
    "model": "spec.exampledocumentelement",
    "pk": 264,
    "fields": {
        "example": 22,
        "element_name": "repeat"
    }
},
{
    "model": "spec.exampledocumentelement",
    "pk": 265,
    "fields": {
        "example": 22,
        "element_name": "mnx"
    }
},
{
    "model": "spec.exampledocumentelement",
    "pk": 266,
    "fields": {
        "example": 22,
        "element_name": "time"
    }
},
{
    "model": "spec.exampledocumentelement",
    "pk": 267,
    "fields": {
        "example": 22,
        "element_name": "global"
    }
},
{
    "model": "spec.exampledocumentelement",
    "pk": 268,
    "fields": {
        "example": 22,
        "element_name": "clef"
    }
},
{
    "model": "spec.exampledocumentelement",
    "pk": 269,
    "fields": {
        "example": 22,
        "element_name": "note"
    }
},
{
    "model": "spec.exampledocumentelement",
    "pk": 270,
    "fields": {
        "example": 22,
        "element_name": "part"
    }
},
{
    "model": "spec.exampledocumentelement",
    "pk": 271,
    "fields": {
        "example": 22,
        "element_name": "directions"
    }
},
{
    "model": "spec.exampledocumentelement",
    "pk": 272,
    "fields": {
        "example": 22,
        "element_name": "part-name"
    }
},
{
    "model": "spec.exampledocumentelement",
    "pk": 273,
    "fields": {
        "example": 22,
        "element_name": "event"
    }
},
{
    "model": "spec.exampledocumentelement",
    "pk": 274,
    "fields": {
        "example": 23,
        "element_name": "measure"
    }
},
{
    "model": "spec.exampledocumentelement",
    "pk": 275,
    "fields": {
        "example": 23,
        "element_name": "sequence"
    }
},
{
    "model": "spec.exampledocumentelement",
    "pk": 276,
    "fields": {
        "example": 23,
        "element_name": "repeat"
    }
},
{
    "model": "spec.exampledocumentelement",
    "pk": 277,
    "fields": {
        "example": 23,
        "element_name": "mnx"
    }
},
{
    "model": "spec.exampledocumentelement",
    "pk": 278,
    "fields": {
        "example": 23,
        "element_name": "time"
    }
},
{
    "model": "spec.exampledocumentelement",
    "pk": 279,
    "fields": {
        "example": 23,
        "element_name": "global"
    }
},
{
    "model": "spec.exampledocumentelement",
    "pk": 280,
    "fields": {
        "example": 23,
        "element_name": "clef"
    }
},
{
    "model": "spec.exampledocumentelement",
    "pk": 281,
    "fields": {
        "example": 23,
        "element_name": "note"
    }
},
{
    "model": "spec.exampledocumentelement",
    "pk": 282,
    "fields": {
        "example": 23,
        "element_name": "part"
    }
},
{
    "model": "spec.exampledocumentelement",
    "pk": 283,
    "fields": {
        "example": 23,
        "element_name": "directions"
    }
},
{
    "model": "spec.exampledocumentelement",
    "pk": 284,
    "fields": {
        "example": 23,
        "element_name": "part-name"
    }
},
{
    "model": "spec.exampledocumentelement",
    "pk": 285,
    "fields": {
        "example": 23,
        "element_name": "event"
    }
},
{
    "model": "spec.exampledocumentelement",
    "pk": 286,
    "fields": {
        "example": 24,
        "element_name": "measure"
    }
},
{
    "model": "spec.exampledocumentelement",
    "pk": 287,
    "fields": {
        "example": 24,
        "element_name": "sequence"
    }
},
{
    "model": "spec.exampledocumentelement",
    "pk": 288,
    "fields": {
        "example": 24,
        "element_name": "repeat"
    }
},
{
    "model": "spec.exampledocumentelement",
    "pk": 289,
    "fields": {
        "example": 24,
        "element_name": "mnx"
    }
},
{
    "model": "spec.exampledocumentelement",
    "pk": 290,
    "fields": {
        "example": 24,
        "element_name": "time"
    }
},
{
    "model": "spec.exampledocumentelement",
    "pk": 291,
    "fields": {
        "example": 24,
        "element_name": "global"
    }
},
{
    "model": "spec.exampledocumentelement",
    "pk": 292,
    "fields": {
        "example": 24,
        "element_name": "clef"
    }
},
{
    "model": "spec.exampledocumentelement",
    "pk": 293,
    "fields": {
        "example": 24,
        "element_name": "note"
    }
},
{
    "model": "spec.exampledocumentelement",
    "pk": 294,
    "fields": {
        "example": 24,
        "element_name": "part"
    }
},
{
    "model": "spec.exampledocumentelement",
    "pk": 295,
    "fields": {
        "example": 24,
        "element_name": "directions"
    }
},
{
    "model": "spec.exampledocumentelement",
    "pk": 296,
    "fields": {
        "example": 24,
        "element_name": "part-name"
    }
},
{
    "model": "spec.exampledocumentelement",
    "pk": 297,
    "fields": {
        "example": 24,
        "element_name": "event"
    }
},
{
    "model": "spec.exampledocumentelement",
    "pk": 298,
    "fields": {
        "example": 25,
        "element_name": "measure"
    }
},
{
    "model": "spec.exampledocumentelement",
    "pk": 299,
    "fields": {
        "example": 25,
        "element_name": "ending"
    }
},
{
    "model": "spec.exampledocumentelement",
    "pk": 300,
    "fields": {
        "example": 25,
        "element_name": "sequence"
    }
},
{
    "model": "spec.exampledocumentelement",
    "pk": 301,
    "fields": {
        "example": 25,
        "element_name": "repeat"
    }
},
{
    "model": "spec.exampledocumentelement",
    "pk": 302,
    "fields": {
        "example": 25,
        "element_name": "mnx"
    }
},
{
    "model": "spec.exampledocumentelement",
    "pk": 303,
    "fields": {
        "example": 25,
        "element_name": "time"
    }
},
{
    "model": "spec.exampledocumentelement",
    "pk": 304,
    "fields": {
        "example": 25,
        "element_name": "global"
    }
},
{
    "model": "spec.exampledocumentelement",
    "pk": 305,
    "fields": {
        "example": 25,
        "element_name": "clef"
    }
},
{
    "model": "spec.exampledocumentelement",
    "pk": 306,
    "fields": {
        "example": 25,
        "element_name": "note"
    }
},
{
    "model": "spec.exampledocumentelement",
    "pk": 307,
    "fields": {
        "example": 25,
        "element_name": "part"
    }
},
{
    "model": "spec.exampledocumentelement",
    "pk": 308,
    "fields": {
        "example": 25,
        "element_name": "directions"
    }
},
{
    "model": "spec.exampledocumentelement",
    "pk": 309,
    "fields": {
        "example": 25,
        "element_name": "part-name"
    }
},
{
    "model": "spec.exampledocumentelement",
    "pk": 310,
    "fields": {
        "example": 25,
        "element_name": "event"
    }
},
{
    "model": "spec.exampledocumentelement",
    "pk": 311,
    "fields": {
        "example": 26,
        "element_name": "measure"
    }
},
{
    "model": "spec.exampledocumentelement",
    "pk": 312,
    "fields": {
        "example": 26,
        "element_name": "ending"
    }
},
{
    "model": "spec.exampledocumentelement",
    "pk": 313,
    "fields": {
        "example": 26,
        "element_name": "sequence"
    }
},
{
    "model": "spec.exampledocumentelement",
    "pk": 314,
    "fields": {
        "example": 26,
        "element_name": "repeat"
    }
},
{
    "model": "spec.exampledocumentelement",
    "pk": 315,
    "fields": {
        "example": 26,
        "element_name": "mnx"
    }
},
{
    "model": "spec.exampledocumentelement",
    "pk": 316,
    "fields": {
        "example": 26,
        "element_name": "time"
    }
},
{
    "model": "spec.exampledocumentelement",
    "pk": 317,
    "fields": {
        "example": 26,
        "element_name": "global"
    }
},
{
    "model": "spec.exampledocumentelement",
    "pk": 318,
    "fields": {
        "example": 26,
        "element_name": "clef"
    }
},
{
    "model": "spec.exampledocumentelement",
    "pk": 319,
    "fields": {
        "example": 26,
        "element_name": "note"
    }
},
{
    "model": "spec.exampledocumentelement",
    "pk": 320,
    "fields": {
        "example": 26,
        "element_name": "part"
    }
},
{
    "model": "spec.exampledocumentelement",
    "pk": 321,
    "fields": {
        "example": 26,
        "element_name": "directions"
    }
},
{
    "model": "spec.exampledocumentelement",
    "pk": 322,
    "fields": {
        "example": 26,
        "element_name": "part-name"
    }
},
{
    "model": "spec.exampledocumentelement",
    "pk": 323,
    "fields": {
        "example": 26,
        "element_name": "event"
    }
},
{
    "model": "spec.exampledocumentelement",
    "pk": 324,
    "fields": {
        "example": 27,
        "element_name": "measure"
    }
},
{
    "model": "spec.exampledocumentelement",
    "pk": 325,
    "fields": {
        "example": 27,
        "element_name": "sequence"
    }
},
{
    "model": "spec.exampledocumentelement",
    "pk": 326,
    "fields": {
        "example": 27,
        "element_name": "mnx"
    }
},
{
    "model": "spec.exampledocumentelement",
    "pk": 327,
    "fields": {
        "example": 27,
        "element_name": "time"
    }
},
{
    "model": "spec.exampledocumentelement",
    "pk": 328,
    "fields": {
        "example": 27,
        "element_name": "global"
    }
},
{
    "model": "spec.exampledocumentelement",
    "pk": 329,
    "fields": {
        "example": 27,
        "element_name": "segno"
    }
},
{
    "model": "spec.exampledocumentelement",
    "pk": 330,
    "fields": {
        "example": 27,
        "element_name": "clef"
    }
},
{
    "model": "spec.exampledocumentelement",
    "pk": 331,
    "fields": {
        "example": 27,
        "element_name": "note"
    }
},
{
    "model": "spec.exampledocumentelement",
    "pk": 332,
    "fields": {
        "example": 27,
        "element_name": "part"
    }
},
{
    "model": "spec.exampledocumentelement",
    "pk": 333,
    "fields": {
        "example": 27,
        "element_name": "directions"
    }
},
{
    "model": "spec.exampledocumentelement",
    "pk": 334,
    "fields": {
        "example": 27,
        "element_name": "part-name"
    }
},
{
    "model": "spec.exampledocumentelement",
    "pk": 335,
    "fields": {
        "example": 27,
        "element_name": "event"
    }
},
{
    "model": "spec.exampledocumentelement",
    "pk": 336,
    "fields": {
        "example": 27,
        "element_name": "jump"
    }
},
{
    "model": "spec.exampledocumentelement",
    "pk": 337,
    "fields": {
        "example": 28,
        "element_name": "measure"
    }
},
{
    "model": "spec.exampledocumentelement",
    "pk": 338,
    "fields": {
        "example": 28,
        "element_name": "sequence"
    }
},
{
    "model": "spec.exampledocumentelement",
    "pk": 339,
    "fields": {
        "example": 28,
        "element_name": "fine"
    }
},
{
    "model": "spec.exampledocumentelement",
    "pk": 340,
    "fields": {
        "example": 28,
        "element_name": "mnx"
    }
},
{
    "model": "spec.exampledocumentelement",
    "pk": 341,
    "fields": {
        "example": 28,
        "element_name": "time"
    }
},
{
    "model": "spec.exampledocumentelement",
    "pk": 342,
    "fields": {
        "example": 28,
        "element_name": "global"
    }
},
{
    "model": "spec.exampledocumentelement",
    "pk": 343,
    "fields": {
        "example": 28,
        "element_name": "segno"
    }
},
{
    "model": "spec.exampledocumentelement",
    "pk": 344,
    "fields": {
        "example": 28,
        "element_name": "clef"
    }
},
{
    "model": "spec.exampledocumentelement",
    "pk": 345,
    "fields": {
        "example": 28,
        "element_name": "note"
    }
},
{
    "model": "spec.exampledocumentelement",
    "pk": 346,
    "fields": {
        "example": 28,
        "element_name": "part"
    }
},
{
    "model": "spec.exampledocumentelement",
    "pk": 347,
    "fields": {
        "example": 28,
        "element_name": "directions"
    }
},
{
    "model": "spec.exampledocumentelement",
    "pk": 348,
    "fields": {
        "example": 28,
        "element_name": "part-name"
    }
},
{
    "model": "spec.exampledocumentelement",
    "pk": 349,
    "fields": {
        "example": 28,
        "element_name": "event"
    }
},
{
    "model": "spec.exampledocumentelement",
    "pk": 350,
    "fields": {
        "example": 28,
        "element_name": "jump"
    }
},
{
    "model": "spec.exampledocumentelement",
    "pk": 353,
    "fields": {
        "example": 12,
        "element_name": "grace"
    }
},
{
    "model": "spec.elementconcept",
    "pk": 1,
    "fields": {
        "element": 16,
        "concept": 1
    }
},
{
    "model": "spec.elementconcept",
    "pk": 2,
    "fields": {
        "element": 17,
        "concept": 1
    }
},
{
    "model": "spec.elementconcept",
    "pk": 3,
    "fields": {
        "element": 15,
        "concept": 1
    }
},
{
    "model": "spec.elementconcept",
    "pk": 4,
    "fields": {
        "element": 25,
        "concept": 4
    }
},
{
    "model": "spec.elementconcept",
    "pk": 5,
    "fields": {
        "element": 24,
        "concept": 4
    }
},
{
    "model": "spec.elementconcept",
    "pk": 6,
    "fields": {
        "element": 26,
        "concept": 4
    }
},
{
    "model": "spec.elementconcept",
    "pk": 7,
    "fields": {
        "element": 22,
        "concept": 2
    }
},
{
    "model": "spec.elementconcept",
    "pk": 8,
    "fields": {
        "element": 23,
        "concept": 2
    }
},
{
    "model": "spec.elementconcept",
    "pk": 9,
    "fields": {
        "element": 21,
        "concept": 3
    }
}
]
