[
{
    "model": "auth.user",
    "pk": 1,
    "fields": {
        "password": "pbkdf2_sha256$216000$pRneCAm3jo5x$pI3qcpNTVAlpzOhYqodcqekMbpHf0wiy7Yer+gjcMyU=",
        "last_login": "2021-01-19T00:00:00Z",
        "is_superuser": true,
        "username": "admin",
        "first_name": "",
        "last_name": "",
        "email": "",
        "is_staff": true,
        "is_active": true,
        "date_joined": "2021-01-19T00:00:00Z",
        "groups": [],
        "user_permissions": []
    }
},
{
    "model": "spec.datatype",
    "pk": 1,
    "fields": {
        "name": "Time signature",
        "slug": "time-signature",
        "description": "",
        "is_featured": false
    }
},
{
    "model": "spec.datatype",
    "pk": 2,
    "fields": {
        "name": "Clef sign",
        "slug": "clef-sign",
        "description": "",
        "is_featured": true
    }
},
{
    "model": "spec.datatype",
    "pk": 3,
    "fields": {
        "name": "Staff line",
        "slug": "staff-line",
        "description": "",
        "is_featured": false
    }
},
{
    "model": "spec.datatype",
    "pk": 4,
    "fields": {
        "name": "Rhythmic duration",
        "slug": "rhythmic-duration",
        "description": "",
        "is_featured": false
    }
},
{
    "model": "spec.datatype",
    "pk": 5,
    "fields": {
        "name": "Chromatic pitch",
        "slug": "chromatic-pitch",
        "description": "",
        "is_featured": true
    }
},
{
    "model": "spec.datatype",
    "pk": 6,
    "fields": {
        "name": "Accidental",
        "slug": "accidental",
        "description": "",
        "is_featured": false
    }
},
{
    "model": "spec.datatype",
    "pk": 7,
    "fields": {
        "name": "Note ID",
        "slug": "note-id",
        "description": "",
        "is_featured": false
    }
},
{
    "model": "spec.datatype",
    "pk": 8,
    "fields": {
        "name": "Event ID",
        "slug": "event-id",
        "description": "",
        "is_featured": false
    }
},
{
    "model": "spec.datatype",
    "pk": 9,
    "fields": {
        "name": "Event ID list",
        "slug": "event-id-list",
        "description": "",
        "is_featured": false
    }
},
{
    "model": "spec.datatype",
    "pk": 10,
    "fields": {
        "name": "Beam hook direction",
        "slug": "beam-hook-direction",
        "description": "",
        "is_featured": false
    }
},
{
    "model": "spec.datatype",
    "pk": 11,
    "fields": {
        "name": "Note value quantity",
        "slug": "note-value-quantity",
        "description": "",
        "is_featured": true
    }
},
{
    "model": "spec.datatype",
    "pk": 12,
    "fields": {
        "name": "Octave shift type",
        "slug": "octave-shift-type",
        "description": "",
        "is_featured": false
    }
},
{
    "model": "spec.datatype",
    "pk": 13,
    "fields": {
        "name": "Measure location",
        "slug": "measure-location",
        "description": "",
        "is_featured": false
    }
},
{
    "model": "spec.datatype",
    "pk": 14,
    "fields": {
        "name": "Slur side",
        "slug": "slur-side",
        "description": "",
        "is_featured": false
    }
},
{
    "model": "spec.datatype",
    "pk": 15,
    "fields": {
        "name": "Slur end location",
        "slug": "slur-end-location",
        "description": "",
        "is_featured": false
    }
},
{
    "model": "spec.datatype",
    "pk": 16,
    "fields": {
        "name": "Line type",
        "slug": "line-type",
        "description": "",
        "is_featured": false
    }
},
{
    "model": "spec.datatype",
    "pk": 17,
    "fields": {
        "name": "Repeat type",
        "slug": "repeat-type",
        "description": "",
        "is_featured": false
    }
},
{
    "model": "spec.datatype",
    "pk": 18,
    "fields": {
        "name": "Repeat times",
        "slug": "repeat-times",
        "description": "",
        "is_featured": false
    }
},
{
    "model": "spec.datatype",
    "pk": 19,
    "fields": {
        "name": "Ending type",
        "slug": "ending-type",
        "description": "",
        "is_featured": false
    }
},
{
    "model": "spec.datatype",
    "pk": 20,
    "fields": {
        "name": "Ending number",
        "slug": "ending-number",
        "description": "",
        "is_featured": false
    }
},
{
    "model": "spec.datatype",
    "pk": 21,
    "fields": {
        "name": "Jump type",
        "slug": "jump-type",
        "description": "",
        "is_featured": false
    }
},
{
    "model": "spec.datatype",
    "pk": 26,
    "fields": {
        "name": "Grace note type",
        "slug": "grace-note-type",
        "description": "",
        "is_featured": false
    }
},
{
    "model": "spec.datatype",
    "pk": 27,
    "fields": {
        "name": "Yes or no",
        "slug": "yes-or-no",
        "description": "",
        "is_featured": false
    }
},
{
    "model": "spec.datatype",
    "pk": 28,
    "fields": {
        "name": "Yes, no or auto",
        "slug": "yes-no-or-auto",
        "description": "",
        "is_featured": false
    }
},
{
    "model": "spec.datatype",
    "pk": 29,
    "fields": {
        "name": "Orientation",
        "slug": "orientation",
        "description": "This specifies the placement and rendering of content.",
        "is_featured": false
    }
},
{
    "model": "spec.datatypeoption",
    "pk": 1,
    "fields": {
        "data_type": 27,
        "value": "yes",
        "description": ""
    }
},
{
    "model": "spec.datatypeoption",
    "pk": 2,
    "fields": {
        "data_type": 27,
        "value": "no",
        "description": ""
    }
},
{
    "model": "spec.datatypeoption",
    "pk": 3,
    "fields": {
        "data_type": 26,
        "value": "steal-previous",
        "description": "The run of grace notes occupies a time interval that ends before the expected onset of the next non-grace event, shortening the duration of the preceding non-grace event."
    }
},
{
    "model": "spec.datatypeoption",
    "pk": 4,
    "fields": {
        "data_type": 26,
        "value": "steal-following",
        "description": "The run of grace notes occupies a time interval starting at the expected onset of the next non-grace event, both delaying its onset and shortening its duration."
    }
},
{
    "model": "spec.datatypeoption",
    "pk": 5,
    "fields": {
        "data_type": 26,
        "value": "make-time",
        "description": "The run of grace notes delays the onset of the next non-grace event."
    }
},
{
    "model": "spec.datatypeoption",
    "pk": 6,
    "fields": {
        "data_type": 28,
        "value": "yes",
        "description": "Yes."
    }
},
{
    "model": "spec.datatypeoption",
    "pk": 7,
    "fields": {
        "data_type": 28,
        "value": "no",
        "description": "No."
    }
},
{
    "model": "spec.datatypeoption",
    "pk": 8,
    "fields": {
        "data_type": 28,
        "value": "auto",
        "description": "Consuming software should decide on its own."
    }
},
{
    "model": "spec.datatypeoption",
    "pk": 9,
    "fields": {
        "data_type": 29,
        "value": "up",
        "description": "Note stems are pointed upward."
    }
},
{
    "model": "spec.datatypeoption",
    "pk": 10,
    "fields": {
        "data_type": 29,
        "value": "down",
        "description": "Note stems are pointed downward."
    }
},
{
    "model": "spec.concept",
    "pk": 1,
    "fields": {
        "name": "Beams",
        "slug": "beams",
        "description": "",
        "is_featured": true
    }
},
{
    "model": "spec.concept",
    "pk": 2,
    "fields": {
        "name": "Repeats",
        "slug": "repeats",
        "description": "",
        "is_featured": true
    }
},
{
    "model": "spec.concept",
    "pk": 3,
    "fields": {
        "name": "Slurs",
        "slug": "slurs",
        "description": "",
        "is_featured": true
    }
},
{
    "model": "spec.concept",
    "pk": 4,
    "fields": {
        "name": "Jumps",
        "slug": "jumps",
        "description": "",
        "is_featured": false
    }
},
{
    "model": "spec.xmlelement",
    "pk": 1,
    "fields": {
        "name": "mnx",
        "slug": "mnx",
        "description": "",
        "is_featured": false
    }
},
{
    "model": "spec.xmlelement",
    "pk": 2,
    "fields": {
        "name": "global",
        "slug": "global",
        "description": "",
        "is_featured": false
    }
},
{
    "model": "spec.xmlelement",
    "pk": 3,
    "fields": {
        "name": "measure",
        "slug": "measure-global",
        "description": "",
        "is_featured": false
    }
},
{
    "model": "spec.xmlelement",
    "pk": 4,
    "fields": {
        "name": "directions",
        "slug": "directions-part",
        "description": "",
        "is_featured": false
    }
},
{
    "model": "spec.xmlelement",
    "pk": 5,
    "fields": {
        "name": "time",
        "slug": "time",
        "description": "",
        "is_featured": false
    }
},
{
    "model": "spec.xmlelement",
    "pk": 6,
    "fields": {
        "name": "part",
        "slug": "part",
        "description": "",
        "is_featured": false
    }
},
{
    "model": "spec.xmlelement",
    "pk": 7,
    "fields": {
        "name": "part-name",
        "slug": "part-name",
        "description": "",
        "is_featured": false
    }
},
{
    "model": "spec.xmlelement",
    "pk": 8,
    "fields": {
        "name": "measure",
        "slug": "measure-part",
        "description": "",
        "is_featured": false
    }
},
{
    "model": "spec.xmlelement",
    "pk": 9,
    "fields": {
        "name": "clef",
        "slug": "clef",
        "description": "",
        "is_featured": false
    }
},
{
    "model": "spec.xmlelement",
    "pk": 10,
    "fields": {
        "name": "sequence",
        "slug": "sequence",
        "description": "",
        "is_featured": true
    }
},
{
    "model": "spec.xmlelement",
    "pk": 11,
    "fields": {
        "name": "event",
        "slug": "event",
        "description": "",
        "is_featured": true
    }
},
{
    "model": "spec.xmlelement",
    "pk": 12,
    "fields": {
        "name": "note",
        "slug": "note",
        "description": "",
        "is_featured": true
    }
},
{
    "model": "spec.xmlelement",
    "pk": 13,
    "fields": {
        "name": "rest",
        "slug": "rest",
        "description": "",
        "is_featured": false
    }
},
{
    "model": "spec.xmlelement",
    "pk": 14,
    "fields": {
        "name": "tied",
        "slug": "tied",
        "description": "",
        "is_featured": false
    }
},
{
    "model": "spec.xmlelement",
    "pk": 15,
    "fields": {
        "name": "beams",
        "slug": "beams",
        "description": "",
        "is_featured": false
    }
},
{
    "model": "spec.xmlelement",
    "pk": 16,
    "fields": {
        "name": "beam",
        "slug": "beam",
        "description": "",
        "is_featured": false
    }
},
{
    "model": "spec.xmlelement",
    "pk": 17,
    "fields": {
        "name": "beam-hook",
        "slug": "beam-hook",
        "description": "",
        "is_featured": false
    }
},
{
    "model": "spec.xmlelement",
    "pk": 18,
    "fields": {
        "name": "tuplet",
        "slug": "tuplet",
        "description": "",
        "is_featured": false
    }
},
{
    "model": "spec.xmlelement",
    "pk": 19,
    "fields": {
        "name": "octave-shift",
        "slug": "octave-shift",
        "description": "",
        "is_featured": false
    }
},
{
    "model": "spec.xmlelement",
    "pk": 20,
    "fields": {
        "name": "directions",
        "slug": "directions-global",
        "description": "",
        "is_featured": false
    }
},
{
    "model": "spec.xmlelement",
    "pk": 21,
    "fields": {
        "name": "slur",
        "slug": "slur",
        "description": "",
        "is_featured": false
    }
},
{
    "model": "spec.xmlelement",
    "pk": 22,
    "fields": {
        "name": "repeat",
        "slug": "repeat",
        "description": "",
        "is_featured": false
    }
},
{
    "model": "spec.xmlelement",
    "pk": 23,
    "fields": {
        "name": "ending",
        "slug": "ending",
        "description": "",
        "is_featured": false
    }
},
{
    "model": "spec.xmlelement",
    "pk": 24,
    "fields": {
        "name": "segno",
        "slug": "segno",
        "description": "",
        "is_featured": false
    }
},
{
    "model": "spec.xmlelement",
    "pk": 25,
    "fields": {
        "name": "jump",
        "slug": "jump",
        "description": "",
        "is_featured": false
    }
},
{
    "model": "spec.xmlelement",
    "pk": 26,
    "fields": {
        "name": "fine",
        "slug": "fine",
        "description": "",
        "is_featured": false
    }
},
{
    "model": "spec.xmlelement",
    "pk": 29,
    "fields": {
        "name": "grace",
        "slug": "grace",
        "description": "",
        "is_featured": false
    }
},
{
    "model": "spec.xmlattribute",
    "pk": 1,
    "fields": {
        "element": 5,
        "name": "signature",
        "is_required": true,
        "description": "",
        "data_type": 1
    }
},
{
    "model": "spec.xmlattribute",
    "pk": 2,
    "fields": {
        "element": 9,
        "name": "sign",
        "is_required": true,
        "description": "",
        "data_type": 2
    }
},
{
    "model": "spec.xmlattribute",
    "pk": 3,
    "fields": {
        "element": 9,
        "name": "line",
        "is_required": true,
        "description": "",
        "data_type": 3
    }
},
{
    "model": "spec.xmlattribute",
    "pk": 4,
    "fields": {
        "element": 11,
        "name": "value",
        "is_required": false,
        "description": "",
        "data_type": 4
    }
},
{
    "model": "spec.xmlattribute",
    "pk": 5,
    "fields": {
        "element": 12,
        "name": "pitch",
        "is_required": false,
        "description": "",
        "data_type": 5
    }
},
{
    "model": "spec.xmlattribute",
    "pk": 6,
    "fields": {
        "element": 12,
        "name": "accidental",
        "is_required": false,
        "description": "",
        "data_type": 6
    }
},
{
    "model": "spec.xmlattribute",
    "pk": 7,
    "fields": {
        "element": 14,
        "name": "target",
        "is_required": true,
        "description": "",
        "data_type": 7
    }
},
{
    "model": "spec.xmlattribute",
    "pk": 8,
    "fields": {
        "element": 12,
        "name": "id",
        "is_required": false,
        "description": "",
        "data_type": 7
    }
},
{
    "model": "spec.xmlattribute",
    "pk": 9,
    "fields": {
        "element": 11,
        "name": "id",
        "is_required": false,
        "description": "",
        "data_type": 8
    }
},
{
    "model": "spec.xmlattribute",
    "pk": 10,
    "fields": {
        "element": 16,
        "name": "events",
        "is_required": false,
        "description": "",
        "data_type": 9
    }
},
{
    "model": "spec.xmlattribute",
    "pk": 11,
    "fields": {
        "element": 17,
        "name": "event",
        "is_required": true,
        "description": "",
        "data_type": 8
    }
},
{
    "model": "spec.xmlattribute",
    "pk": 12,
    "fields": {
        "element": 17,
        "name": "direction",
        "is_required": false,
        "description": "",
        "data_type": 10
    }
},
{
    "model": "spec.xmlattribute",
    "pk": 13,
    "fields": {
        "element": 18,
        "name": "inner",
        "is_required": true,
        "description": "",
        "data_type": 11
    }
},
{
    "model": "spec.xmlattribute",
    "pk": 14,
    "fields": {
        "element": 18,
        "name": "outer",
        "is_required": true,
        "description": "",
        "data_type": 11
    }
},
{
    "model": "spec.xmlattribute",
    "pk": 15,
    "fields": {
        "element": 19,
        "name": "type",
        "is_required": true,
        "description": "",
        "data_type": 12
    }
},
{
    "model": "spec.xmlattribute",
    "pk": 16,
    "fields": {
        "element": 19,
        "name": "end",
        "is_required": true,
        "description": "",
        "data_type": 13
    }
},
{
    "model": "spec.xmlattribute",
    "pk": 17,
    "fields": {
        "element": 21,
        "name": "side",
        "is_required": false,
        "description": "",
        "data_type": 14
    }
},
{
    "model": "spec.xmlattribute",
    "pk": 18,
    "fields": {
        "element": 21,
        "name": "target",
        "is_required": false,
        "description": "",
        "data_type": 8
    }
},
{
    "model": "spec.xmlattribute",
    "pk": 19,
    "fields": {
        "element": 21,
        "name": "location",
        "is_required": false,
        "description": "",
        "data_type": 15
    }
},
{
    "model": "spec.xmlattribute",
    "pk": 20,
    "fields": {
        "element": 21,
        "name": "start-note",
        "is_required": false,
        "description": "",
        "data_type": 7
    }
},
{
    "model": "spec.xmlattribute",
    "pk": 21,
    "fields": {
        "element": 21,
        "name": "end-note",
        "is_required": false,
        "description": "",
        "data_type": 7
    }
},
{
    "model": "spec.xmlattribute",
    "pk": 22,
    "fields": {
        "element": 21,
        "name": "line-type",
        "is_required": false,
        "description": "",
        "data_type": 16
    }
},
{
    "model": "spec.xmlattribute",
    "pk": 23,
    "fields": {
        "element": 21,
        "name": "side-end",
        "is_required": false,
        "description": "",
        "data_type": 14
    }
},
{
    "model": "spec.xmlattribute",
    "pk": 24,
    "fields": {
        "element": 22,
        "name": "type",
        "is_required": true,
        "description": "",
        "data_type": 17
    }
},
{
    "model": "spec.xmlattribute",
    "pk": 25,
    "fields": {
        "element": 22,
        "name": "times",
        "is_required": false,
        "description": "",
        "data_type": 18
    }
},
{
    "model": "spec.xmlattribute",
    "pk": 26,
    "fields": {
        "element": 23,
        "name": "type",
        "is_required": true,
        "description": "",
        "data_type": 19
    }
},
{
    "model": "spec.xmlattribute",
    "pk": 27,
    "fields": {
        "element": 23,
        "name": "number",
        "is_required": false,
        "description": "",
        "data_type": 20
    }
},
{
    "model": "spec.xmlattribute",
    "pk": 28,
    "fields": {
        "element": 25,
        "name": "type",
        "is_required": true,
        "description": "",
        "data_type": 21
    }
},
{
    "model": "spec.xmlattribute",
    "pk": 33,
    "fields": {
        "element": 29,
        "name": "type",
        "is_required": false,
        "description": "",
        "data_type": 26
    }
},
{
    "model": "spec.xmlattribute",
    "pk": 34,
    "fields": {
        "element": 29,
        "name": "slash",
        "is_required": false,
        "description": "",
        "data_type": 27
    }
},
{
    "model": "spec.xmlattribute",
    "pk": 35,
    "fields": {
        "element": 18,
        "name": "bracket",
        "is_required": false,
        "description": "",
        "data_type": 28
    }
},
{
    "model": "spec.xmlattribute",
    "pk": 36,
    "fields": {
        "element": 18,
        "name": "orient",
        "is_required": false,
        "description": "",
        "data_type": 29
    }
},
{
    "model": "spec.xmlattribute",
    "pk": 37,
    "fields": {
        "element": 19,
        "name": "orient",
        "is_required": false,
        "description": "",
        "data_type": 29
    }
},
{
    "model": "spec.xmlattribute",
    "pk": 38,
    "fields": {
        "element": 10,
        "name": "orient",
        "is_required": false,
        "description": "Default orientation of the content in this sequence. If not provided, the orientation is determined automatically according to the implementation’s rendering rules and may be overridden by descendant elements.",
        "data_type": 29
    }
},
{
    "model": "spec.xmlrelationship",
    "pk": 1,
    "fields": {
        "parent": 1,
        "child": 2,
        "min_amount": 1,
        "max_amount": 1
    }
},
{
    "model": "spec.xmlrelationship",
    "pk": 2,
    "fields": {
        "parent": 2,
        "child": 3,
        "min_amount": 1,
        "max_amount": null
    }
},
{
    "model": "spec.xmlrelationship",
    "pk": 3,
    "fields": {
        "parent": 3,
        "child": 20,
        "min_amount": 0,
        "max_amount": null
    }
},
{
    "model": "spec.xmlrelationship",
    "pk": 4,
    "fields": {
        "parent": 4,
        "child": 5,
        "min_amount": 0,
        "max_amount": 1
    }
},
{
    "model": "spec.xmlrelationship",
    "pk": 5,
    "fields": {
        "parent": 1,
        "child": 6,
        "min_amount": 1,
        "max_amount": null
    }
},
{
    "model": "spec.xmlrelationship",
    "pk": 6,
    "fields": {
        "parent": 6,
        "child": 7,
        "min_amount": 0,
        "max_amount": 1
    }
},
{
    "model": "spec.xmlrelationship",
    "pk": 7,
    "fields": {
        "parent": 8,
        "child": 4,
        "min_amount": 0,
        "max_amount": 1
    }
},
{
    "model": "spec.xmlrelationship",
    "pk": 8,
    "fields": {
        "parent": 8,
        "child": 10,
        "min_amount": 1,
        "max_amount": null
    }
},
{
    "model": "spec.xmlrelationship",
    "pk": 9,
    "fields": {
        "parent": 10,
        "child": 11,
        "min_amount": 1,
        "max_amount": null
    }
},
{
    "model": "spec.xmlrelationship",
    "pk": 10,
    "fields": {
        "parent": 11,
        "child": 12,
        "min_amount": 0,
        "max_amount": null
    }
},
{
    "model": "spec.xmlrelationship",
    "pk": 11,
    "fields": {
        "parent": 6,
        "child": 8,
        "min_amount": 1,
        "max_amount": null
    }
},
{
    "model": "spec.xmlrelationship",
    "pk": 12,
    "fields": {
        "parent": 11,
        "child": 13,
        "min_amount": 0,
        "max_amount": 1
    }
},
{
    "model": "spec.xmlrelationship",
    "pk": 13,
    "fields": {
        "parent": 15,
        "child": 16,
        "min_amount": 1,
        "max_amount": null
    }
},
{
    "model": "spec.xmlrelationship",
    "pk": 14,
    "fields": {
        "parent": 10,
        "child": 15,
        "min_amount": 0,
        "max_amount": 1
    }
},
{
    "model": "spec.xmlrelationship",
    "pk": 15,
    "fields": {
        "parent": 16,
        "child": 16,
        "min_amount": 0,
        "max_amount": null
    }
},
{
    "model": "spec.xmlrelationship",
    "pk": 16,
    "fields": {
        "parent": 16,
        "child": 17,
        "min_amount": 0,
        "max_amount": null
    }
},
{
    "model": "spec.xmlrelationship",
    "pk": 17,
    "fields": {
        "parent": 10,
        "child": 18,
        "min_amount": 0,
        "max_amount": null
    }
},
{
    "model": "spec.xmlrelationship",
    "pk": 18,
    "fields": {
        "parent": 18,
        "child": 11,
        "min_amount": 0,
        "max_amount": null
    }
},
{
    "model": "spec.xmlrelationship",
    "pk": 19,
    "fields": {
        "parent": 18,
        "child": 18,
        "min_amount": 0,
        "max_amount": null
    }
},
{
    "model": "spec.xmlrelationship",
    "pk": 20,
    "fields": {
        "parent": 4,
        "child": 19,
        "min_amount": 0,
        "max_amount": null
    }
},
{
    "model": "spec.xmlrelationship",
    "pk": 21,
    "fields": {
        "parent": 20,
        "child": 5,
        "min_amount": 0,
        "max_amount": 1
    }
},
{
    "model": "spec.xmlrelationship",
    "pk": 22,
    "fields": {
        "parent": 11,
        "child": 21,
        "min_amount": 0,
        "max_amount": null
    }
},
{
    "model": "spec.xmlrelationship",
    "pk": 23,
    "fields": {
        "parent": 20,
        "child": 22,
        "min_amount": 0,
        "max_amount": 2
    }
},
{
    "model": "spec.xmlrelationship",
    "pk": 24,
    "fields": {
        "parent": 4,
        "child": 9,
        "min_amount": 0,
        "max_amount": 1
    }
},
{
    "model": "spec.xmlrelationship",
    "pk": 25,
    "fields": {
        "parent": 20,
        "child": 23,
        "min_amount": 0,
        "max_amount": 2
    }
},
{
    "model": "spec.xmlrelationship",
    "pk": 26,
    "fields": {
        "parent": 20,
        "child": 24,
        "min_amount": 0,
        "max_amount": 1
    }
},
{
    "model": "spec.xmlrelationship",
    "pk": 27,
    "fields": {
        "parent": 20,
        "child": 25,
        "min_amount": 0,
        "max_amount": 1
    }
},
{
    "model": "spec.xmlrelationship",
    "pk": 28,
    "fields": {
        "parent": 20,
        "child": 26,
        "min_amount": 0,
        "max_amount": 1
    }
},
{
    "model": "spec.xmlrelationship",
    "pk": 32,
    "fields": {
        "parent": 29,
        "child": 11,
        "min_amount": 1,
        "max_amount": null
    }
},
{
    "model": "spec.xmlrelationship",
    "pk": 34,
    "fields": {
        "parent": 18,
        "child": 29,
        "min_amount": 0,
        "max_amount": null
    }
},
{
    "model": "spec.xmlrelationship",
    "pk": 35,
    "fields": {
        "parent": 10,
        "child": 29,
        "min_amount": 0,
        "max_amount": null
    }
},
{
    "model": "spec.exampledocument",
    "pk": 1,
    "fields": {
        "name": "“Hello world”",
        "slug": "hello-world",
        "blurb": "This basic MNX document contains a single middle C whole note, on a treble clef stave, in 4/4 time.",
        "document": "<mnx>\r\n    <global>\r\n        <measure>\r\n            <directions>\r\n                <time signature=\"4/4\"/>\r\n            </directions>\r\n        </measure>\r\n    </global>\r\n    <part>\r\n        <part-name>Music</part-name>\r\n        <measure barline=\"regular\">\r\n            <directions>\r\n                <clef sign=\"G\" line=\"2\"/>\r\n            </directions>\r\n            <sequence>\r\n                <event value=\"/1\">\r\n                    <note pitch=\"C4\"/>\r\n                </event>\r\n            </sequence>\r\n        </measure>\r\n    </part>\r\n</mnx>",
        "image_url": "/static/examples/hello-world.png",
        "is_featured": true
    }
},
{
    "model": "spec.exampledocument",
    "pk": 2,
    "fields": {
        "name": "Two-bar C major scale",
        "slug": "two-bar-c-major-scale",
        "blurb": "",
        "document": "<mnx>\r\n    <global>\r\n        <measure>\r\n            <directions>\r\n                <time signature=\"4/4\"/>\r\n            </directions>\r\n        </measure>\r\n        <measure/>\r\n    </global>\r\n    <part>\r\n        <part-name>Music</part-name>\r\n        <measure>\r\n            <directions>\r\n                <clef sign=\"G\" line=\"2\"/>\r\n            </directions>\r\n            <sequence>\r\n                <event value=\"/4\">\r\n                    <note pitch=\"C4\"/>\r\n                </event>\r\n                <event value=\"/4\">\r\n                    <note pitch=\"D4\"/>\r\n                </event>\r\n                <event value=\"/4\">\r\n                    <note pitch=\"E4\"/>\r\n                </event>\r\n                <event value=\"/4\">\r\n                    <note pitch=\"F4\"/>\r\n                </event>\r\n            </sequence>\r\n        </measure>\r\n        <measure barline=\"regular\">\r\n            <sequence>\r\n                <event value=\"/4\">\r\n                    <note pitch=\"G4\"/>\r\n                </event>\r\n                <event value=\"/4\">\r\n                    <note pitch=\"A4\"/>\r\n                </event>\r\n                <event value=\"/4\">\r\n                    <note pitch=\"B4\"/>\r\n                </event>\r\n                <event value=\"/4\">\r\n                    <note pitch=\"C5\"/>\r\n                </event>\r\n            </sequence>\r\n        </measure>\r\n    </part>\r\n</mnx>",
        "image_url": "/static/examples/two-bar-c-major-scale.png",
        "is_featured": false
    }
},
{
    "model": "spec.exampledocument",
    "pk": 3,
    "fields": {
        "name": "Three-note chord and half rest",
        "slug": "three-note-chord-and-half-rest",
        "blurb": "",
        "document": "<mnx>\r\n    <global>\r\n        <measure>\r\n            <directions>\r\n                <time signature=\"4/4\"/>\r\n            </directions>\r\n        </measure>\r\n    </global>\r\n    <part>\r\n        <part-name>Music</part-name>\r\n        <measure barline=\"regular\">\r\n            <directions>\r\n                <clef sign=\"G\" line=\"2\"/>\r\n            </directions>\r\n            <sequence>\r\n                <event value=\"/2\">\r\n                    <note pitch=\"C4\"/>\r\n                    <note pitch=\"E4\"/>\r\n                    <note pitch=\"G4\"/>\r\n                </event>\r\n                <event value=\"/2\">\r\n                    <rest/>\r\n                </event>\r\n            </sequence>\r\n        </measure>\r\n    </part>\r\n</mnx>",
        "image_url": "/static/examples/three-note-chord-and-half-rest.png",
        "is_featured": false
    }
},
{
    "model": "spec.exampledocument",
    "pk": 4,
    "fields": {
        "name": "Time signatures",
        "slug": "time-signatures",
        "blurb": "",
        "document": "<mnx>\r\n    <global>\r\n        <measure>\r\n            <directions>\r\n                <time signature=\"4/4\"/>\r\n            </directions>\r\n        </measure>\r\n        <measure/>\r\n        <measure>\r\n            <directions>\r\n                <time signature=\"2/4\"/>\r\n            </directions>\r\n        </measure>\r\n    </global>\r\n    <part>\r\n        <part-name>Music</part-name>\r\n        <measure>\r\n            <directions>\r\n                <clef sign=\"G\" line=\"2\"/>\r\n            </directions>\r\n            <sequence>\r\n                <event value=\"/4\">\r\n                    <note pitch=\"C5\"/>\r\n                </event>\r\n                <event value=\"/4\">\r\n                    <note pitch=\"D5\"/>\r\n                </event>\r\n                <event value=\"/4\">\r\n                    <note pitch=\"E5\"/>\r\n                </event>\r\n                <event value=\"/4\">\r\n                    <note pitch=\"F5\"/>\r\n                </event>\r\n            </sequence>\r\n        </measure>\r\n        <measure>\r\n            <sequence>\r\n                <event value=\"/4\">\r\n                    <note pitch=\"C5\"/>\r\n                </event>\r\n                <event value=\"/4\">\r\n                    <note pitch=\"D5\"/>\r\n                </event>\r\n                <event value=\"/4\">\r\n                    <note pitch=\"E5\"/>\r\n                </event>\r\n                <event value=\"/4\">\r\n                    <note pitch=\"F5\"/>\r\n                </event>\r\n            </sequence>\r\n        </measure>\r\n        <measure>\r\n            <sequence>\r\n                <event value=\"/4\">\r\n                    <note pitch=\"B4\"/>\r\n                </event>\r\n                <event value=\"/4\">\r\n                    <note pitch=\"D5\"/>\r\n                </event>\r\n            </sequence>\r\n        </measure>\r\n    </part>\r\n</mnx>",
        "image_url": "/static/examples/time-signatures.png",
        "is_featured": false
    }
},
{
    "model": "spec.exampledocument",
    "pk": 5,
    "fields": {
        "name": "Key signatures",
        "slug": "key-signatures",
        "blurb": "",
        "document": "<mnx>\r\n    <global>\r\n        <measure>\r\n            <directions>\r\n                <time signature=\"4/4\"/>\r\n                <key fifths=\"4\"/>\r\n            </directions>\r\n        </measure>\r\n        <measure/>\r\n        <measure>\r\n            <directions>\r\n                <key fifths=\"-4\"/>\r\n            </directions>\r\n        </measure>\r\n        <measure/>\r\n    </global>\r\n    <part>\r\n        <part-name>Music</part-name>\r\n        <measure>\r\n            <directions>\r\n                <clef sign=\"G\" line=\"2\"/>\r\n            </directions>\r\n            <sequence>\r\n                <event value=\"/4\">\r\n                    <note pitch=\"E5\"/>\r\n                </event>\r\n                <event value=\"/4\">\r\n                    <note pitch=\"F#5\"/>\r\n                </event>\r\n                <event value=\"/4\">\r\n                    <note pitch=\"G#5\"/>\r\n                </event>\r\n                <event value=\"/4\">\r\n                    <note pitch=\"E5\"/>\r\n                </event>\r\n            </sequence>\r\n        </measure>\r\n        <measure>\r\n            <sequence>\r\n                <event value=\"/1\">\r\n                    <note pitch=\"G#5\"/>\r\n                </event>\r\n            </sequence>\r\n        </measure>\r\n        <measure>\r\n            <sequence>\r\n                <event value=\"/4\">\r\n                    <note pitch=\"Ab4\"/>\r\n                </event>\r\n                <event value=\"/4\">\r\n                    <note pitch=\"Bb4\"/>\r\n                </event>\r\n                <event value=\"/4\">\r\n                    <note pitch=\"C5\"/>\r\n                </event>\r\n                <event value=\"/4\">\r\n                    <note pitch=\"Ab4\"/>\r\n                </event>\r\n            </sequence>\r\n        </measure>\r\n        <measure>\r\n            <sequence>\r\n                <event value=\"/1\">\r\n                    <note pitch=\"C5\"/>\r\n                </event>\r\n            </sequence>\r\n        </measure>\r\n    </part>\r\n</mnx>",
        "image_url": "/static/examples/key-signatures.png",
        "is_featured": false
    }
},
{
    "model": "spec.exampledocument",
    "pk": 6,
    "fields": {
        "name": "Accidentals",
        "slug": "accidentals",
        "blurb": "",
        "document": "<mnx>\r\n    <global>\r\n        <measure>\r\n            <directions>\r\n                <time signature=\"4/4\"/>\r\n                <key fifths=\"-2\"/>\r\n            </directions>\r\n        </measure>\r\n        <measure/>\r\n        <measure/>\r\n    </global>\r\n    <part>\r\n        <part-name>Music</part-name>\r\n        <measure>\r\n            <directions>\r\n                <clef sign=\"G\" line=\"2\"/>\r\n            </directions>\r\n            <sequence>\r\n                <event value=\"/4\">\r\n                    <note pitch=\"F4\"/>\r\n                </event>\r\n                <event value=\"/4\">\r\n                    <note pitch=\"G4\"/>\r\n                </event>\r\n                <event value=\"/4\">\r\n                    <note pitch=\"G#4\" accidental=\"sharp\"/>\r\n                </event>\r\n                <event value=\"/4\">\r\n                    <note pitch=\"A4\"/>\r\n                </event>\r\n            </sequence>\r\n        </measure>\r\n        <measure>\r\n            <sequence>\r\n                <event value=\"/2\">\r\n                    <note pitch=\"Bb4\"/>\r\n                </event>\r\n                <event value=\"/4\">\r\n                    <note pitch=\"Db5\" accidental=\"flat\"/>\r\n                </event>\r\n                <event value=\"/4\">\r\n                    <note pitch=\"Db5\"/>\r\n                </event>\r\n            </sequence>\r\n        </measure>\r\n        <measure>\r\n            <sequence>\r\n                <event value=\"/1\">\r\n                    <note pitch=\"D5\" accidental=\"natural\"/>\r\n                </event>\r\n            </sequence>\r\n        </measure>\r\n    </part>\r\n</mnx>",
        "image_url": "/static/examples/accidentals.png",
        "is_featured": false
    }
},
{
    "model": "spec.exampledocument",
    "pk": 7,
    "fields": {
        "name": "Dotted notes (augmentation dots)",
        "slug": "dotted-notes",
        "blurb": "",
        "document": "<mnx>\r\n    <global>\r\n        <measure>\r\n            <directions>\r\n                <time signature=\"4/4\"/>\r\n            </directions>\r\n        </measure>\r\n    </global>\r\n    <part>\r\n        <part-name>Music</part-name>\r\n        <measure>\r\n            <directions>\r\n                <clef sign=\"G\" line=\"2\"/>\r\n            </directions>\r\n            <sequence>\r\n                <event value=\"/4d\">\r\n                    <note pitch=\"G4\"/>\r\n                    <note pitch=\"C5\"/>\r\n                </event>\r\n                <event value=\"/8\">\r\n                    <note pitch=\"E5\"/>\r\n                </event>\r\n                <event value=\"/4d\">\r\n                    <note pitch=\"F4\"/>\r\n                    <note pitch=\"D5\"/>\r\n                </event>\r\n                <event value=\"/8\">\r\n                    <note pitch=\"F5\"/>\r\n                </event>\r\n            </sequence>\r\n        </measure>\r\n    </part>\r\n</mnx>",
        "image_url": "/static/examples/dotted-notes.png",
        "is_featured": false
    }
},
{
    "model": "spec.exampledocument",
    "pk": 8,
    "fields": {
        "name": "Ties",
        "slug": "ties",
        "blurb": "",
        "document": "<mnx>\r\n    <global>\r\n        <measure>\r\n            <directions>\r\n                <time signature=\"4/4\"/>\r\n            </directions>\r\n        </measure>\r\n        <measure/>\r\n    </global>\r\n    <part>\r\n        <part-name>Music</part-name>\r\n        <measure>\r\n            <directions>\r\n                <clef sign=\"G\" line=\"2\"/>\r\n            </directions>\r\n            <sequence>\r\n                <event value=\"/4\">\r\n                    <note pitch=\"C5\"/>\r\n                </event>\r\n                <event value=\"/4\">\r\n                    <note pitch=\"E5\">\r\n                        <tied target=\"note3\"/>\r\n                    </note>\r\n                </event>\r\n                <event value=\"/4\">\r\n                    <note pitch=\"E5\" id=\"note3\"/>\r\n                </event>\r\n                <event value=\"/4\">\r\n                    <note pitch=\"C5\">\r\n                        <tied target=\"note5\"/>\r\n                    </note>\r\n                </event>\r\n            </sequence>\r\n        </measure>\r\n        <measure>\r\n            <sequence>\r\n                <event value=\"/2\">\r\n                    <note pitch=\"C5\" id=\"note5\">\r\n                        <tied target=\"note6\"/>\r\n                    </note>\r\n                </event>\r\n                <event value=\"/2\">\r\n                    <note pitch=\"C5\" id=\"note6\"/>\r\n                </event>\r\n            </sequence>\r\n        </measure>\r\n    </part>\r\n</mnx>",
        "image_url": "/static/examples/ties.png",
        "is_featured": false
    }
},
{
    "model": "spec.exampledocument",
    "pk": 9,
    "fields": {
        "name": "Beams",
        "slug": "beams",
        "blurb": "",
        "document": "<mnx>\r\n    <global>\r\n        <measure>\r\n            <directions>\r\n                <time signature=\"4/4\"/>\r\n            </directions>\r\n        </measure>\r\n        <measure/>\r\n    </global>\r\n    <part>\r\n        <part-name>Music</part-name>\r\n        <measure>\r\n            <directions>\r\n                <clef line=\"2\" sign=\"G\"/>\r\n            </directions>\r\n            <sequence>\r\n                <beams>\r\n                    <beam events=\"ev1 ev2 ev3 ev4\"/>\r\n                    <beam events=\"ev5 ev6 ev7 ev8\"/>\r\n                </beams>\r\n                <event id=\"ev1\" value=\"/8\">\r\n                    <note pitch=\"C5\"/>\r\n                </event>\r\n                <event id=\"ev2\" value=\"/8\">\r\n                    <note pitch=\"D5\"/>\r\n                </event>\r\n                <event id=\"ev3\" value=\"/8\">\r\n                    <note pitch=\"E5\"/>\r\n                </event>\r\n                <event id=\"ev4\" value=\"/8\">\r\n                    <note pitch=\"F5\"/>\r\n                </event>\r\n                <event id=\"ev5\" value=\"/8\">\r\n                    <note pitch=\"D4\"/>\r\n                </event>\r\n                <event id=\"ev6\" value=\"/8\">\r\n                    <note pitch=\"E4\"/>\r\n                </event>\r\n                <event id=\"ev7\" value=\"/8\">\r\n                    <note pitch=\"F4\"/>\r\n                </event>\r\n                <event id=\"ev8\" value=\"/8\">\r\n                    <note pitch=\"G4\"/>\r\n                </event>\r\n            </sequence>\r\n        </measure>\r\n        <measure>\r\n            <sequence>\r\n                <beams>\r\n                    <beam events=\"ev9 ev10 ev11 ev12 ev13\">\r\n                        <beam events=\"ev11 ev12\"/>\r\n                    </beam>\r\n                    <beam events=\"ev14 ev15\"/>\r\n                </beams>\r\n                <event id=\"ev9\" value=\"/8\">\r\n                    <note pitch=\"G4\"/>\r\n                </event>\r\n                <event id=\"ev10\" value=\"/8\">\r\n                    <rest/>\r\n                </event>\r\n                <event id=\"ev11\" value=\"/16\">\r\n                    <note pitch=\"D4\"/>\r\n                </event>\r\n                <event id=\"ev12\" value=\"/16\">\r\n                    <note pitch=\"E4\"/>\r\n                </event>\r\n                <event id=\"ev13\" value=\"/8\">\r\n                    <note pitch=\"G4\"/>\r\n                </event>\r\n                <event id=\"ev14\" value=\"/8\">\r\n                    <note pitch=\"E4\"/>\r\n                </event>\r\n                <event id=\"ev15\" value=\"/8\">\r\n                    <note pitch=\"D4\"/>\r\n                </event>\r\n                <event value=\"/4\">\r\n                    <note pitch=\"C4\"/>\r\n                </event>\r\n            </sequence>\r\n        </measure>\r\n    </part>\r\n</mnx>",
        "image_url": "/static/examples/beams.png",
        "is_featured": false
    }
},
{
    "model": "spec.exampledocument",
    "pk": 10,
    "fields": {
        "name": "Beams (secondary beam breaks)",
        "slug": "beams-secondary-beam-breaks",
        "blurb": "",
        "document": "<mnx>\r\n    <global>\r\n        <measure>\r\n            <directions>\r\n                <time signature=\"4/4\"/>\r\n            </directions>\r\n        </measure>\r\n    </global>\r\n    <part>\r\n        <part-name>Music</part-name>\r\n        <measure>\r\n            <directions>\r\n                <clef line=\"2\" sign=\"G\"/>\r\n            </directions>\r\n            <sequence>\r\n                <beams>\r\n                    <beam events=\"ev1 ev2 ev3 ev4 ev5 ev6 ev7 ev8\">\r\n                        <beam events=\"ev1 ev2 ev3 ev4\">\r\n                            <beam events=\"ev1 ev2 ev3 ev4\"/>\r\n                        </beam>\r\n                        <beam events=\"ev5 ev6 ev7 ev8\">\r\n                            <beam events=\"ev5 ev6 ev7 ev8\"/>\r\n                        </beam>\r\n                    </beam>\r\n                    <beam events=\"ev9 ev10 ev11 ev12 ev13 ev14 ev15 ev16\">\r\n                        <beam events=\"ev9 ev10 ev11 ev12\">\r\n                            <beam events=\"ev9 ev10\"/>\r\n                            <beam events=\"ev11 ev12\"/>\r\n                        </beam>\r\n                        <beam events=\"ev13 ev14 ev15 ev16\">\r\n                            <beam events=\"ev13 ev14\"/>\r\n                            <beam events=\"ev15 ev16\"/>\r\n                        </beam>\r\n                    </beam>\r\n                </beams>\r\n                <event id=\"ev1\" value=\"/32\">\r\n                    <note pitch=\"C5\"/>\r\n                </event>\r\n                <event id=\"ev2\" value=\"/32\">\r\n                    <note pitch=\"D5\"/>\r\n                </event>\r\n                <event id=\"ev3\" value=\"/32\">\r\n                    <note pitch=\"E5\"/>\r\n                </event>\r\n                <event id=\"ev4\" value=\"/32\">\r\n                    <note pitch=\"F5\"/>\r\n                </event>\r\n                <event id=\"ev5\" value=\"/32\">\r\n                    <note pitch=\"C5\"/>\r\n                </event>\r\n                <event id=\"ev6\" value=\"/32\">\r\n                    <note pitch=\"D5\"/>\r\n                </event>\r\n                <event id=\"ev7\" value=\"/32\">\r\n                    <note pitch=\"E5\"/>\r\n                </event>\r\n                <event id=\"ev8\" value=\"/32\">\r\n                    <note pitch=\"F5\"/>\r\n                </event>\r\n                <event id=\"ev9\" value=\"/32\">\r\n                    <note pitch=\"C5\"/>\r\n                </event>\r\n                <event id=\"ev10\" value=\"/32\">\r\n                    <note pitch=\"D5\"/>\r\n                </event>\r\n                <event id=\"ev11\" value=\"/32\">\r\n                    <note pitch=\"E5\"/>\r\n                </event>\r\n                <event id=\"ev12\" value=\"/32\">\r\n                    <note pitch=\"F5\"/>\r\n                </event>\r\n                <event id=\"ev13\" value=\"/32\">\r\n                    <note pitch=\"C5\"/>\r\n                </event>\r\n                <event id=\"ev14\" value=\"/32\">\r\n                    <note pitch=\"D5\"/>\r\n                </event>\r\n                <event id=\"ev15\" value=\"/32\">\r\n                    <note pitch=\"E5\"/>\r\n                </event>\r\n                <event id=\"ev16\" value=\"/32\">\r\n                    <note pitch=\"F5\"/>\r\n                </event>\r\n                <event value=\"/2\">\r\n                    <rest/>\r\n                </event>\r\n            </sequence>\r\n        </measure>\r\n    </part>\r\n</mnx>",
        "image_url": "/static/examples/beams-secondary-beam-breaks.png",
        "is_featured": false
    }
},
{
    "model": "spec.exampledocument",
    "pk": 11,
    "fields": {
        "name": "Beams (hooks)",
        "slug": "beam-hooks",
        "blurb": "",
        "document": "<mnx>\r\n    <global>\r\n        <measure>\r\n            <directions>\r\n                <time signature=\"4/4\"/>\r\n            </directions>\r\n        </measure>\r\n    </global>\r\n    <part>\r\n        <part-name>Music</part-name>\r\n        <measure>\r\n            <directions>\r\n                <clef line=\"2\" sign=\"G\"/>\r\n            </directions>\r\n            <sequence>\r\n                <beams>\r\n                    <beam events=\"ev1 ev2 ev3\">\r\n                        <beam-hook direction=\"right\" event=\"ev1\"/>\r\n                        <beam-hook direction=\"left\" event=\"ev3\"/>\r\n                    </beam>\r\n                    <beam events=\"ev4 ev5 ev6\">\r\n                        <beam-hook direction=\"right\" event=\"ev4\"/>\r\n                        <beam-hook direction=\"left\" event=\"ev6\"/>\r\n                    </beam>\r\n                    <beam events=\"ev7 ev8 ev9\">\r\n                        <beam-hook direction=\"right\" event=\"ev7\"/>\r\n                        <beam-hook direction=\"left\" event=\"ev9\"/>\r\n                    </beam>\r\n                </beams>\r\n                <event id=\"ev1\" value=\"/16\">\r\n                    <note pitch=\"C5\"/>\r\n                </event>\r\n                <event id=\"ev2\" value=\"/8\">\r\n                    <note pitch=\"D5\"/>\r\n                </event>\r\n                <event id=\"ev3\" value=\"/16\">\r\n                    <note pitch=\"C5\"/>\r\n                </event>\r\n                <event id=\"ev4\" value=\"/16\">\r\n                    <note pitch=\"E5\"/>\r\n                </event>\r\n                <event id=\"ev5\" value=\"/8\">\r\n                    <note pitch=\"F5\"/>\r\n                </event>\r\n                <event id=\"ev6\" value=\"/16\">\r\n                    <note pitch=\"E5\"/>\r\n                </event>\r\n                <event id=\"ev7\" value=\"/16\">\r\n                    <note pitch=\"G5\"/>\r\n                </event>\r\n                <event id=\"ev8\" value=\"/8\">\r\n                    <note pitch=\"A5\"/>\r\n                </event>\r\n                <event id=\"ev9\" value=\"/16\">\r\n                    <note pitch=\"G5\"/>\r\n                </event>\r\n                <event value=\"/4\">\r\n                    <note pitch=\"C6\"/>\r\n                </event>\r\n            </sequence>\r\n        </measure>\r\n    </part>\r\n</mnx>",
        "image_url": "/static/examples/beam-hooks.png",
        "is_featured": false
    }
},
{
    "model": "spec.exampledocument",
    "pk": 12,
    "fields": {
        "name": "Beams (with inner grace notes)",
        "slug": "beams-inner-grace-notes",
        "blurb": "",
        "document": "<mnx>\r\n    <global>\r\n        <measure>\r\n            <directions>\r\n                <time signature=\"4/4\"/>\r\n            </directions>\r\n        </measure>\r\n    </global>\r\n    <part>\r\n        <part-name>Music</part-name>\r\n        <measure>\r\n            <directions>\r\n                <clef line=\"2\" sign=\"G\"/>\r\n            </directions>\r\n            <sequence>\r\n                <beams>\r\n                    <beam events=\"ev1 ev3 ev4 ev5\"/>\r\n                </beams>\r\n                <event id=\"ev1\" value=\"/8\">\r\n                    <note pitch=\"C5\"/>\r\n                </event>\r\n                <grace>\r\n                    <event value=\"/8\">\r\n                        <note pitch=\"B4\"/>\r\n                    </event>\r\n                </grace>\r\n                <event id=\"ev3\" value=\"/8\">\r\n                    <note pitch=\"D5\"/>\r\n                </event>\r\n                <event id=\"ev4\" value=\"/8\">\r\n                    <note pitch=\"E5\"/>\r\n                </event>\r\n                <event id=\"ev5\" value=\"/8\">\r\n                    <note pitch=\"F5\"/>\r\n                </event>\r\n                <event value=\"/2\">\r\n                    <rest/>\r\n                </event>\r\n            </sequence>\r\n        </measure>\r\n    </part>\r\n</mnx>",
        "image_url": "/static/examples/beams-inner-grace-notes.png",
        "is_featured": false
    }
},
{
    "model": "spec.exampledocument",
    "pk": 13,
    "fields": {
        "name": "Beams (across barlines)",
        "slug": "beams-across-barlines",
        "blurb": "",
        "document": "<mnx>\r\n    <global>\r\n        <measure>\r\n            <directions>\r\n                <time signature=\"4/4\"/>\r\n            </directions>\r\n        </measure>\r\n        <measure/>\r\n    </global>\r\n    <part>\r\n        <part-name>Music</part-name>\r\n        <measure>\r\n            <directions>\r\n                <clef line=\"2\" sign=\"G\"/>\r\n            </directions>\r\n            <sequence>\r\n                <beams>\r\n                    <beam events=\"ev3 ev4 ev5 ev6\"/>\r\n                </beams>\r\n                <event value=\"/2\">\r\n                    <rest/>\r\n                </event>\r\n                <event value=\"/4\">\r\n                    <rest/>\r\n                </event>\r\n                <event id=\"ev3\" value=\"/8\">\r\n                    <note pitch=\"C5\"/>\r\n                </event>\r\n                <event id=\"ev4\" value=\"/8\">\r\n                    <note pitch=\"D5\"/>\r\n                </event>\r\n            </sequence>\r\n        </measure>\r\n        <measure>\r\n            <sequence>\r\n                <event id=\"ev5\" value=\"/8\">\r\n                    <note pitch=\"E5\"/>\r\n                </event>\r\n                <event id=\"ev6\" value=\"/8\">\r\n                    <note pitch=\"F5\"/>\r\n                </event>\r\n                <event value=\"/4\">\r\n                    <rest/>\r\n                </event>\r\n                <event value=\"/2\">\r\n                    <rest/>\r\n                </event>\r\n            </sequence>\r\n        </measure>\r\n    </part>\r\n</mnx>",
        "image_url": "/static/examples/beams-across-barlines.png",
        "is_featured": false
    }
},
{
    "model": "spec.exampledocument",
    "pk": 14,
    "fields": {
        "name": "Tuplets",
        "slug": "tuplets",
        "blurb": "",
        "document": "<mnx>\r\n    <global>\r\n        <measure>\r\n            <directions>\r\n                <time signature=\"4/4\"/>\r\n            </directions>\r\n        </measure>\r\n        <measure/>\r\n    </global>\r\n    <part>\r\n        <part-name>Music</part-name>\r\n        <measure>\r\n            <directions>\r\n                <clef line=\"2\" sign=\"G\"/>\r\n            </directions>\r\n            <sequence>\r\n                <beams>\r\n                    <beam events=\"event3 event4 event5\"/>\r\n                </beams>\r\n                <tuplet inner=\"3/8\" outer=\"2/8\">\r\n                    <event value=\"/4\">\r\n                        <note pitch=\"C5\"/>\r\n                    </event>\r\n                    <event value=\"/8\">\r\n                        <note pitch=\"G4\"/>\r\n                    </event>\r\n                </tuplet>\r\n                <tuplet inner=\"3/8\" outer=\"2/8\">\r\n                    <event id=\"event3\" value=\"/8\">\r\n                        <note pitch=\"E4\"/>\r\n                    </event>\r\n                    <event id=\"event4\" value=\"/8\">\r\n                        <note pitch=\"F4\"/>\r\n                    </event>\r\n                    <event id=\"event5\" value=\"/8\">\r\n                        <note pitch=\"G4\"/>\r\n                    </event>\r\n                </tuplet>\r\n                <event value=\"/4\">\r\n                    <note pitch=\"E5\"/>\r\n                </event>\r\n                <event value=\"/4\">\r\n                    <note pitch=\"D5\"/>\r\n                </event>\r\n            </sequence>\r\n        </measure>\r\n        <measure>\r\n            <sequence>\r\n                <tuplet inner=\"6/4\" outer=\"4/4\">\r\n                    <event value=\"/4\">\r\n                        <note pitch=\"C5\"/>\r\n                    </event>\r\n                    <event value=\"/4\">\r\n                        <note pitch=\"D5\"/>\r\n                    </event>\r\n                    <event value=\"/4\">\r\n                        <note pitch=\"C5\"/>\r\n                    </event>\r\n                    <event value=\"/4\">\r\n                        <note pitch=\"G4\"/>\r\n                    </event>\r\n                    <event value=\"/4\">\r\n                        <note pitch=\"E5\"/>\r\n                    </event>\r\n                    <event value=\"/4\">\r\n                        <note pitch=\"C5\"/>\r\n                    </event>\r\n                </tuplet>\r\n            </sequence>\r\n        </measure>\r\n    </part>\r\n</mnx>",
        "image_url": "/static/examples/tuplets.png",
        "is_featured": false
    }
},
{
    "model": "spec.exampledocument",
    "pk": 15,
    "fields": {
        "name": "Multiple voices",
        "slug": "multiple-voices",
        "blurb": "",
        "document": "<mnx>\r\n    <global>\r\n        <measure>\r\n            <directions>\r\n                <time signature=\"4/4\"/>\r\n            </directions>\r\n        </measure>\r\n        <measure/>\r\n    </global>\r\n    <part>\r\n        <part-name>Music</part-name>\r\n        <measure>\r\n            <directions>\r\n                <clef sign=\"G\" line=\"2\"/>\r\n            </directions>\r\n            <sequence>\r\n                <event value=\"/2\">\r\n                    <note pitch=\"C4\"/>\r\n                </event>\r\n                <event value=\"/2\">\r\n                    <note pitch=\"G3\"/>\r\n                </event>\r\n            </sequence>\r\n            <sequence>\r\n                <event value=\"/4\">\r\n                    <note pitch=\"E5\"/>\r\n                </event>\r\n                <event value=\"/4\">\r\n                    <note pitch=\"F5\"/>\r\n                </event>\r\n                <event value=\"/4\">\r\n                    <note pitch=\"G5\"/>\r\n                </event>\r\n                <event value=\"/4\">\r\n                    <note pitch=\"B4\"/>\r\n                </event>\r\n            </sequence>\r\n        </measure>\r\n        <measure>\r\n            <sequence>\r\n                <event value=\"/1\">\r\n                    <note pitch=\"C4\"/>\r\n                </event>\r\n            </sequence>\r\n            <sequence>\r\n                <event value=\"/4\">\r\n                    <note pitch=\"D5\"/>\r\n                </event>\r\n                <event value=\"/4\">\r\n                    <note pitch=\"C5\"/>\r\n                </event>\r\n                <event value=\"/2\">\r\n                    <note pitch=\"C6\"/>\r\n                </event>\r\n            </sequence>\r\n        </measure>\r\n    </part>\r\n</mnx>",
        "image_url": "/static/examples/multiple-voices.png",
        "is_featured": true
    }
},
{
    "model": "spec.exampledocument",
    "pk": 16,
    "fields": {
        "name": "Octave shifts (8va)",
        "slug": "octave-shifts-8va",
        "blurb": "",
        "document": "<mnx>\r\n    <global>\r\n        <measure>\r\n            <directions>\r\n                <time signature=\"4/4\"/>\r\n            </directions>\r\n        </measure>\r\n        <measure/>\r\n    </global>\r\n    <part>\r\n        <part-name>Music</part-name>\r\n        <measure>\r\n            <directions>\r\n                <clef sign=\"G\" line=\"2\"/>\r\n            </directions>\r\n            <sequence>\r\n                <event value=\"/4\">\r\n                    <note pitch=\"C5\"/>\r\n                </event>\r\n                <event value=\"/4\">\r\n                    <note pitch=\"E5\"/>\r\n                </event>\r\n                <directions>\r\n                    <octave-shift type=\"-8\" end=\"2:1/2\" />\r\n                </directions>\r\n                <event value=\"/2\">\r\n                    <note pitch=\"C7\"/>\r\n                </event>\r\n            </sequence>\r\n        </measure>\r\n        <measure>\r\n            <sequence>\r\n                <event value=\"/2\">\r\n                    <note pitch=\"E7\"/>\r\n                </event>\r\n                <event value=\"/4\">\r\n                    <note pitch=\"C7\"/>\r\n                </event>\r\n                <event value=\"/4\">\r\n                    <note pitch=\"C6\"/>\r\n                </event>\r\n            </sequence>\r\n        </measure>\r\n    </part>\r\n</mnx>",
        "image_url": "/static/examples/octave-shifts-8va.png",
        "is_featured": false
    }
},
{
    "model": "spec.exampledocument",
    "pk": 17,
    "fields": {
        "name": "Slurs",
        "slug": "slurs",
        "blurb": "",
        "document": "<mnx>\r\n    <global>\r\n        <measure>\r\n            <directions>\r\n                <time signature=\"4/4\"/>\r\n            </directions>\r\n        </measure>\r\n        <measure/>\r\n    </global>\r\n    <part>\r\n        <part-name>Music</part-name>\r\n        <measure>\r\n            <directions>\r\n                <clef sign=\"G\" line=\"2\"/>\r\n            </directions>\r\n            <sequence>\r\n                <event value=\"/4\" id=\"event1\">\r\n                    <note pitch=\"C5\"/>\r\n                    <slur side=\"up\" target=\"event4\" />\r\n                </event>\r\n                <event value=\"/4\" id=\"event2\">\r\n                    <note pitch=\"D5\"/>\r\n                </event>\r\n                <event value=\"/4\" id=\"event3\">\r\n                    <note pitch=\"E5\"/>\r\n                </event>\r\n                <event value=\"/4\" id=\"event4\">\r\n                    <note pitch=\"C5\"/>\r\n                </event>\r\n            </sequence>\r\n        </measure>\r\n        <measure>\r\n            <sequence>\r\n                <event value=\"/4\" id=\"event5\">\r\n                    <note pitch=\"G4\"/>\r\n                    <slur side=\"down\" target=\"event8\" />\r\n                </event>\r\n                <event value=\"/4\" id=\"event6\">\r\n                    <note pitch=\"A4\"/>\r\n                </event>\r\n                <event value=\"/4\" id=\"event7\">\r\n                    <note pitch=\"G4\"/>\r\n                </event>\r\n                <event value=\"/4\" id=\"event8\">\r\n                    <note pitch=\"E4\"/>\r\n                </event>\r\n            </sequence>\r\n        </measure>\r\n    </part>\r\n</mnx>",
        "image_url": "/static/examples/slurs.png",
        "is_featured": false
    }
},
{
    "model": "spec.exampledocument",
    "pk": 18,
    "fields": {
        "name": "Slurs (for chords)",
        "slug": "slurs-chords",
        "blurb": "",
        "document": "<mnx>\r\n    <global>\r\n        <measure>\r\n            <directions>\r\n                <time signature=\"4/4\"/>\r\n            </directions>\r\n        </measure>\r\n    </global>\r\n    <part>\r\n        <part-name>Music</part-name>\r\n        <measure>\r\n            <directions>\r\n                <clef sign=\"G\" line=\"2\"/>\r\n            </directions>\r\n            <sequence>\r\n                <event value=\"/4\" id=\"event1\">\r\n                    <slur side=\"up\" target=\"event4\" />\r\n                    <note pitch=\"C5\"/>\r\n                    <note pitch=\"E5\"/>\r\n                </event>\r\n                <event value=\"/4\" id=\"event2\">\r\n                    <note pitch=\"D5\"/>\r\n                    <note pitch=\"F5\"/>\r\n                </event>\r\n                <event value=\"/4\" id=\"event3\">\r\n                    <note pitch=\"E5\"/>\r\n                    <note pitch=\"G5\"/>\r\n                </event>\r\n                <event value=\"/4\" id=\"event4\">\r\n                    <note pitch=\"F5\"/>\r\n                    <note pitch=\"A5\"/>\r\n                </event>\r\n            </sequence>\r\n        </measure>\r\n    </part>\r\n</mnx>",
        "image_url": "/static/examples/slurs-chords.png",
        "is_featured": false
    }
},
{
    "model": "spec.exampledocument",
    "pk": 19,
    "fields": {
        "name": "Slurs (targeting specific notes)",
        "slug": "slurs-targeting-specific-notes",
        "blurb": "",
        "document": "<mnx>\r\n    <global>\r\n        <measure>\r\n            <directions>\r\n                <time signature=\"4/4\"/>\r\n            </directions>\r\n        </measure>\r\n    </global>\r\n    <part>\r\n        <part-name>Music</part-name>\r\n        <measure>\r\n            <directions>\r\n                <clef sign=\"G\" line=\"2\"/>\r\n            </directions>\r\n            <sequence>\r\n                <event value=\"/2\" id=\"event1\">\r\n                    <note pitch=\"C5\" id=\"note1\"/>\r\n                    <note pitch=\"E5\" id=\"note2\"/>\r\n                    <note pitch=\"G5\" id=\"note3\"/>\r\n                    <slur side=\"down\" target=\"event2\"\r\n                        start-note=\"note1\" end-note=\"note4\"/>\r\n                    <slur side=\"up\" target=\"event2\"\r\n                        start-note=\"note2\" end-note=\"note5\"/>\r\n                    <slur side=\"up\" target=\"event2\"\r\n                        start-note=\"note3\" end-note=\"note6\"/>\r\n                </event>\r\n                <event value=\"/2\" id=\"event2\">\r\n                    <note pitch=\"B4\" id=\"note4\"/>\r\n                    <note pitch=\"D5\" id=\"note5\"/>\r\n                    <note pitch=\"F5\" id=\"note6\"/>\r\n                </event>\r\n            </sequence>\r\n        </measure>\r\n    </part>\r\n</mnx>",
        "image_url": "/static/examples/slurs-targeting-specific-notes.png",
        "is_featured": false
    }
},
{
    "model": "spec.exampledocument",
    "pk": 20,
    "fields": {
        "name": "Slurs (incomplete slurs)",
        "slug": "slurs-incomplete-slurs",
        "blurb": "",
        "document": "<mnx>\r\n    <global>\r\n        <measure>\r\n            <directions>\r\n                <time signature=\"4/4\"/>\r\n            </directions>\r\n        </measure>\r\n    </global>\r\n    <part>\r\n        <part-name>Music</part-name>\r\n        <measure>\r\n            <directions>\r\n                <clef sign=\"G\" line=\"2\"/>\r\n            </directions>\r\n            <sequence>\r\n                <event value=\"/2\">\r\n                    <note pitch=\"C5\"/>\r\n                </event>\r\n                <event value=\"/2\">\r\n                    <note pitch=\"D5\"/>\r\n                    <slur side=\"up\" location=\"outgoing\"/>\r\n                </event>\r\n            </sequence>\r\n        </measure>\r\n    </part>\r\n</mnx>",
        "image_url": "/static/examples/slurs-incomplete-slurs.png",
        "is_featured": false
    }
},
{
    "model": "spec.exampledocument",
    "pk": 21,
    "fields": {
        "name": "Parts",
        "slug": "parts",
        "blurb": "",
        "document": "<mnx>\r\n    <global>\r\n        <measure>\r\n            <directions>\r\n                <time signature=\"4/4\"/>\r\n            </directions>\r\n        </measure>\r\n        <measure/>\r\n    </global>\r\n    <part>\r\n        <part-name>Melody</part-name>\r\n        <measure>\r\n            <directions>\r\n                <clef line=\"2\" sign=\"G\"/>\r\n            </directions>\r\n            <sequence>\r\n                <event value=\"/4\">\r\n                    <note pitch=\"C5\"/>\r\n                </event>\r\n                <event value=\"/4\">\r\n                    <note pitch=\"D5\"/>\r\n                </event>\r\n                <event value=\"/4\">\r\n                    <note pitch=\"E5\"/>\r\n                </event>\r\n                <event value=\"/4\">\r\n                    <note pitch=\"G5\"/>\r\n                </event>\r\n            </sequence>\r\n        </measure>\r\n        <measure>\r\n            <sequence>\r\n                <event value=\"/4\">\r\n                    <note pitch=\"C5\"/>\r\n                </event>\r\n                <event value=\"/4\">\r\n                    <note pitch=\"D5\"/>\r\n                </event>\r\n                <event value=\"/4\">\r\n                    <note pitch=\"E5\"/>\r\n                </event>\r\n                <event value=\"/4\">\r\n                    <note pitch=\"C5\"/>\r\n                </event>\r\n            </sequence>\r\n        </measure>\r\n    </part>\r\n    <part>\r\n        <part-name>Harmony</part-name>\r\n        <measure>\r\n            <directions>\r\n                <clef line=\"2\" sign=\"G\"/>\r\n            </directions>\r\n            <sequence>\r\n                <beams>\r\n                    <beam events=\"event6 event7 event8 event9\"/>\r\n                </beams>\r\n                <event value=\"/2\">\r\n                    <rest/>\r\n                </event>\r\n                <event id=\"event6\" value=\"/8\">\r\n                    <note pitch=\"C5\"/>\r\n                </event>\r\n                <event id=\"event7\" value=\"/8\">\r\n                    <note pitch=\"D5\"/>\r\n                </event>\r\n                <event id=\"event8\" value=\"/8\">\r\n                    <note pitch=\"E5\"/>\r\n                </event>\r\n                <event id=\"event9\" value=\"/8\">\r\n                    <note pitch=\"D5\"/>\r\n                </event>\r\n            </sequence>\r\n        </measure>\r\n        <measure>\r\n            <sequence>\r\n                <event value=\"/2\">\r\n                    <rest/>\r\n                </event>\r\n                <event value=\"/4\">\r\n                    <note pitch=\"G5\"/>\r\n                </event>\r\n                <event value=\"/4\">\r\n                    <note pitch=\"E5\"/>\r\n                </event>\r\n            </sequence>\r\n        </measure>\r\n    </part>\r\n</mnx>",
        "image_url": "/static/examples/parts.png",
        "is_featured": true
    }
},
{
    "model": "spec.exampledocument",
    "pk": 22,
    "fields": {
        "name": "Repeats",
        "slug": "repeats",
        "blurb": "",
        "document": "<mnx>\r\n    <global>\r\n        <measure>\r\n            <directions>\r\n                <time signature=\"4/4\"/>\r\n                <repeat type=\"start\"/>\r\n                <repeat type=\"end\"/>\r\n            </directions>\r\n        </measure>\r\n    </global>\r\n    <part>\r\n        <part-name>Music</part-name>\r\n        <measure>\r\n            <directions>\r\n                <clef sign=\"G\" line=\"2\"/>\r\n            </directions>\r\n            <sequence>\r\n                <event value=\"/1\">\r\n                    <note pitch=\"C5\"/>\r\n                </event>\r\n            </sequence>\r\n        </measure>\r\n    </part>\r\n</mnx>",
        "image_url": "/static/examples/repeats.png",
        "is_featured": false
    }
},
{
    "model": "spec.exampledocument",
    "pk": 23,
    "fields": {
        "name": "Repeats (with implied start repeat)",
        "slug": "repeats-implied-start-repeat",
        "blurb": "",
        "document": "<mnx>\r\n    <global>\r\n        <measure>\r\n            <directions>\r\n                <time signature=\"4/4\"/>\r\n                <repeat type=\"end\"/>\r\n            </directions>\r\n        </measure>\r\n    </global>\r\n    <part>\r\n        <part-name>Music</part-name>\r\n        <measure>\r\n            <directions>\r\n                <clef sign=\"G\" line=\"2\"/>\r\n            </directions>\r\n            <sequence>\r\n                <event value=\"/1\">\r\n                    <note pitch=\"C5\"/>\r\n                </event>\r\n            </sequence>\r\n        </measure>\r\n    </part>\r\n</mnx>",
        "image_url": "/static/examples/repeats-implied-start-repeat.png",
        "is_featured": false
    }
},
{
    "model": "spec.exampledocument",
    "pk": 24,
    "fields": {
        "name": "Repeats (more than once repeated)",
        "slug": "repeats-more-once-repeated",
        "blurb": "",
        "document": "<mnx>\r\n    <global>\r\n        <measure>\r\n            <directions>\r\n                <time signature=\"4/4\"/>\r\n                <repeat type=\"end\" times=\"4\"/>\r\n            </directions>\r\n        </measure>\r\n    </global>\r\n    <part>\r\n        <part-name>Music</part-name>\r\n        <measure>\r\n            <directions>\r\n                <clef sign=\"G\" line=\"2\"/>\r\n            </directions>\r\n            <sequence>\r\n                <event value=\"/1\">\r\n                    <note pitch=\"C5\"/>\r\n                </event>\r\n            </sequence>\r\n        </measure>\r\n    </part>\r\n</mnx>",
        "image_url": "/static/examples/repeats-more-once-repeated.png",
        "is_featured": false
    }
},
{
    "model": "spec.exampledocument",
    "pk": 25,
    "fields": {
        "name": "Repeats (with alternate endings, simple)",
        "slug": "repeats-alternate-endings-simple",
        "blurb": "",
        "document": "<mnx>\r\n    <global>\r\n        <measure>\r\n            <directions>\r\n                <time signature=\"4/4\"/>\r\n                <repeat type=\"start\"/>\r\n            </directions>\r\n        </measure>\r\n        <measure>\r\n            <directions>\r\n                <repeat type=\"end\"/>\r\n                <ending type=\"start\" number=\"1\"/>\r\n                <ending type=\"stop\"/>\r\n            </directions>\r\n        </measure>\r\n        <measure>\r\n            <directions>\r\n                <repeat type=\"end\"/>\r\n                <ending type=\"start\" number=\"2\"/>\r\n                <ending type=\"stop\"/>\r\n            </directions>\r\n        </measure>\r\n        <measure>\r\n            <directions>\r\n                <ending type=\"start\" number=\"3\"/>\r\n                <ending type=\"discontinue\"/>\r\n            </directions>\r\n        </measure>\r\n    </global>\r\n    <part>\r\n        <part-name>Music</part-name>\r\n        <measure>\r\n            <directions>\r\n                <clef sign=\"G\" line=\"2\"/>\r\n            </directions>\r\n            <sequence>\r\n                <event value=\"/1\">\r\n                    <note pitch=\"C5\"/>\r\n                </event>\r\n            </sequence>\r\n        </measure>\r\n        <measure>\r\n            <sequence>\r\n                <event value=\"/1\">\r\n                    <note pitch=\"E5\"/>\r\n                </event>\r\n            </sequence>\r\n        </measure>\r\n        <measure>\r\n            <sequence>\r\n                <event value=\"/1\">\r\n                    <note pitch=\"G4\"/>\r\n                </event>\r\n            </sequence>\r\n        </measure>\r\n        <measure>\r\n            <sequence>\r\n                <event value=\"/1\">\r\n                    <note pitch=\"C5\"/>\r\n                </event>\r\n            </sequence>\r\n        </measure>\r\n    </part>\r\n</mnx>",
        "image_url": "/static/examples/repeats-alternate-endings-simple.png",
        "is_featured": false
    }
},
{
    "model": "spec.exampledocument",
    "pk": 26,
    "fields": {
        "name": "Repeats (with alternate endings, advanced)",
        "slug": "repeats-alternate-endings-advanced",
        "blurb": "",
        "document": "<mnx>\r\n    <global>\r\n        <measure>\r\n            <directions>\r\n                <time signature=\"3/4\"/>\r\n                <repeat type=\"start\"/>\r\n            </directions>\r\n        </measure>\r\n        <measure>\r\n            <directions>\r\n                <ending type=\"start\" number=\"1,2\"/>\r\n            </directions>\r\n        </measure>\r\n        <measure>\r\n            <directions>\r\n                <repeat type=\"end\"/>\r\n                <ending type=\"stop\"/>\r\n            </directions>\r\n        </measure>\r\n        <measure>\r\n            <directions>\r\n                <ending type=\"start\" number=\"3\"/>\r\n            </directions>\r\n        </measure>\r\n        <measure>\r\n            <directions>\r\n                <ending type=\"discontinue\"/>\r\n            </directions>\r\n        </measure>\r\n        <measure/>\r\n    </global>\r\n    <part>\r\n        <part-name>Music</part-name>\r\n        <measure>\r\n            <directions>\r\n                <clef sign=\"G\" line=\"2\"/>\r\n            </directions>\r\n            <sequence>\r\n                <event value=\"/2d\">\r\n                    <note pitch=\"C5\"/>\r\n                </event>\r\n            </sequence>\r\n        </measure>\r\n        <measure>\r\n            <sequence>\r\n                <event value=\"/2d\">\r\n                    <note pitch=\"E5\"/>\r\n                </event>\r\n            </sequence>\r\n        </measure>\r\n        <measure>\r\n            <sequence>\r\n                <event value=\"/2\">\r\n                    <note pitch=\"E5\"/>\r\n                </event>\r\n                <event value=\"/4\">\r\n                    <note pitch=\"D5\"/>\r\n                </event>\r\n            </sequence>\r\n        </measure>\r\n        <measure>\r\n            <sequence>\r\n                <event value=\"/2d\">\r\n                    <note pitch=\"G5\"/>\r\n                </event>\r\n            </sequence>\r\n        </measure>\r\n        <measure>\r\n            <sequence>\r\n                <event value=\"/2\">\r\n                    <note pitch=\"G5\"/>\r\n                </event>\r\n                <event value=\"/4\">\r\n                    <note pitch=\"F5\"/>\r\n                </event>\r\n            </sequence>\r\n        </measure>\r\n        <measure>\r\n            <sequence>\r\n                <event value=\"/2d\">\r\n                    <note pitch=\"E5\"/>\r\n                </event>\r\n            </sequence>\r\n        </measure>\r\n    </part>\r\n</mnx>",
        "image_url": "/static/examples/repeats-alternate-endings-advanced.png",
        "is_featured": false
    }
},
{
    "model": "spec.exampledocument",
    "pk": 27,
    "fields": {
        "name": "Jumps (Dal Segno)",
        "slug": "jumps-dal-segno",
        "blurb": "",
        "document": "<mnx>\r\n    <global>\r\n        <measure>\r\n            <directions>\r\n                <time signature=\"4/4\"/>\r\n            </directions>\r\n        </measure>\r\n        <measure>\r\n            <directions>\r\n                <segno/>\r\n            </directions>\r\n        </measure>\r\n        <measure/>\r\n        <measure/>\r\n        <measure>\r\n            <directions>\r\n                <jump type=\"segno\"/>\r\n            </directions>\r\n        </measure>\r\n    </global>\r\n    <part>\r\n        <part-name>Music</part-name>\r\n        <measure>\r\n            <directions>\r\n                <clef sign=\"G\" line=\"2\"/>\r\n            </directions>\r\n            <sequence>\r\n                <event value=\"/1\">\r\n                    <note pitch=\"C5\"/>\r\n                </event>\r\n            </sequence>\r\n        </measure>\r\n        <measure>\r\n            <sequence>\r\n                <event value=\"/1\">\r\n                    <note pitch=\"E5\"/>\r\n                </event>\r\n            </sequence>\r\n        </measure>\r\n        <measure>\r\n            <sequence>\r\n                <event value=\"/1\">\r\n                    <note pitch=\"C5\"/>\r\n                </event>\r\n            </sequence>\r\n        </measure>\r\n        <measure>\r\n            <sequence>\r\n                <event value=\"/1\">\r\n                    <note pitch=\"F5\"/>\r\n                </event>\r\n            </sequence>\r\n        </measure>\r\n        <measure>\r\n            <sequence>\r\n                <event value=\"/1\">\r\n                    <note pitch=\"C5\"/>\r\n                </event>\r\n            </sequence>\r\n        </measure>\r\n    </part>\r\n</mnx>",
        "image_url": "/static/examples/jumps-dal-segno.png",
        "is_featured": false
    }
},
{
    "model": "spec.exampledocument",
    "pk": 28,
    "fields": {
        "name": "Jumps (D.S. al Fine)",
        "slug": "jumps-ds-al-fine",
        "blurb": "",
        "document": "<mnx>\r\n    <global>\r\n        <measure>\r\n            <directions>\r\n                <time signature=\"4/4\"/>\r\n            </directions>\r\n        </measure>\r\n        <measure>\r\n            <directions>\r\n                <segno/>\r\n            </directions>\r\n        </measure>\r\n        <measure>\r\n            <directions>\r\n                <fine/>\r\n            </directions>\r\n        </measure>\r\n        <measure/>\r\n        <measure>\r\n            <directions>\r\n                <jump type=\"dsalfine\"/>\r\n            </directions>\r\n        </measure>\r\n    </global>\r\n    <part>\r\n        <part-name>Music</part-name>\r\n        <measure>\r\n            <directions>\r\n                <clef sign=\"G\" line=\"2\"/>\r\n            </directions>\r\n            <sequence>\r\n                <event value=\"/1\">\r\n                    <note pitch=\"C5\"/>\r\n                </event>\r\n            </sequence>\r\n        </measure>\r\n        <measure>\r\n            <sequence>\r\n                <event value=\"/1\">\r\n                    <note pitch=\"E5\"/>\r\n                </event>\r\n            </sequence>\r\n        </measure>\r\n        <measure>\r\n            <sequence>\r\n                <event value=\"/1\">\r\n                    <note pitch=\"C5\"/>\r\n                </event>\r\n            </sequence>\r\n        </measure>\r\n        <measure>\r\n            <sequence>\r\n                <event value=\"/1\">\r\n                    <note pitch=\"F5\"/>\r\n                </event>\r\n            </sequence>\r\n        </measure>\r\n        <measure>\r\n            <sequence>\r\n                <event value=\"/1\">\r\n                    <note pitch=\"C5\"/>\r\n                </event>\r\n            </sequence>\r\n        </measure>\r\n    </part>\r\n</mnx>",
        "image_url": "/static/examples/jumps-ds-al-fine.png",
        "is_featured": false
    }
},
{
    "model": "spec.exampledocumentconcept",
    "pk": 1,
    "fields": {
        "example": 28,
        "concept": 4
    }
},
{
    "model": "spec.exampledocumentconcept",
    "pk": 2,
    "fields": {
        "example": 27,
        "concept": 4
    }
},
{
    "model": "spec.exampledocumentconcept",
    "pk": 3,
    "fields": {
        "example": 9,
        "concept": 1
    }
},
{
    "model": "spec.exampledocumentconcept",
    "pk": 4,
    "fields": {
        "example": 10,
        "concept": 1
    }
},
{
    "model": "spec.exampledocumentconcept",
    "pk": 5,
    "fields": {
        "example": 11,
        "concept": 1
    }
},
{
    "model": "spec.exampledocumentconcept",
    "pk": 6,
    "fields": {
        "example": 12,
        "concept": 1
    }
},
{
    "model": "spec.exampledocumentconcept",
    "pk": 7,
    "fields": {
        "example": 13,
        "concept": 1
    }
},
{
    "model": "spec.exampledocumentconcept",
    "pk": 8,
    "fields": {
        "example": 26,
        "concept": 2
    }
},
{
    "model": "spec.exampledocumentconcept",
    "pk": 9,
    "fields": {
        "example": 25,
        "concept": 2
    }
},
{
    "model": "spec.exampledocumentconcept",
    "pk": 10,
    "fields": {
        "example": 24,
        "concept": 2
    }
},
{
    "model": "spec.exampledocumentconcept",
    "pk": 11,
    "fields": {
        "example": 23,
        "concept": 2
    }
},
{
    "model": "spec.exampledocumentconcept",
    "pk": 12,
    "fields": {
        "example": 22,
        "concept": 2
    }
},
{
    "model": "spec.exampledocumentconcept",
    "pk": 13,
    "fields": {
        "example": 17,
        "concept": 3
    }
},
{
    "model": "spec.exampledocumentconcept",
    "pk": 14,
    "fields": {
        "example": 18,
        "concept": 3
    }
},
{
    "model": "spec.exampledocumentconcept",
    "pk": 15,
    "fields": {
        "example": 19,
        "concept": 3
    }
},
{
    "model": "spec.exampledocumentconcept",
    "pk": 16,
    "fields": {
        "example": 20,
        "concept": 3
    }
},
{
    "model": "spec.exampledocumentelement",
    "pk": 1,
    "fields": {
        "example": 1,
        "element_name": "measure"
    }
},
{
    "model": "spec.exampledocumentelement",
    "pk": 2,
    "fields": {
        "example": 1,
        "element_name": "sequence"
    }
},
{
    "model": "spec.exampledocumentelement",
    "pk": 3,
    "fields": {
        "example": 1,
        "element_name": "mnx"
    }
},
{
    "model": "spec.exampledocumentelement",
    "pk": 4,
    "fields": {
        "example": 1,
        "element_name": "time"
    }
},
{
    "model": "spec.exampledocumentelement",
    "pk": 5,
    "fields": {
        "example": 1,
        "element_name": "global"
    }
},
{
    "model": "spec.exampledocumentelement",
    "pk": 6,
    "fields": {
        "example": 1,
        "element_name": "clef"
    }
},
{
    "model": "spec.exampledocumentelement",
    "pk": 7,
    "fields": {
        "example": 1,
        "element_name": "note"
    }
},
{
    "model": "spec.exampledocumentelement",
    "pk": 8,
    "fields": {
        "example": 1,
        "element_name": "part"
    }
},
{
    "model": "spec.exampledocumentelement",
    "pk": 9,
    "fields": {
        "example": 1,
        "element_name": "directions"
    }
},
{
    "model": "spec.exampledocumentelement",
    "pk": 10,
    "fields": {
        "example": 1,
        "element_name": "part-name"
    }
},
{
    "model": "spec.exampledocumentelement",
    "pk": 11,
    "fields": {
        "example": 1,
        "element_name": "event"
    }
},
{
    "model": "spec.exampledocumentelement",
    "pk": 12,
    "fields": {
        "example": 2,
        "element_name": "measure"
    }
},
{
    "model": "spec.exampledocumentelement",
    "pk": 13,
    "fields": {
        "example": 2,
        "element_name": "sequence"
    }
},
{
    "model": "spec.exampledocumentelement",
    "pk": 14,
    "fields": {
        "example": 2,
        "element_name": "mnx"
    }
},
{
    "model": "spec.exampledocumentelement",
    "pk": 15,
    "fields": {
        "example": 2,
        "element_name": "time"
    }
},
{
    "model": "spec.exampledocumentelement",
    "pk": 16,
    "fields": {
        "example": 2,
        "element_name": "global"
    }
},
{
    "model": "spec.exampledocumentelement",
    "pk": 17,
    "fields": {
        "example": 2,
        "element_name": "clef"
    }
},
{
    "model": "spec.exampledocumentelement",
    "pk": 18,
    "fields": {
        "example": 2,
        "element_name": "note"
    }
},
{
    "model": "spec.exampledocumentelement",
    "pk": 19,
    "fields": {
        "example": 2,
        "element_name": "part"
    }
},
{
    "model": "spec.exampledocumentelement",
    "pk": 20,
    "fields": {
        "example": 2,
        "element_name": "directions"
    }
},
{
    "model": "spec.exampledocumentelement",
    "pk": 21,
    "fields": {
        "example": 2,
        "element_name": "part-name"
    }
},
{
    "model": "spec.exampledocumentelement",
    "pk": 22,
    "fields": {
        "example": 2,
        "element_name": "event"
    }
},
{
    "model": "spec.exampledocumentelement",
    "pk": 23,
    "fields": {
        "example": 3,
        "element_name": "measure"
    }
},
{
    "model": "spec.exampledocumentelement",
    "pk": 24,
    "fields": {
        "example": 3,
        "element_name": "sequence"
    }
},
{
    "model": "spec.exampledocumentelement",
    "pk": 25,
    "fields": {
        "example": 3,
        "element_name": "mnx"
    }
},
{
    "model": "spec.exampledocumentelement",
    "pk": 26,
    "fields": {
        "example": 3,
        "element_name": "time"
    }
},
{
    "model": "spec.exampledocumentelement",
    "pk": 27,
    "fields": {
        "example": 3,
        "element_name": "global"
    }
},
{
    "model": "spec.exampledocumentelement",
    "pk": 28,
    "fields": {
        "example": 3,
        "element_name": "rest"
    }
},
{
    "model": "spec.exampledocumentelement",
    "pk": 29,
    "fields": {
        "example": 3,
        "element_name": "clef"
    }
},
{
    "model": "spec.exampledocumentelement",
    "pk": 30,
    "fields": {
        "example": 3,
        "element_name": "note"
    }
},
{
    "model": "spec.exampledocumentelement",
    "pk": 31,
    "fields": {
        "example": 3,
        "element_name": "part"
    }
},
{
    "model": "spec.exampledocumentelement",
    "pk": 32,
    "fields": {
        "example": 3,
        "element_name": "directions"
    }
},
{
    "model": "spec.exampledocumentelement",
    "pk": 33,
    "fields": {
        "example": 3,
        "element_name": "part-name"
    }
},
{
    "model": "spec.exampledocumentelement",
    "pk": 34,
    "fields": {
        "example": 3,
        "element_name": "event"
    }
},
{
    "model": "spec.exampledocumentelement",
    "pk": 35,
    "fields": {
        "example": 4,
        "element_name": "measure"
    }
},
{
    "model": "spec.exampledocumentelement",
    "pk": 36,
    "fields": {
        "example": 4,
        "element_name": "sequence"
    }
},
{
    "model": "spec.exampledocumentelement",
    "pk": 37,
    "fields": {
        "example": 4,
        "element_name": "mnx"
    }
},
{
    "model": "spec.exampledocumentelement",
    "pk": 38,
    "fields": {
        "example": 4,
        "element_name": "time"
    }
},
{
    "model": "spec.exampledocumentelement",
    "pk": 39,
    "fields": {
        "example": 4,
        "element_name": "global"
    }
},
{
    "model": "spec.exampledocumentelement",
    "pk": 40,
    "fields": {
        "example": 4,
        "element_name": "clef"
    }
},
{
    "model": "spec.exampledocumentelement",
    "pk": 41,
    "fields": {
        "example": 4,
        "element_name": "note"
    }
},
{
    "model": "spec.exampledocumentelement",
    "pk": 42,
    "fields": {
        "example": 4,
        "element_name": "part"
    }
},
{
    "model": "spec.exampledocumentelement",
    "pk": 43,
    "fields": {
        "example": 4,
        "element_name": "directions"
    }
},
{
    "model": "spec.exampledocumentelement",
    "pk": 44,
    "fields": {
        "example": 4,
        "element_name": "part-name"
    }
},
{
    "model": "spec.exampledocumentelement",
    "pk": 45,
    "fields": {
        "example": 4,
        "element_name": "event"
    }
},
{
    "model": "spec.exampledocumentelement",
    "pk": 46,
    "fields": {
        "example": 5,
        "element_name": "measure"
    }
},
{
    "model": "spec.exampledocumentelement",
    "pk": 47,
    "fields": {
        "example": 5,
        "element_name": "sequence"
    }
},
{
    "model": "spec.exampledocumentelement",
    "pk": 48,
    "fields": {
        "example": 5,
        "element_name": "mnx"
    }
},
{
    "model": "spec.exampledocumentelement",
    "pk": 49,
    "fields": {
        "example": 5,
        "element_name": "key"
    }
},
{
    "model": "spec.exampledocumentelement",
    "pk": 50,
    "fields": {
        "example": 5,
        "element_name": "time"
    }
},
{
    "model": "spec.exampledocumentelement",
    "pk": 51,
    "fields": {
        "example": 5,
        "element_name": "global"
    }
},
{
    "model": "spec.exampledocumentelement",
    "pk": 52,
    "fields": {
        "example": 5,
        "element_name": "clef"
    }
},
{
    "model": "spec.exampledocumentelement",
    "pk": 53,
    "fields": {
        "example": 5,
        "element_name": "note"
    }
},
{
    "model": "spec.exampledocumentelement",
    "pk": 54,
    "fields": {
        "example": 5,
        "element_name": "part"
    }
},
{
    "model": "spec.exampledocumentelement",
    "pk": 55,
    "fields": {
        "example": 5,
        "element_name": "directions"
    }
},
{
    "model": "spec.exampledocumentelement",
    "pk": 56,
    "fields": {
        "example": 5,
        "element_name": "part-name"
    }
},
{
    "model": "spec.exampledocumentelement",
    "pk": 57,
    "fields": {
        "example": 5,
        "element_name": "event"
    }
},
{
    "model": "spec.exampledocumentelement",
    "pk": 58,
    "fields": {
        "example": 6,
        "element_name": "measure"
    }
},
{
    "model": "spec.exampledocumentelement",
    "pk": 59,
    "fields": {
        "example": 6,
        "element_name": "sequence"
    }
},
{
    "model": "spec.exampledocumentelement",
    "pk": 60,
    "fields": {
        "example": 6,
        "element_name": "mnx"
    }
},
{
    "model": "spec.exampledocumentelement",
    "pk": 61,
    "fields": {
        "example": 6,
        "element_name": "key"
    }
},
{
    "model": "spec.exampledocumentelement",
    "pk": 62,
    "fields": {
        "example": 6,
        "element_name": "time"
    }
},
{
    "model": "spec.exampledocumentelement",
    "pk": 63,
    "fields": {
        "example": 6,
        "element_name": "global"
    }
},
{
    "model": "spec.exampledocumentelement",
    "pk": 64,
    "fields": {
        "example": 6,
        "element_name": "clef"
    }
},
{
    "model": "spec.exampledocumentelement",
    "pk": 65,
    "fields": {
        "example": 6,
        "element_name": "note"
    }
},
{
    "model": "spec.exampledocumentelement",
    "pk": 66,
    "fields": {
        "example": 6,
        "element_name": "part"
    }
},
{
    "model": "spec.exampledocumentelement",
    "pk": 67,
    "fields": {
        "example": 6,
        "element_name": "directions"
    }
},
{
    "model": "spec.exampledocumentelement",
    "pk": 68,
    "fields": {
        "example": 6,
        "element_name": "part-name"
    }
},
{
    "model": "spec.exampledocumentelement",
    "pk": 69,
    "fields": {
        "example": 6,
        "element_name": "event"
    }
},
{
    "model": "spec.exampledocumentelement",
    "pk": 70,
    "fields": {
        "example": 7,
        "element_name": "measure"
    }
},
{
    "model": "spec.exampledocumentelement",
    "pk": 71,
    "fields": {
        "example": 7,
        "element_name": "sequence"
    }
},
{
    "model": "spec.exampledocumentelement",
    "pk": 72,
    "fields": {
        "example": 7,
        "element_name": "mnx"
    }
},
{
    "model": "spec.exampledocumentelement",
    "pk": 73,
    "fields": {
        "example": 7,
        "element_name": "time"
    }
},
{
    "model": "spec.exampledocumentelement",
    "pk": 74,
    "fields": {
        "example": 7,
        "element_name": "global"
    }
},
{
    "model": "spec.exampledocumentelement",
    "pk": 75,
    "fields": {
        "example": 7,
        "element_name": "clef"
    }
},
{
    "model": "spec.exampledocumentelement",
    "pk": 76,
    "fields": {
        "example": 7,
        "element_name": "note"
    }
},
{
    "model": "spec.exampledocumentelement",
    "pk": 77,
    "fields": {
        "example": 7,
        "element_name": "part"
    }
},
{
    "model": "spec.exampledocumentelement",
    "pk": 78,
    "fields": {
        "example": 7,
        "element_name": "directions"
    }
},
{
    "model": "spec.exampledocumentelement",
    "pk": 79,
    "fields": {
        "example": 7,
        "element_name": "part-name"
    }
},
{
    "model": "spec.exampledocumentelement",
    "pk": 80,
    "fields": {
        "example": 7,
        "element_name": "event"
    }
},
{
    "model": "spec.exampledocumentelement",
    "pk": 81,
    "fields": {
        "example": 8,
        "element_name": "measure"
    }
},
{
    "model": "spec.exampledocumentelement",
    "pk": 82,
    "fields": {
        "example": 8,
        "element_name": "sequence"
    }
},
{
    "model": "spec.exampledocumentelement",
    "pk": 83,
    "fields": {
        "example": 8,
        "element_name": "mnx"
    }
},
{
    "model": "spec.exampledocumentelement",
    "pk": 84,
    "fields": {
        "example": 8,
        "element_name": "tied"
    }
},
{
    "model": "spec.exampledocumentelement",
    "pk": 85,
    "fields": {
        "example": 8,
        "element_name": "time"
    }
},
{
    "model": "spec.exampledocumentelement",
    "pk": 86,
    "fields": {
        "example": 8,
        "element_name": "global"
    }
},
{
    "model": "spec.exampledocumentelement",
    "pk": 87,
    "fields": {
        "example": 8,
        "element_name": "clef"
    }
},
{
    "model": "spec.exampledocumentelement",
    "pk": 88,
    "fields": {
        "example": 8,
        "element_name": "note"
    }
},
{
    "model": "spec.exampledocumentelement",
    "pk": 89,
    "fields": {
        "example": 8,
        "element_name": "part"
    }
},
{
    "model": "spec.exampledocumentelement",
    "pk": 90,
    "fields": {
        "example": 8,
        "element_name": "directions"
    }
},
{
    "model": "spec.exampledocumentelement",
    "pk": 91,
    "fields": {
        "example": 8,
        "element_name": "part-name"
    }
},
{
    "model": "spec.exampledocumentelement",
    "pk": 92,
    "fields": {
        "example": 8,
        "element_name": "event"
    }
},
{
    "model": "spec.exampledocumentelement",
    "pk": 93,
    "fields": {
        "example": 9,
        "element_name": "measure"
    }
},
{
    "model": "spec.exampledocumentelement",
    "pk": 94,
    "fields": {
        "example": 9,
        "element_name": "sequence"
    }
},
{
    "model": "spec.exampledocumentelement",
    "pk": 95,
    "fields": {
        "example": 9,
        "element_name": "beams"
    }
},
{
    "model": "spec.exampledocumentelement",
    "pk": 96,
    "fields": {
        "example": 9,
        "element_name": "beam"
    }
},
{
    "model": "spec.exampledocumentelement",
    "pk": 97,
    "fields": {
        "example": 9,
        "element_name": "mnx"
    }
},
{
    "model": "spec.exampledocumentelement",
    "pk": 98,
    "fields": {
        "example": 9,
        "element_name": "time"
    }
},
{
    "model": "spec.exampledocumentelement",
    "pk": 99,
    "fields": {
        "example": 9,
        "element_name": "global"
    }
},
{
    "model": "spec.exampledocumentelement",
    "pk": 100,
    "fields": {
        "example": 9,
        "element_name": "rest"
    }
},
{
    "model": "spec.exampledocumentelement",
    "pk": 101,
    "fields": {
        "example": 9,
        "element_name": "clef"
    }
},
{
    "model": "spec.exampledocumentelement",
    "pk": 102,
    "fields": {
        "example": 9,
        "element_name": "note"
    }
},
{
    "model": "spec.exampledocumentelement",
    "pk": 103,
    "fields": {
        "example": 9,
        "element_name": "part"
    }
},
{
    "model": "spec.exampledocumentelement",
    "pk": 104,
    "fields": {
        "example": 9,
        "element_name": "directions"
    }
},
{
    "model": "spec.exampledocumentelement",
    "pk": 105,
    "fields": {
        "example": 9,
        "element_name": "part-name"
    }
},
{
    "model": "spec.exampledocumentelement",
    "pk": 106,
    "fields": {
        "example": 9,
        "element_name": "event"
    }
},
{
    "model": "spec.exampledocumentelement",
    "pk": 107,
    "fields": {
        "example": 10,
        "element_name": "measure"
    }
},
{
    "model": "spec.exampledocumentelement",
    "pk": 108,
    "fields": {
        "example": 10,
        "element_name": "sequence"
    }
},
{
    "model": "spec.exampledocumentelement",
    "pk": 109,
    "fields": {
        "example": 10,
        "element_name": "beams"
    }
},
{
    "model": "spec.exampledocumentelement",
    "pk": 110,
    "fields": {
        "example": 10,
        "element_name": "beam"
    }
},
{
    "model": "spec.exampledocumentelement",
    "pk": 111,
    "fields": {
        "example": 10,
        "element_name": "mnx"
    }
},
{
    "model": "spec.exampledocumentelement",
    "pk": 112,
    "fields": {
        "example": 10,
        "element_name": "time"
    }
},
{
    "model": "spec.exampledocumentelement",
    "pk": 113,
    "fields": {
        "example": 10,
        "element_name": "global"
    }
},
{
    "model": "spec.exampledocumentelement",
    "pk": 114,
    "fields": {
        "example": 10,
        "element_name": "rest"
    }
},
{
    "model": "spec.exampledocumentelement",
    "pk": 115,
    "fields": {
        "example": 10,
        "element_name": "clef"
    }
},
{
    "model": "spec.exampledocumentelement",
    "pk": 116,
    "fields": {
        "example": 10,
        "element_name": "note"
    }
},
{
    "model": "spec.exampledocumentelement",
    "pk": 117,
    "fields": {
        "example": 10,
        "element_name": "part"
    }
},
{
    "model": "spec.exampledocumentelement",
    "pk": 118,
    "fields": {
        "example": 10,
        "element_name": "directions"
    }
},
{
    "model": "spec.exampledocumentelement",
    "pk": 119,
    "fields": {
        "example": 10,
        "element_name": "part-name"
    }
},
{
    "model": "spec.exampledocumentelement",
    "pk": 120,
    "fields": {
        "example": 10,
        "element_name": "event"
    }
},
{
    "model": "spec.exampledocumentelement",
    "pk": 121,
    "fields": {
        "example": 11,
        "element_name": "measure"
    }
},
{
    "model": "spec.exampledocumentelement",
    "pk": 122,
    "fields": {
        "example": 11,
        "element_name": "sequence"
    }
},
{
    "model": "spec.exampledocumentelement",
    "pk": 123,
    "fields": {
        "example": 11,
        "element_name": "beams"
    }
},
{
    "model": "spec.exampledocumentelement",
    "pk": 124,
    "fields": {
        "example": 11,
        "element_name": "beam"
    }
},
{
    "model": "spec.exampledocumentelement",
    "pk": 125,
    "fields": {
        "example": 11,
        "element_name": "mnx"
    }
},
{
    "model": "spec.exampledocumentelement",
    "pk": 126,
    "fields": {
        "example": 11,
        "element_name": "time"
    }
},
{
    "model": "spec.exampledocumentelement",
    "pk": 127,
    "fields": {
        "example": 11,
        "element_name": "global"
    }
},
{
    "model": "spec.exampledocumentelement",
    "pk": 128,
    "fields": {
        "example": 11,
        "element_name": "clef"
    }
},
{
    "model": "spec.exampledocumentelement",
    "pk": 129,
    "fields": {
        "example": 11,
        "element_name": "note"
    }
},
{
    "model": "spec.exampledocumentelement",
    "pk": 130,
    "fields": {
        "example": 11,
        "element_name": "beam-hook"
    }
},
{
    "model": "spec.exampledocumentelement",
    "pk": 131,
    "fields": {
        "example": 11,
        "element_name": "part"
    }
},
{
    "model": "spec.exampledocumentelement",
    "pk": 132,
    "fields": {
        "example": 11,
        "element_name": "directions"
    }
},
{
    "model": "spec.exampledocumentelement",
    "pk": 133,
    "fields": {
        "example": 11,
        "element_name": "part-name"
    }
},
{
    "model": "spec.exampledocumentelement",
    "pk": 134,
    "fields": {
        "example": 11,
        "element_name": "event"
    }
},
{
    "model": "spec.exampledocumentelement",
    "pk": 135,
    "fields": {
        "example": 12,
        "element_name": "measure"
    }
},
{
    "model": "spec.exampledocumentelement",
    "pk": 136,
    "fields": {
        "example": 12,
        "element_name": "sequence"
    }
},
{
    "model": "spec.exampledocumentelement",
    "pk": 137,
    "fields": {
        "example": 12,
        "element_name": "beams"
    }
},
{
    "model": "spec.exampledocumentelement",
    "pk": 138,
    "fields": {
        "example": 12,
        "element_name": "beam"
    }
},
{
    "model": "spec.exampledocumentelement",
    "pk": 139,
    "fields": {
        "example": 12,
        "element_name": "mnx"
    }
},
{
    "model": "spec.exampledocumentelement",
    "pk": 140,
    "fields": {
        "example": 12,
        "element_name": "time"
    }
},
{
    "model": "spec.exampledocumentelement",
    "pk": 141,
    "fields": {
        "example": 12,
        "element_name": "global"
    }
},
{
    "model": "spec.exampledocumentelement",
    "pk": 142,
    "fields": {
        "example": 12,
        "element_name": "rest"
    }
},
{
    "model": "spec.exampledocumentelement",
    "pk": 143,
    "fields": {
        "example": 12,
        "element_name": "clef"
    }
},
{
    "model": "spec.exampledocumentelement",
    "pk": 144,
    "fields": {
        "example": 12,
        "element_name": "note"
    }
},
{
    "model": "spec.exampledocumentelement",
    "pk": 145,
    "fields": {
        "example": 12,
        "element_name": "part"
    }
},
{
    "model": "spec.exampledocumentelement",
    "pk": 146,
    "fields": {
        "example": 12,
        "element_name": "directions"
    }
},
{
    "model": "spec.exampledocumentelement",
    "pk": 147,
    "fields": {
        "example": 12,
        "element_name": "part-name"
    }
},
{
    "model": "spec.exampledocumentelement",
    "pk": 148,
    "fields": {
        "example": 12,
        "element_name": "event"
    }
},
{
    "model": "spec.exampledocumentelement",
    "pk": 149,
    "fields": {
        "example": 13,
        "element_name": "measure"
    }
},
{
    "model": "spec.exampledocumentelement",
    "pk": 150,
    "fields": {
        "example": 13,
        "element_name": "sequence"
    }
},
{
    "model": "spec.exampledocumentelement",
    "pk": 151,
    "fields": {
        "example": 13,
        "element_name": "beams"
    }
},
{
    "model": "spec.exampledocumentelement",
    "pk": 152,
    "fields": {
        "example": 13,
        "element_name": "beam"
    }
},
{
    "model": "spec.exampledocumentelement",
    "pk": 153,
    "fields": {
        "example": 13,
        "element_name": "mnx"
    }
},
{
    "model": "spec.exampledocumentelement",
    "pk": 154,
    "fields": {
        "example": 13,
        "element_name": "time"
    }
},
{
    "model": "spec.exampledocumentelement",
    "pk": 155,
    "fields": {
        "example": 13,
        "element_name": "global"
    }
},
{
    "model": "spec.exampledocumentelement",
    "pk": 156,
    "fields": {
        "example": 13,
        "element_name": "rest"
    }
},
{
    "model": "spec.exampledocumentelement",
    "pk": 157,
    "fields": {
        "example": 13,
        "element_name": "clef"
    }
},
{
    "model": "spec.exampledocumentelement",
    "pk": 158,
    "fields": {
        "example": 13,
        "element_name": "note"
    }
},
{
    "model": "spec.exampledocumentelement",
    "pk": 159,
    "fields": {
        "example": 13,
        "element_name": "part"
    }
},
{
    "model": "spec.exampledocumentelement",
    "pk": 160,
    "fields": {
        "example": 13,
        "element_name": "directions"
    }
},
{
    "model": "spec.exampledocumentelement",
    "pk": 161,
    "fields": {
        "example": 13,
        "element_name": "part-name"
    }
},
{
    "model": "spec.exampledocumentelement",
    "pk": 162,
    "fields": {
        "example": 13,
        "element_name": "event"
    }
},
{
    "model": "spec.exampledocumentelement",
    "pk": 163,
    "fields": {
        "example": 14,
        "element_name": "measure"
    }
},
{
    "model": "spec.exampledocumentelement",
    "pk": 164,
    "fields": {
        "example": 14,
        "element_name": "sequence"
    }
},
{
    "model": "spec.exampledocumentelement",
    "pk": 165,
    "fields": {
        "example": 14,
        "element_name": "beams"
    }
},
{
    "model": "spec.exampledocumentelement",
    "pk": 166,
    "fields": {
        "example": 14,
        "element_name": "beam"
    }
},
{
    "model": "spec.exampledocumentelement",
    "pk": 167,
    "fields": {
        "example": 14,
        "element_name": "tuplet"
    }
},
{
    "model": "spec.exampledocumentelement",
    "pk": 168,
    "fields": {
        "example": 14,
        "element_name": "mnx"
    }
},
{
    "model": "spec.exampledocumentelement",
    "pk": 169,
    "fields": {
        "example": 14,
        "element_name": "time"
    }
},
{
    "model": "spec.exampledocumentelement",
    "pk": 170,
    "fields": {
        "example": 14,
        "element_name": "global"
    }
},
{
    "model": "spec.exampledocumentelement",
    "pk": 171,
    "fields": {
        "example": 14,
        "element_name": "clef"
    }
},
{
    "model": "spec.exampledocumentelement",
    "pk": 172,
    "fields": {
        "example": 14,
        "element_name": "note"
    }
},
{
    "model": "spec.exampledocumentelement",
    "pk": 173,
    "fields": {
        "example": 14,
        "element_name": "part"
    }
},
{
    "model": "spec.exampledocumentelement",
    "pk": 174,
    "fields": {
        "example": 14,
        "element_name": "directions"
    }
},
{
    "model": "spec.exampledocumentelement",
    "pk": 175,
    "fields": {
        "example": 14,
        "element_name": "part-name"
    }
},
{
    "model": "spec.exampledocumentelement",
    "pk": 176,
    "fields": {
        "example": 14,
        "element_name": "event"
    }
},
{
    "model": "spec.exampledocumentelement",
    "pk": 177,
    "fields": {
        "example": 15,
        "element_name": "measure"
    }
},
{
    "model": "spec.exampledocumentelement",
    "pk": 178,
    "fields": {
        "example": 15,
        "element_name": "sequence"
    }
},
{
    "model": "spec.exampledocumentelement",
    "pk": 179,
    "fields": {
        "example": 15,
        "element_name": "mnx"
    }
},
{
    "model": "spec.exampledocumentelement",
    "pk": 180,
    "fields": {
        "example": 15,
        "element_name": "time"
    }
},
{
    "model": "spec.exampledocumentelement",
    "pk": 181,
    "fields": {
        "example": 15,
        "element_name": "global"
    }
},
{
    "model": "spec.exampledocumentelement",
    "pk": 182,
    "fields": {
        "example": 15,
        "element_name": "clef"
    }
},
{
    "model": "spec.exampledocumentelement",
    "pk": 183,
    "fields": {
        "example": 15,
        "element_name": "note"
    }
},
{
    "model": "spec.exampledocumentelement",
    "pk": 184,
    "fields": {
        "example": 15,
        "element_name": "part"
    }
},
{
    "model": "spec.exampledocumentelement",
    "pk": 185,
    "fields": {
        "example": 15,
        "element_name": "directions"
    }
},
{
    "model": "spec.exampledocumentelement",
    "pk": 186,
    "fields": {
        "example": 15,
        "element_name": "part-name"
    }
},
{
    "model": "spec.exampledocumentelement",
    "pk": 187,
    "fields": {
        "example": 15,
        "element_name": "event"
    }
},
{
    "model": "spec.exampledocumentelement",
    "pk": 188,
    "fields": {
        "example": 16,
        "element_name": "octave-shift"
    }
},
{
    "model": "spec.exampledocumentelement",
    "pk": 189,
    "fields": {
        "example": 16,
        "element_name": "measure"
    }
},
{
    "model": "spec.exampledocumentelement",
    "pk": 190,
    "fields": {
        "example": 16,
        "element_name": "sequence"
    }
},
{
    "model": "spec.exampledocumentelement",
    "pk": 191,
    "fields": {
        "example": 16,
        "element_name": "mnx"
    }
},
{
    "model": "spec.exampledocumentelement",
    "pk": 192,
    "fields": {
        "example": 16,
        "element_name": "time"
    }
},
{
    "model": "spec.exampledocumentelement",
    "pk": 193,
    "fields": {
        "example": 16,
        "element_name": "global"
    }
},
{
    "model": "spec.exampledocumentelement",
    "pk": 194,
    "fields": {
        "example": 16,
        "element_name": "clef"
    }
},
{
    "model": "spec.exampledocumentelement",
    "pk": 195,
    "fields": {
        "example": 16,
        "element_name": "note"
    }
},
{
    "model": "spec.exampledocumentelement",
    "pk": 196,
    "fields": {
        "example": 16,
        "element_name": "part"
    }
},
{
    "model": "spec.exampledocumentelement",
    "pk": 197,
    "fields": {
        "example": 16,
        "element_name": "directions"
    }
},
{
    "model": "spec.exampledocumentelement",
    "pk": 198,
    "fields": {
        "example": 16,
        "element_name": "part-name"
    }
},
{
    "model": "spec.exampledocumentelement",
    "pk": 199,
    "fields": {
        "example": 16,
        "element_name": "event"
    }
},
{
    "model": "spec.exampledocumentelement",
    "pk": 200,
    "fields": {
        "example": 17,
        "element_name": "slur"
    }
},
{
    "model": "spec.exampledocumentelement",
    "pk": 201,
    "fields": {
        "example": 17,
        "element_name": "measure"
    }
},
{
    "model": "spec.exampledocumentelement",
    "pk": 202,
    "fields": {
        "example": 17,
        "element_name": "sequence"
    }
},
{
    "model": "spec.exampledocumentelement",
    "pk": 203,
    "fields": {
        "example": 17,
        "element_name": "mnx"
    }
},
{
    "model": "spec.exampledocumentelement",
    "pk": 204,
    "fields": {
        "example": 17,
        "element_name": "time"
    }
},
{
    "model": "spec.exampledocumentelement",
    "pk": 205,
    "fields": {
        "example": 17,
        "element_name": "global"
    }
},
{
    "model": "spec.exampledocumentelement",
    "pk": 206,
    "fields": {
        "example": 17,
        "element_name": "clef"
    }
},
{
    "model": "spec.exampledocumentelement",
    "pk": 207,
    "fields": {
        "example": 17,
        "element_name": "note"
    }
},
{
    "model": "spec.exampledocumentelement",
    "pk": 208,
    "fields": {
        "example": 17,
        "element_name": "part"
    }
},
{
    "model": "spec.exampledocumentelement",
    "pk": 209,
    "fields": {
        "example": 17,
        "element_name": "directions"
    }
},
{
    "model": "spec.exampledocumentelement",
    "pk": 210,
    "fields": {
        "example": 17,
        "element_name": "part-name"
    }
},
{
    "model": "spec.exampledocumentelement",
    "pk": 211,
    "fields": {
        "example": 17,
        "element_name": "event"
    }
},
{
    "model": "spec.exampledocumentelement",
    "pk": 212,
    "fields": {
        "example": 18,
        "element_name": "slur"
    }
},
{
    "model": "spec.exampledocumentelement",
    "pk": 213,
    "fields": {
        "example": 18,
        "element_name": "measure"
    }
},
{
    "model": "spec.exampledocumentelement",
    "pk": 214,
    "fields": {
        "example": 18,
        "element_name": "sequence"
    }
},
{
    "model": "spec.exampledocumentelement",
    "pk": 215,
    "fields": {
        "example": 18,
        "element_name": "mnx"
    }
},
{
    "model": "spec.exampledocumentelement",
    "pk": 216,
    "fields": {
        "example": 18,
        "element_name": "time"
    }
},
{
    "model": "spec.exampledocumentelement",
    "pk": 217,
    "fields": {
        "example": 18,
        "element_name": "global"
    }
},
{
    "model": "spec.exampledocumentelement",
    "pk": 218,
    "fields": {
        "example": 18,
        "element_name": "clef"
    }
},
{
    "model": "spec.exampledocumentelement",
    "pk": 219,
    "fields": {
        "example": 18,
        "element_name": "note"
    }
},
{
    "model": "spec.exampledocumentelement",
    "pk": 220,
    "fields": {
        "example": 18,
        "element_name": "part"
    }
},
{
    "model": "spec.exampledocumentelement",
    "pk": 221,
    "fields": {
        "example": 18,
        "element_name": "directions"
    }
},
{
    "model": "spec.exampledocumentelement",
    "pk": 222,
    "fields": {
        "example": 18,
        "element_name": "part-name"
    }
},
{
    "model": "spec.exampledocumentelement",
    "pk": 223,
    "fields": {
        "example": 18,
        "element_name": "event"
    }
},
{
    "model": "spec.exampledocumentelement",
    "pk": 224,
    "fields": {
        "example": 19,
        "element_name": "slur"
    }
},
{
    "model": "spec.exampledocumentelement",
    "pk": 225,
    "fields": {
        "example": 19,
        "element_name": "measure"
    }
},
{
    "model": "spec.exampledocumentelement",
    "pk": 226,
    "fields": {
        "example": 19,
        "element_name": "sequence"
    }
},
{
    "model": "spec.exampledocumentelement",
    "pk": 227,
    "fields": {
        "example": 19,
        "element_name": "mnx"
    }
},
{
    "model": "spec.exampledocumentelement",
    "pk": 228,
    "fields": {
        "example": 19,
        "element_name": "time"
    }
},
{
    "model": "spec.exampledocumentelement",
    "pk": 229,
    "fields": {
        "example": 19,
        "element_name": "global"
    }
},
{
    "model": "spec.exampledocumentelement",
    "pk": 230,
    "fields": {
        "example": 19,
        "element_name": "clef"
    }
},
{
    "model": "spec.exampledocumentelement",
    "pk": 231,
    "fields": {
        "example": 19,
        "element_name": "note"
    }
},
{
    "model": "spec.exampledocumentelement",
    "pk": 232,
    "fields": {
        "example": 19,
        "element_name": "part"
    }
},
{
    "model": "spec.exampledocumentelement",
    "pk": 233,
    "fields": {
        "example": 19,
        "element_name": "directions"
    }
},
{
    "model": "spec.exampledocumentelement",
    "pk": 234,
    "fields": {
        "example": 19,
        "element_name": "part-name"
    }
},
{
    "model": "spec.exampledocumentelement",
    "pk": 235,
    "fields": {
        "example": 19,
        "element_name": "event"
    }
},
{
    "model": "spec.exampledocumentelement",
    "pk": 236,
    "fields": {
        "example": 20,
        "element_name": "slur"
    }
},
{
    "model": "spec.exampledocumentelement",
    "pk": 237,
    "fields": {
        "example": 20,
        "element_name": "measure"
    }
},
{
    "model": "spec.exampledocumentelement",
    "pk": 238,
    "fields": {
        "example": 20,
        "element_name": "sequence"
    }
},
{
    "model": "spec.exampledocumentelement",
    "pk": 239,
    "fields": {
        "example": 20,
        "element_name": "mnx"
    }
},
{
    "model": "spec.exampledocumentelement",
    "pk": 240,
    "fields": {
        "example": 20,
        "element_name": "time"
    }
},
{
    "model": "spec.exampledocumentelement",
    "pk": 241,
    "fields": {
        "example": 20,
        "element_name": "global"
    }
},
{
    "model": "spec.exampledocumentelement",
    "pk": 242,
    "fields": {
        "example": 20,
        "element_name": "clef"
    }
},
{
    "model": "spec.exampledocumentelement",
    "pk": 243,
    "fields": {
        "example": 20,
        "element_name": "note"
    }
},
{
    "model": "spec.exampledocumentelement",
    "pk": 244,
    "fields": {
        "example": 20,
        "element_name": "part"
    }
},
{
    "model": "spec.exampledocumentelement",
    "pk": 245,
    "fields": {
        "example": 20,
        "element_name": "directions"
    }
},
{
    "model": "spec.exampledocumentelement",
    "pk": 246,
    "fields": {
        "example": 20,
        "element_name": "part-name"
    }
},
{
    "model": "spec.exampledocumentelement",
    "pk": 247,
    "fields": {
        "example": 20,
        "element_name": "event"
    }
},
{
    "model": "spec.exampledocumentelement",
    "pk": 248,
    "fields": {
        "example": 21,
        "element_name": "measure"
    }
},
{
    "model": "spec.exampledocumentelement",
    "pk": 249,
    "fields": {
        "example": 21,
        "element_name": "sequence"
    }
},
{
    "model": "spec.exampledocumentelement",
    "pk": 250,
    "fields": {
        "example": 21,
        "element_name": "beams"
    }
},
{
    "model": "spec.exampledocumentelement",
    "pk": 251,
    "fields": {
        "example": 21,
        "element_name": "beam"
    }
},
{
    "model": "spec.exampledocumentelement",
    "pk": 252,
    "fields": {
        "example": 21,
        "element_name": "mnx"
    }
},
{
    "model": "spec.exampledocumentelement",
    "pk": 253,
    "fields": {
        "example": 21,
        "element_name": "time"
    }
},
{
    "model": "spec.exampledocumentelement",
    "pk": 254,
    "fields": {
        "example": 21,
        "element_name": "global"
    }
},
{
    "model": "spec.exampledocumentelement",
    "pk": 255,
    "fields": {
        "example": 21,
        "element_name": "rest"
    }
},
{
    "model": "spec.exampledocumentelement",
    "pk": 256,
    "fields": {
        "example": 21,
        "element_name": "clef"
    }
},
{
    "model": "spec.exampledocumentelement",
    "pk": 257,
    "fields": {
        "example": 21,
        "element_name": "note"
    }
},
{
    "model": "spec.exampledocumentelement",
    "pk": 258,
    "fields": {
        "example": 21,
        "element_name": "part"
    }
},
{
    "model": "spec.exampledocumentelement",
    "pk": 259,
    "fields": {
        "example": 21,
        "element_name": "directions"
    }
},
{
    "model": "spec.exampledocumentelement",
    "pk": 260,
    "fields": {
        "example": 21,
        "element_name": "part-name"
    }
},
{
    "model": "spec.exampledocumentelement",
    "pk": 261,
    "fields": {
        "example": 21,
        "element_name": "event"
    }
},
{
    "model": "spec.exampledocumentelement",
    "pk": 262,
    "fields": {
        "example": 22,
        "element_name": "measure"
    }
},
{
    "model": "spec.exampledocumentelement",
    "pk": 263,
    "fields": {
        "example": 22,
        "element_name": "sequence"
    }
},
{
    "model": "spec.exampledocumentelement",
    "pk": 264,
    "fields": {
        "example": 22,
        "element_name": "repeat"
    }
},
{
    "model": "spec.exampledocumentelement",
    "pk": 265,
    "fields": {
        "example": 22,
        "element_name": "mnx"
    }
},
{
    "model": "spec.exampledocumentelement",
    "pk": 266,
    "fields": {
        "example": 22,
        "element_name": "time"
    }
},
{
    "model": "spec.exampledocumentelement",
    "pk": 267,
    "fields": {
        "example": 22,
        "element_name": "global"
    }
},
{
    "model": "spec.exampledocumentelement",
    "pk": 268,
    "fields": {
        "example": 22,
        "element_name": "clef"
    }
},
{
    "model": "spec.exampledocumentelement",
    "pk": 269,
    "fields": {
        "example": 22,
        "element_name": "note"
    }
},
{
    "model": "spec.exampledocumentelement",
    "pk": 270,
    "fields": {
        "example": 22,
        "element_name": "part"
    }
},
{
    "model": "spec.exampledocumentelement",
    "pk": 271,
    "fields": {
        "example": 22,
        "element_name": "directions"
    }
},
{
    "model": "spec.exampledocumentelement",
    "pk": 272,
    "fields": {
        "example": 22,
        "element_name": "part-name"
    }
},
{
    "model": "spec.exampledocumentelement",
    "pk": 273,
    "fields": {
        "example": 22,
        "element_name": "event"
    }
},
{
    "model": "spec.exampledocumentelement",
    "pk": 274,
    "fields": {
        "example": 23,
        "element_name": "measure"
    }
},
{
    "model": "spec.exampledocumentelement",
    "pk": 275,
    "fields": {
        "example": 23,
        "element_name": "sequence"
    }
},
{
    "model": "spec.exampledocumentelement",
    "pk": 276,
    "fields": {
        "example": 23,
        "element_name": "repeat"
    }
},
{
    "model": "spec.exampledocumentelement",
    "pk": 277,
    "fields": {
        "example": 23,
        "element_name": "mnx"
    }
},
{
    "model": "spec.exampledocumentelement",
    "pk": 278,
    "fields": {
        "example": 23,
        "element_name": "time"
    }
},
{
    "model": "spec.exampledocumentelement",
    "pk": 279,
    "fields": {
        "example": 23,
        "element_name": "global"
    }
},
{
    "model": "spec.exampledocumentelement",
    "pk": 280,
    "fields": {
        "example": 23,
        "element_name": "clef"
    }
},
{
    "model": "spec.exampledocumentelement",
    "pk": 281,
    "fields": {
        "example": 23,
        "element_name": "note"
    }
},
{
    "model": "spec.exampledocumentelement",
    "pk": 282,
    "fields": {
        "example": 23,
        "element_name": "part"
    }
},
{
    "model": "spec.exampledocumentelement",
    "pk": 283,
    "fields": {
        "example": 23,
        "element_name": "directions"
    }
},
{
    "model": "spec.exampledocumentelement",
    "pk": 284,
    "fields": {
        "example": 23,
        "element_name": "part-name"
    }
},
{
    "model": "spec.exampledocumentelement",
    "pk": 285,
    "fields": {
        "example": 23,
        "element_name": "event"
    }
},
{
    "model": "spec.exampledocumentelement",
    "pk": 286,
    "fields": {
        "example": 24,
        "element_name": "measure"
    }
},
{
    "model": "spec.exampledocumentelement",
    "pk": 287,
    "fields": {
        "example": 24,
        "element_name": "sequence"
    }
},
{
    "model": "spec.exampledocumentelement",
    "pk": 288,
    "fields": {
        "example": 24,
        "element_name": "repeat"
    }
},
{
    "model": "spec.exampledocumentelement",
    "pk": 289,
    "fields": {
        "example": 24,
        "element_name": "mnx"
    }
},
{
    "model": "spec.exampledocumentelement",
    "pk": 290,
    "fields": {
        "example": 24,
        "element_name": "time"
    }
},
{
    "model": "spec.exampledocumentelement",
    "pk": 291,
    "fields": {
        "example": 24,
        "element_name": "global"
    }
},
{
    "model": "spec.exampledocumentelement",
    "pk": 292,
    "fields": {
        "example": 24,
        "element_name": "clef"
    }
},
{
    "model": "spec.exampledocumentelement",
    "pk": 293,
    "fields": {
        "example": 24,
        "element_name": "note"
    }
},
{
    "model": "spec.exampledocumentelement",
    "pk": 294,
    "fields": {
        "example": 24,
        "element_name": "part"
    }
},
{
    "model": "spec.exampledocumentelement",
    "pk": 295,
    "fields": {
        "example": 24,
        "element_name": "directions"
    }
},
{
    "model": "spec.exampledocumentelement",
    "pk": 296,
    "fields": {
        "example": 24,
        "element_name": "part-name"
    }
},
{
    "model": "spec.exampledocumentelement",
    "pk": 297,
    "fields": {
        "example": 24,
        "element_name": "event"
    }
},
{
    "model": "spec.exampledocumentelement",
    "pk": 298,
    "fields": {
        "example": 25,
        "element_name": "measure"
    }
},
{
    "model": "spec.exampledocumentelement",
    "pk": 299,
    "fields": {
        "example": 25,
        "element_name": "ending"
    }
},
{
    "model": "spec.exampledocumentelement",
    "pk": 300,
    "fields": {
        "example": 25,
        "element_name": "sequence"
    }
},
{
    "model": "spec.exampledocumentelement",
    "pk": 301,
    "fields": {
        "example": 25,
        "element_name": "repeat"
    }
},
{
    "model": "spec.exampledocumentelement",
    "pk": 302,
    "fields": {
        "example": 25,
        "element_name": "mnx"
    }
},
{
    "model": "spec.exampledocumentelement",
    "pk": 303,
    "fields": {
        "example": 25,
        "element_name": "time"
    }
},
{
    "model": "spec.exampledocumentelement",
    "pk": 304,
    "fields": {
        "example": 25,
        "element_name": "global"
    }
},
{
    "model": "spec.exampledocumentelement",
    "pk": 305,
    "fields": {
        "example": 25,
        "element_name": "clef"
    }
},
{
    "model": "spec.exampledocumentelement",
    "pk": 306,
    "fields": {
        "example": 25,
        "element_name": "note"
    }
},
{
    "model": "spec.exampledocumentelement",
    "pk": 307,
    "fields": {
        "example": 25,
        "element_name": "part"
    }
},
{
    "model": "spec.exampledocumentelement",
    "pk": 308,
    "fields": {
        "example": 25,
        "element_name": "directions"
    }
},
{
    "model": "spec.exampledocumentelement",
    "pk": 309,
    "fields": {
        "example": 25,
        "element_name": "part-name"
    }
},
{
    "model": "spec.exampledocumentelement",
    "pk": 310,
    "fields": {
        "example": 25,
        "element_name": "event"
    }
},
{
    "model": "spec.exampledocumentelement",
    "pk": 311,
    "fields": {
        "example": 26,
        "element_name": "measure"
    }
},
{
    "model": "spec.exampledocumentelement",
    "pk": 312,
    "fields": {
        "example": 26,
        "element_name": "ending"
    }
},
{
    "model": "spec.exampledocumentelement",
    "pk": 313,
    "fields": {
        "example": 26,
        "element_name": "sequence"
    }
},
{
    "model": "spec.exampledocumentelement",
    "pk": 314,
    "fields": {
        "example": 26,
        "element_name": "repeat"
    }
},
{
    "model": "spec.exampledocumentelement",
    "pk": 315,
    "fields": {
        "example": 26,
        "element_name": "mnx"
    }
},
{
    "model": "spec.exampledocumentelement",
    "pk": 316,
    "fields": {
        "example": 26,
        "element_name": "time"
    }
},
{
    "model": "spec.exampledocumentelement",
    "pk": 317,
    "fields": {
        "example": 26,
        "element_name": "global"
    }
},
{
    "model": "spec.exampledocumentelement",
    "pk": 318,
    "fields": {
        "example": 26,
        "element_name": "clef"
    }
},
{
    "model": "spec.exampledocumentelement",
    "pk": 319,
    "fields": {
        "example": 26,
        "element_name": "note"
    }
},
{
    "model": "spec.exampledocumentelement",
    "pk": 320,
    "fields": {
        "example": 26,
        "element_name": "part"
    }
},
{
    "model": "spec.exampledocumentelement",
    "pk": 321,
    "fields": {
        "example": 26,
        "element_name": "directions"
    }
},
{
    "model": "spec.exampledocumentelement",
    "pk": 322,
    "fields": {
        "example": 26,
        "element_name": "part-name"
    }
},
{
    "model": "spec.exampledocumentelement",
    "pk": 323,
    "fields": {
        "example": 26,
        "element_name": "event"
    }
},
{
    "model": "spec.exampledocumentelement",
    "pk": 324,
    "fields": {
        "example": 27,
        "element_name": "measure"
    }
},
{
    "model": "spec.exampledocumentelement",
    "pk": 325,
    "fields": {
        "example": 27,
        "element_name": "sequence"
    }
},
{
    "model": "spec.exampledocumentelement",
    "pk": 326,
    "fields": {
        "example": 27,
        "element_name": "mnx"
    }
},
{
    "model": "spec.exampledocumentelement",
    "pk": 327,
    "fields": {
        "example": 27,
        "element_name": "time"
    }
},
{
    "model": "spec.exampledocumentelement",
    "pk": 328,
    "fields": {
        "example": 27,
        "element_name": "global"
    }
},
{
    "model": "spec.exampledocumentelement",
    "pk": 329,
    "fields": {
        "example": 27,
        "element_name": "segno"
    }
},
{
    "model": "spec.exampledocumentelement",
    "pk": 330,
    "fields": {
        "example": 27,
        "element_name": "clef"
    }
},
{
    "model": "spec.exampledocumentelement",
    "pk": 331,
    "fields": {
        "example": 27,
        "element_name": "note"
    }
},
{
    "model": "spec.exampledocumentelement",
    "pk": 332,
    "fields": {
        "example": 27,
        "element_name": "part"
    }
},
{
    "model": "spec.exampledocumentelement",
    "pk": 333,
    "fields": {
        "example": 27,
        "element_name": "directions"
    }
},
{
    "model": "spec.exampledocumentelement",
    "pk": 334,
    "fields": {
        "example": 27,
        "element_name": "part-name"
    }
},
{
    "model": "spec.exampledocumentelement",
    "pk": 335,
    "fields": {
        "example": 27,
        "element_name": "event"
    }
},
{
    "model": "spec.exampledocumentelement",
    "pk": 336,
    "fields": {
        "example": 27,
        "element_name": "jump"
    }
},
{
    "model": "spec.exampledocumentelement",
    "pk": 337,
    "fields": {
        "example": 28,
        "element_name": "measure"
    }
},
{
    "model": "spec.exampledocumentelement",
    "pk": 338,
    "fields": {
        "example": 28,
        "element_name": "sequence"
    }
},
{
    "model": "spec.exampledocumentelement",
    "pk": 339,
    "fields": {
        "example": 28,
        "element_name": "fine"
    }
},
{
    "model": "spec.exampledocumentelement",
    "pk": 340,
    "fields": {
        "example": 28,
        "element_name": "mnx"
    }
},
{
    "model": "spec.exampledocumentelement",
    "pk": 341,
    "fields": {
        "example": 28,
        "element_name": "time"
    }
},
{
    "model": "spec.exampledocumentelement",
    "pk": 342,
    "fields": {
        "example": 28,
        "element_name": "global"
    }
},
{
    "model": "spec.exampledocumentelement",
    "pk": 343,
    "fields": {
        "example": 28,
        "element_name": "segno"
    }
},
{
    "model": "spec.exampledocumentelement",
    "pk": 344,
    "fields": {
        "example": 28,
        "element_name": "clef"
    }
},
{
    "model": "spec.exampledocumentelement",
    "pk": 345,
    "fields": {
        "example": 28,
        "element_name": "note"
    }
},
{
    "model": "spec.exampledocumentelement",
    "pk": 346,
    "fields": {
        "example": 28,
        "element_name": "part"
    }
},
{
    "model": "spec.exampledocumentelement",
    "pk": 347,
    "fields": {
        "example": 28,
        "element_name": "directions"
    }
},
{
    "model": "spec.exampledocumentelement",
    "pk": 348,
    "fields": {
        "example": 28,
        "element_name": "part-name"
    }
},
{
    "model": "spec.exampledocumentelement",
    "pk": 349,
    "fields": {
        "example": 28,
        "element_name": "event"
    }
},
{
    "model": "spec.exampledocumentelement",
    "pk": 350,
    "fields": {
        "example": 28,
        "element_name": "jump"
    }
},
{
    "model": "spec.exampledocumentelement",
    "pk": 353,
    "fields": {
        "example": 12,
        "element_name": "grace"
    }
},
{
    "model": "spec.elementconcept",
    "pk": 1,
    "fields": {
        "element": 16,
        "concept": 1
    }
},
{
    "model": "spec.elementconcept",
    "pk": 2,
    "fields": {
        "element": 17,
        "concept": 1
    }
},
{
    "model": "spec.elementconcept",
    "pk": 3,
    "fields": {
        "element": 15,
        "concept": 1
    }
},
{
    "model": "spec.elementconcept",
    "pk": 4,
    "fields": {
        "element": 25,
        "concept": 4
    }
},
{
    "model": "spec.elementconcept",
    "pk": 5,
    "fields": {
        "element": 24,
        "concept": 4
    }
},
{
    "model": "spec.elementconcept",
    "pk": 6,
    "fields": {
        "element": 26,
        "concept": 4
    }
},
{
    "model": "spec.elementconcept",
    "pk": 7,
    "fields": {
        "element": 22,
        "concept": 2
    }
},
{
    "model": "spec.elementconcept",
    "pk": 8,
    "fields": {
        "element": 23,
        "concept": 2
    }
},
{
    "model": "spec.elementconcept",
    "pk": 9,
    "fields": {
        "element": 21,
        "concept": 3
    }
}
]
